ダウンロードした時刻：2026/07/10 21:48:31,,
,,
,,さいたま
日付,時間,暑さ指数
2021/4/1,1:00,13.1
2021/4/1,2:00,13
2021/4/1,3:00,10.9
2021/4/1,4:00,11.1
2021/4/1,5:00,10.6
2021/4/1,6:00,10.6
2021/4/1,7:00,10.8
2021/4/1,8:00,11.7
2021/4/1,9:00,14.4
2021/4/1,10:00,15.3
2021/4/1,11:00,16.4
2021/4/1,12:00,17.1
2021/4/1,13:00,18
2021/4/1,14:00,18.6
2021/4/1,15:00,18.9
2021/4/1,16:00,18.5
2021/4/1,17:00,15.7
2021/4/1,18:00,14.1
2021/4/1,19:00,13.6
2021/4/1,20:00,13.1
2021/4/1,21:00,12.4
2021/4/1,22:00,12.1
2021/4/1,23:00,12
2021/4/2,0:00,11.8
2021/4/2,1:00,11.6
2021/4/2,2:00,11.3
2021/4/2,3:00,10.8
2021/4/2,4:00,10.9
2021/4/2,5:00,10.7
2021/4/2,6:00,10.9
2021/4/2,7:00,12
2021/4/2,8:00,12.9
2021/4/2,9:00,13.2
2021/4/2,10:00,13.6
2021/4/2,11:00,14.4
2021/4/2,12:00,15.2
2021/4/2,13:00,15.3
2021/4/2,14:00,15.6
2021/4/2,15:00,15.1
2021/4/2,16:00,15.4
2021/4/2,17:00,14.8
2021/4/2,18:00,13.7
2021/4/2,19:00,13.3
2021/4/2,20:00,13.1
2021/4/2,21:00,13
2021/4/2,22:00,13
2021/4/2,23:00,12.7
2021/4/3,0:00,12.6
2021/4/3,1:00,12.6
2021/4/3,2:00,12.2
2021/4/3,3:00,12.2
2021/4/3,4:00,12.2
2021/4/3,5:00,11.7
2021/4/3,6:00,12.3
2021/4/3,7:00,13.5
2021/4/3,8:00,15.1
2021/4/3,9:00,16.6
2021/4/3,10:00,15.9
2021/4/3,11:00,16.6
2021/4/3,12:00,15.4
2021/4/3,13:00,17.6
2021/4/3,14:00,18
2021/4/3,15:00,17.6
2021/4/3,16:00,17.9
2021/4/3,17:00,16.4
2021/4/3,18:00,14.9
2021/4/3,19:00,14.6
2021/4/3,20:00,14.4
2021/4/3,21:00,14.4
2021/4/3,22:00,14.2
2021/4/3,23:00,14.3
2021/4/4,0:00,14.5
2021/4/4,1:00,14.2
2021/4/4,2:00,14.6
2021/4/4,3:00,13.2
2021/4/4,4:00,12.6
2021/4/4,5:00,12.8
2021/4/4,6:00,13
2021/4/4,7:00,13.6
2021/4/4,8:00,16.2
2021/4/4,9:00,17.3
2021/4/4,10:00,17.7
2021/4/4,11:00,16.4
2021/4/4,12:00,15.8
2021/4/4,13:00,15.4
2021/4/4,14:00,17.4
2021/4/4,15:00,15.7
2021/4/4,16:00,15.7
2021/4/4,17:00,15.4
2021/4/4,18:00,14.9
2021/4/4,19:00,15.4
2021/4/4,20:00,15.6
2021/4/4,21:00,15.8
2021/4/4,22:00,15.5
2021/4/4,23:00,15.2
2021/4/5,0:00,14.9
2021/4/5,1:00,14.8
2021/4/5,2:00,14.9
2021/4/5,3:00,14.8
2021/4/5,4:00,14.7
2021/4/5,5:00,14.5
2021/4/5,6:00,14.7
2021/4/5,7:00,14.3
2021/4/5,8:00,15.1
2021/4/5,9:00,14.8
2021/4/5,10:00,14.8
2021/4/5,11:00,14.1
2021/4/5,12:00,14.5
2021/4/5,13:00,14.1
2021/4/5,14:00,12.2
2021/4/5,15:00,11.5
2021/4/5,16:00,10.5
2021/4/5,17:00,10.1
2021/4/5,18:00,9.2
2021/4/5,19:00,8.8
2021/4/5,20:00,8.4
2021/4/5,21:00,8.2
2021/4/5,22:00,7.5
2021/4/5,23:00,6.5
2021/4/6,0:00,6.7
2021/4/6,1:00,5
2021/4/6,2:00,4.7
2021/4/6,3:00,4.7
2021/4/6,4:00,4.2
2021/4/6,5:00,4.5
2021/4/6,6:00,5.3
2021/4/6,7:00,6.6
2021/4/6,8:00,7.4
2021/4/6,9:00,10.3
2021/4/6,10:00,11.4
2021/4/6,11:00,9.4
2021/4/6,12:00,12.1
2021/4/6,13:00,10.6
2021/4/6,14:00,10.5
2021/4/6,15:00,10.6
2021/4/6,16:00,10.1
2021/4/6,17:00,10
2021/4/6,18:00,9.4
2021/4/6,19:00,8.8
2021/4/6,20:00,8.3
2021/4/6,21:00,8
2021/4/6,22:00,7.9
2021/4/6,23:00,7.6
2021/4/7,0:00,7.2
2021/4/7,1:00,7.2
2021/4/7,2:00,7.2
2021/4/7,3:00,7.2
2021/4/7,4:00,6.7
2021/4/7,5:00,5.9
2021/4/7,6:00,6.4
2021/4/7,7:00,9.6
2021/4/7,8:00,11.9
2021/4/7,9:00,12.1
2021/4/7,10:00,13.2
2021/4/7,11:00,13.3
2021/4/7,12:00,14.6
2021/4/7,13:00,15.4
2021/4/7,14:00,15.7
2021/4/7,15:00,15.9
2021/4/7,16:00,15.9
2021/4/7,17:00,13.8
2021/4/7,18:00,11.4
2021/4/7,19:00,10.6
2021/4/7,20:00,10.3
2021/4/7,21:00,10.3
2021/4/7,22:00,10.3
2021/4/7,23:00,7.7
2021/4/8,0:00,7
2021/4/8,1:00,6.6
2021/4/8,2:00,6.7
2021/4/8,3:00,6.9
2021/4/8,4:00,6.8
2021/4/8,5:00,6.8
2021/4/8,6:00,7
2021/4/8,7:00,9.7
2021/4/8,8:00,11.2
2021/4/8,9:00,12.3
2021/4/8,10:00,13.4
2021/4/8,11:00,14.3
2021/4/8,12:00,15.2
2021/4/8,13:00,16
2021/4/8,14:00,16.4
2021/4/8,15:00,13.5
2021/4/8,16:00,14.2
2021/4/8,17:00,13
2021/4/8,18:00,12
2021/4/8,19:00,12
2021/4/8,20:00,12
2021/4/8,21:00,9.3
2021/4/8,22:00,10.1
2021/4/8,23:00,8.2
2021/4/9,0:00,7.8
2021/4/9,1:00,7.2
2021/4/9,2:00,7.3
2021/4/9,3:00,6.2
2021/4/9,4:00,5.8
2021/4/9,5:00,4.8
2021/4/9,6:00,5.6
2021/4/9,7:00,8
2021/4/9,8:00,9.7
2021/4/9,9:00,10.6
2021/4/9,10:00,11.5
2021/4/9,11:00,12.3
2021/4/9,12:00,12.3
2021/4/9,13:00,10.5
2021/4/9,14:00,10.2
2021/4/9,15:00,10.5
2021/4/9,16:00,10.2
2021/4/9,17:00,9.2
2021/4/9,18:00,7.4
2021/4/9,19:00,6.5
2021/4/9,20:00,5.7
2021/4/9,21:00,4.7
2021/4/9,22:00,4.3
2021/4/9,23:00,4
2021/4/10,0:00,3.6
2021/4/10,1:00,3.6
2021/4/10,2:00,3.4
2021/4/10,3:00,3.1
2021/4/10,4:00,2.6
2021/4/10,5:00,2.5
2021/4/10,6:00,3.7
2021/4/10,7:00,6.1
2021/4/10,8:00,7.3
2021/4/10,9:00,8.7
2021/4/10,10:00,9.3
2021/4/10,11:00,10.5
2021/4/10,12:00,10.4
2021/4/10,13:00,11
2021/4/10,14:00,11.8
2021/4/10,15:00,11.7
2021/4/10,16:00,11.6
2021/4/10,17:00,11.3
2021/4/10,18:00,8.5
2021/4/10,19:00,7.9
2021/4/10,20:00,7.5
2021/4/10,21:00,7.3
2021/4/10,22:00,7.2
2021/4/10,23:00,7
2021/4/11,0:00,5.5
2021/4/11,1:00,5.2
2021/4/11,2:00,4.1
2021/4/11,3:00,3.9
2021/4/11,4:00,3.3
2021/4/11,5:00,3.3
2021/4/11,6:00,4.7
2021/4/11,7:00,6.8
2021/4/11,8:00,9.7
2021/4/11,9:00,11.3
2021/4/11,10:00,12.2
2021/4/11,11:00,12.9
2021/4/11,12:00,13.6
2021/4/11,13:00,14.7
2021/4/11,14:00,14.6
2021/4/11,15:00,14.7
2021/4/11,16:00,14.4
2021/4/11,17:00,13.4
2021/4/11,18:00,11.4
2021/4/11,19:00,11
2021/4/11,20:00,10.9
2021/4/11,21:00,10.3
2021/4/11,22:00,10.2
2021/4/11,23:00,8.8
2021/4/12,0:00,8.8
2021/4/12,1:00,8.4
2021/4/12,2:00,7
2021/4/12,3:00,7.3
2021/4/12,4:00,5.9
2021/4/12,5:00,5.4
2021/4/12,6:00,7
2021/4/12,7:00,9.4
2021/4/12,8:00,12.3
2021/4/12,9:00,14.3
2021/4/12,10:00,15.2
2021/4/12,11:00,15.5
2021/4/12,12:00,15.7
2021/4/12,13:00,16.1
2021/4/12,14:00,17.1
2021/4/12,15:00,16.3
2021/4/12,16:00,15.6
2021/4/12,17:00,13.9
2021/4/12,18:00,12.4
2021/4/12,19:00,11.8
2021/4/12,20:00,11.5
2021/4/12,21:00,11.3
2021/4/12,22:00,11.5
2021/4/12,23:00,11.3
2021/4/13,0:00,11.2
2021/4/13,1:00,11.2
2021/4/13,2:00,12
2021/4/13,3:00,12.5
2021/4/13,4:00,12.2
2021/4/13,5:00,12.2
2021/4/13,6:00,12.6
2021/4/13,7:00,13.3
2021/4/13,8:00,13.3
2021/4/13,9:00,13.7
2021/4/13,10:00,17.2
2021/4/13,11:00,16.5
2021/4/13,12:00,16.8
2021/4/13,13:00,16.5
2021/4/13,14:00,15.7
2021/4/13,15:00,15.9
2021/4/13,16:00,15.5
2021/4/13,17:00,15.9
2021/4/13,18:00,15.7
2021/4/13,19:00,15.4
2021/4/13,20:00,15.7
2021/4/13,21:00,15.7
2021/4/13,22:00,15.3
2021/4/13,23:00,16.7
2021/4/14,0:00,16.5
2021/4/14,1:00,16
2021/4/14,2:00,16.4
2021/4/14,3:00,15.5
2021/4/14,4:00,14.4
2021/4/14,5:00,14.2
2021/4/14,6:00,14.8
2021/4/14,7:00,14.6
2021/4/14,8:00,15.2
2021/4/14,9:00,15.5
2021/4/14,10:00,16
2021/4/14,11:00,17.1
2021/4/14,12:00,18.2
2021/4/14,13:00,18.6
2021/4/14,14:00,19.5
2021/4/14,15:00,17.7
2021/4/14,16:00,15.9
2021/4/14,17:00,14.9
2021/4/14,18:00,12.9
2021/4/14,19:00,11.1
2021/4/14,20:00,10.2
2021/4/14,21:00,9.1
2021/4/14,22:00,9.3
2021/4/14,23:00,7.2
2021/4/15,0:00,6.8
2021/4/15,1:00,6.3
2021/4/15,2:00,6.4
2021/4/15,3:00,5.7
2021/4/15,4:00,5
2021/4/15,5:00,4.6
2021/4/15,6:00,5.7
2021/4/15,7:00,7.4
2021/4/15,8:00,8.3
2021/4/15,9:00,8.7
2021/4/15,10:00,9.6
2021/4/15,11:00,10.6
2021/4/15,12:00,10.8
2021/4/15,13:00,12
2021/4/15,14:00,12.4
2021/4/15,15:00,13.2
2021/4/15,16:00,12.2
2021/4/15,17:00,10.1
2021/4/15,18:00,9.3
2021/4/15,19:00,8.6
2021/4/15,20:00,8.2
2021/4/15,21:00,8.1
2021/4/15,22:00,8.4
2021/4/15,23:00,8.4
2021/4/16,0:00,8.3
2021/4/16,1:00,8.1
2021/4/16,2:00,6.7
2021/4/16,3:00,6.3
2021/4/16,4:00,5.8
2021/4/16,5:00,5.3
2021/4/16,6:00,6.8
2021/4/16,7:00,10.1
2021/4/16,8:00,11.6
2021/4/16,9:00,12.4
2021/4/16,10:00,13.9
2021/4/16,11:00,14.9
2021/4/16,12:00,13.9
2021/4/16,13:00,14.2
2021/4/16,14:00,16
2021/4/16,15:00,16.6
2021/4/16,16:00,14.5
2021/4/16,17:00,13.8
2021/4/16,18:00,12.7
2021/4/16,19:00,12.7
2021/4/16,20:00,13.1
2021/4/16,21:00,12.8
2021/4/16,22:00,13.1
2021/4/16,23:00,13.1
2021/4/17,0:00,12.9
2021/4/17,1:00,12.7
2021/4/17,2:00,12.5
2021/4/17,3:00,12.4
2021/4/17,4:00,12.2
2021/4/17,5:00,11.7
2021/4/17,6:00,12.4
2021/4/17,7:00,13.2
2021/4/17,8:00,13.9
2021/4/17,9:00,13.4
2021/4/17,10:00,14
2021/4/17,11:00,13.6
2021/4/17,12:00,13.7
2021/4/17,13:00,14.8
2021/4/17,14:00,16.8
2021/4/17,15:00,16.6
2021/4/17,16:00,15.5
2021/4/17,17:00,15.3
2021/4/17,18:00,14.8
2021/4/17,19:00,14.7
2021/4/17,20:00,14.4
2021/4/17,21:00,14.5
2021/4/17,22:00,14.6
2021/4/17,23:00,14.7
2021/4/18,0:00,14.4
2021/4/18,1:00,14
2021/4/18,2:00,13.7
2021/4/18,3:00,13
2021/4/18,4:00,12.6
2021/4/18,5:00,12.1
2021/4/18,6:00,12.7
2021/4/18,7:00,14.9
2021/4/18,8:00,15
2021/4/18,9:00,15.2
2021/4/18,10:00,15.2
2021/4/18,11:00,15.9
2021/4/18,12:00,15.5
2021/4/18,13:00,14.8
2021/4/18,14:00,14.2
2021/4/18,15:00,11.5
2021/4/18,16:00,13.3
2021/4/18,17:00,12.4
2021/4/18,18:00,8.9
2021/4/18,19:00,8.2
2021/4/18,20:00,7.1
2021/4/18,21:00,8
2021/4/18,22:00,7.8
2021/4/18,23:00,8
2021/4/19,0:00,7.5
2021/4/19,1:00,7.5
2021/4/19,2:00,6.9
2021/4/19,3:00,6.3
2021/4/19,4:00,5.8
2021/4/19,5:00,6.1
2021/4/19,6:00,7.4
2021/4/19,7:00,9.9
2021/4/19,8:00,11.9
2021/4/19,9:00,12.7
2021/4/19,10:00,13.4
2021/4/19,11:00,14
2021/4/19,12:00,14.2
2021/4/19,13:00,14.5
2021/4/19,14:00,14.7
2021/4/19,15:00,14.9
2021/4/19,16:00,14.9
2021/4/19,17:00,14.1
2021/4/19,18:00,12.4
2021/4/19,19:00,11.4
2021/4/19,20:00,11.7
2021/4/19,21:00,10.8
2021/4/19,22:00,10.3
2021/4/19,23:00,10.5
2021/4/20,0:00,9
2021/4/20,1:00,7.6
2021/4/20,2:00,7.7
2021/4/20,3:00,6.6
2021/4/20,4:00,5.8
2021/4/20,5:00,5.2
2021/4/20,6:00,6.4
2021/4/20,7:00,9.9
2021/4/20,8:00,11.7
2021/4/20,9:00,14.4
2021/4/20,10:00,17.5
2021/4/20,11:00,18.7
2021/4/20,12:00,18.7
2021/4/20,13:00,19.3
2021/4/20,14:00,19.4
2021/4/20,15:00,19.3
2021/4/20,16:00,19
2021/4/20,17:00,18.3
2021/4/20,18:00,15.3
2021/4/20,19:00,14.3
2021/4/20,20:00,13.5
2021/4/20,21:00,12.4
2021/4/20,22:00,11.8
2021/4/20,23:00,10.5
2021/4/21,0:00,10.9
2021/4/21,1:00,9.9
2021/4/21,2:00,11.6
2021/4/21,3:00,10.9
2021/4/21,4:00,9.9
2021/4/21,5:00,8.9
2021/4/21,6:00,10.8
2021/4/21,7:00,13.6
2021/4/21,8:00,14.9
2021/4/21,9:00,17.1
2021/4/21,10:00,18.3
2021/4/21,11:00,18.2
2021/4/21,12:00,18.1
2021/4/21,13:00,19.2
2021/4/21,14:00,19.4
2021/4/21,15:00,19.6
2021/4/21,16:00,18.1
2021/4/21,17:00,17.2
2021/4/21,18:00,14.8
2021/4/21,19:00,13.4
2021/4/21,20:00,11
2021/4/21,21:00,10.8
2021/4/21,22:00,9.7
2021/4/21,23:00,7.8
2021/4/22,0:00,7.4
2021/4/22,1:00,7.5
2021/4/22,2:00,7.3
2021/4/22,3:00,7.4
2021/4/22,4:00,6.7
2021/4/22,5:00,6.3
2021/4/22,6:00,9.7
2021/4/22,7:00,12.1
2021/4/22,8:00,13.4
2021/4/22,9:00,16.3
2021/4/22,10:00,16.5
2021/4/22,11:00,16.7
2021/4/22,12:00,17
2021/4/22,13:00,16.6
2021/4/22,14:00,16.7
2021/4/22,15:00,14.5
2021/4/22,16:00,13.7
2021/4/22,17:00,15.4
2021/4/22,18:00,11.9
2021/4/22,19:00,10.2
2021/4/22,20:00,9.7
2021/4/22,21:00,9.5
2021/4/22,22:00,9.3
2021/4/22,23:00,9
2021/4/23,0:00,8.7
2021/4/23,1:00,8.2
2021/4/23,2:00,7.9
2021/4/23,3:00,7.4
2021/4/23,4:00,7.2
2021/4/23,5:00,6.9
2021/4/23,6:00,7.3
2021/4/23,7:00,9.6
2021/4/23,8:00,10.9
2021/4/23,9:00,12.3
2021/4/23,10:00,13
2021/4/23,11:00,14.3
2021/4/23,12:00,14.5
2021/4/23,13:00,15.2
2021/4/23,14:00,15.4
2021/4/23,15:00,15.3
2021/4/23,16:00,14.4
2021/4/23,17:00,13.5
2021/4/23,18:00,11.5
2021/4/23,19:00,10.1
2021/4/23,20:00,10.1
2021/4/23,21:00,9.9
2021/4/23,22:00,9.7
2021/4/23,23:00,9.5
2021/4/24,0:00,9.5
2021/4/24,1:00,7.6
2021/4/24,2:00,8
2021/4/24,3:00,6.5
2021/4/24,4:00,7.2
2021/4/24,5:00,6.1
2021/4/24,6:00,8.6
2021/4/24,7:00,11
2021/4/24,8:00,12.5
2021/4/24,9:00,14.3
2021/4/24,10:00,15.1
2021/4/24,11:00,15.7
2021/4/24,12:00,16.5
2021/4/24,13:00,17.2
2021/4/24,14:00,17.8
2021/4/24,15:00,17.8
2021/4/24,16:00,17.5
2021/4/24,17:00,16.6
2021/4/24,18:00,13.7
2021/4/24,19:00,12.6
2021/4/24,20:00,12.4
2021/4/24,21:00,12.1
2021/4/24,22:00,12.2
2021/4/24,23:00,12.4
2021/4/25,0:00,12.1
2021/4/25,1:00,11
2021/4/25,2:00,9.6
2021/4/25,3:00,8.8
2021/4/25,4:00,8.4
2021/4/25,5:00,7.9
2021/4/25,6:00,9
2021/4/25,7:00,9.5
2021/4/25,8:00,11.2
2021/4/25,9:00,12.3
2021/4/25,10:00,16
2021/4/25,11:00,17.9
2021/4/25,12:00,19
2021/4/25,13:00,19.9
2021/4/25,14:00,17.2
2021/4/25,15:00,16.5
2021/4/25,16:00,17.1
2021/4/25,17:00,18.4
2021/4/25,18:00,14.1
2021/4/25,19:00,12.5
2021/4/25,20:00,10.9
2021/4/25,21:00,10
2021/4/25,22:00,8.4
2021/4/25,23:00,6.8
2021/4/26,0:00,6.5
2021/4/26,1:00,5.5
2021/4/26,2:00,5
2021/4/26,3:00,5
2021/4/26,4:00,3.8
2021/4/26,5:00,4.5
2021/4/26,6:00,6.4
2021/4/26,7:00,8.4
2021/4/26,8:00,9.9
2021/4/26,9:00,10.8
2021/4/26,10:00,11.1
2021/4/26,11:00,11.6
2021/4/26,12:00,12.2
2021/4/26,13:00,12.9
2021/4/26,14:00,12.8
2021/4/26,15:00,12.6
2021/4/26,16:00,12.3
2021/4/26,17:00,12.1
2021/4/26,18:00,10.8
2021/4/26,19:00,9.5
2021/4/26,20:00,8
2021/4/26,21:00,7.5
2021/4/26,22:00,6.4
2021/4/26,23:00,6.6
2021/4/27,0:00,5.6
2021/4/27,1:00,6.2
2021/4/27,2:00,5.3
2021/4/27,3:00,4.6
2021/4/27,4:00,4.8
2021/4/27,5:00,3.8
2021/4/27,6:00,5.6
2021/4/27,7:00,8.1
2021/4/27,8:00,9.7
2021/4/27,9:00,12
2021/4/27,10:00,12.7
2021/4/27,11:00,14.6
2021/4/27,12:00,15.8
2021/4/27,13:00,17.1
2021/4/27,14:00,17.2
2021/4/27,15:00,15.4
2021/4/27,16:00,15.6
2021/4/27,17:00,16.8
2021/4/27,18:00,14.5
2021/4/27,19:00,13.7
2021/4/27,20:00,13.5
2021/4/27,21:00,13.4
2021/4/27,22:00,12.5
2021/4/27,23:00,12.5
2021/4/28,0:00,10.5
2021/4/28,1:00,9.6
2021/4/28,2:00,9.4
2021/4/28,3:00,10.1
2021/4/28,4:00,9.2
2021/4/28,5:00,9.2
2021/4/28,6:00,11.1
2021/4/28,7:00,13.1
2021/4/28,8:00,15.3
2021/4/28,9:00,16.8
2021/4/28,10:00,16.6
2021/4/28,11:00,17.5
2021/4/28,12:00,18.3
2021/4/28,13:00,20
2021/4/28,14:00,20.8
2021/4/28,15:00,20.9
2021/4/28,16:00,18.9
2021/4/28,17:00,17.9
2021/4/28,18:00,17.3
2021/4/28,19:00,16.3
2021/4/28,20:00,15.8
2021/4/28,21:00,15.7
2021/4/28,22:00,15.3
2021/4/28,23:00,15.7
2021/4/29,0:00,15.4
2021/4/29,1:00,15.5
2021/4/29,2:00,15.5
2021/4/29,3:00,15.5
2021/4/29,4:00,15.8
2021/4/29,5:00,15.9
2021/4/29,6:00,14.4
2021/4/29,7:00,14.4
2021/4/29,8:00,15
2021/4/29,9:00,16.5
2021/4/29,10:00,18.3
2021/4/29,11:00,19
2021/4/29,12:00,19.4
2021/4/29,13:00,20.2
2021/4/29,14:00,20
2021/4/29,15:00,19.5
2021/4/29,16:00,19.2
2021/4/29,17:00,17.7
2021/4/29,18:00,17.1
2021/4/29,19:00,16.8
2021/4/29,20:00,16.8
2021/4/29,21:00,16.7
2021/4/29,22:00,16.2
2021/4/29,23:00,16
2021/4/30,0:00,15.1
2021/4/30,1:00,14.8
2021/4/30,2:00,14.9
2021/4/30,3:00,15
2021/4/30,4:00,13.6
2021/4/30,5:00,12.1
2021/4/30,6:00,15.8
2021/4/30,7:00,17.8
2021/4/30,8:00,17.8
2021/4/30,9:00,18
2021/4/30,10:00,18.7
2021/4/30,11:00,19.7
2021/4/30,12:00,20
2021/4/30,13:00,21.2
2021/4/30,14:00,21.2
2021/4/30,15:00,21.5
2021/4/30,16:00,20.5
2021/4/30,17:00,19.8
2021/4/30,18:00,17.1
2021/4/30,19:00,15.6
2021/4/30,20:00,14.1
2021/4/30,21:00,13.4
2021/4/30,22:00,12.6
2021/4/30,23:00,12.1
2021/5/1,0:00,11.7
2021/5/1,1:00,11.5
2021/5/1,2:00,12.4
2021/5/1,3:00,9.8
2021/5/1,4:00,10.3
2021/5/1,5:00,10.3
2021/5/1,6:00,12
2021/5/1,7:00,14.8
2021/5/1,8:00,16
2021/5/1,9:00,17.2
2021/5/1,10:00,18.7
2021/5/1,11:00,17.7
2021/5/1,12:00,20.2
2021/5/1,13:00,21.4
2021/5/1,14:00,20.6
2021/5/1,15:00,20.7
2021/5/1,16:00,18.1
2021/5/1,17:00,17
2021/5/1,18:00,16.9
2021/5/1,19:00,14.9
2021/5/1,20:00,14.6
2021/5/1,21:00,15.9
2021/5/1,22:00,15.6
2021/5/1,23:00,15.2
2021/5/2,0:00,14.4
2021/5/2,1:00,13.3
2021/5/2,2:00,12.7
2021/5/2,3:00,12.5
2021/5/2,4:00,12.2
2021/5/2,5:00,12.1
2021/5/2,6:00,13.7
2021/5/2,7:00,15.6
2021/5/2,8:00,16.1
2021/5/2,9:00,17.5
2021/5/2,10:00,17.9
2021/5/2,11:00,18.5
2021/5/2,12:00,12
2021/5/2,13:00,15.6
2021/5/2,14:00,14.9
2021/5/2,15:00,17.7
2021/5/2,16:00,18.9
2021/5/2,17:00,17.7
2021/5/2,18:00,12.2
2021/5/2,19:00,9.9
2021/5/2,20:00,8.8
2021/5/2,21:00,8.7
2021/5/2,22:00,8.4
2021/5/2,23:00,7.6
2021/5/3,0:00,7.6
2021/5/3,1:00,7.2
2021/5/3,2:00,7.3
2021/5/3,3:00,6.7
2021/5/3,4:00,6.6
2021/5/3,5:00,6.5
2021/5/3,6:00,6.9
2021/5/3,7:00,10.6
2021/5/3,8:00,11.9
2021/5/3,9:00,13.3
2021/5/3,10:00,15.2
2021/5/3,11:00,16.7
2021/5/3,12:00,17.9
2021/5/3,13:00,18.3
2021/5/3,14:00,16.5
2021/5/3,15:00,14.7
2021/5/3,16:00,17.3
2021/5/3,17:00,15.6
2021/5/3,18:00,13.8
2021/5/3,19:00,13.3
2021/5/3,20:00,12.6
2021/5/3,21:00,11.6
2021/5/3,22:00,10.2
2021/5/3,23:00,9.6
2021/5/4,0:00,8.7
2021/5/4,1:00,8.6
2021/5/4,2:00,8
2021/5/4,3:00,7.7
2021/5/4,4:00,6.9
2021/5/4,5:00,6.6
2021/5/4,6:00,9.6
2021/5/4,7:00,11.9
2021/5/4,8:00,14.4
2021/5/4,9:00,15.9
2021/5/4,10:00,17.3
2021/5/4,11:00,18.3
2021/5/4,12:00,19.1
2021/5/4,13:00,19.1
2021/5/4,14:00,19.6
2021/5/4,15:00,18.6
2021/5/4,16:00,19.1
2021/5/4,17:00,18.7
2021/5/4,18:00,16.3
2021/5/4,19:00,15.9
2021/5/4,20:00,16
2021/5/4,21:00,15.7
2021/5/4,22:00,15.2
2021/5/4,23:00,14.2
2021/5/5,0:00,12.7
2021/5/5,1:00,12.2
2021/5/5,2:00,12.7
2021/5/5,3:00,12.3
2021/5/5,4:00,11.3
2021/5/5,5:00,11.1
2021/5/5,6:00,12.3
2021/5/5,7:00,15.2
2021/5/5,8:00,18
2021/5/5,9:00,19
2021/5/5,10:00,18.4
2021/5/5,11:00,18.3
2021/5/5,12:00,18.9
2021/5/5,13:00,18.8
2021/5/5,14:00,18.6
2021/5/5,15:00,18.1
2021/5/5,16:00,18.2
2021/5/5,17:00,16.8
2021/5/5,18:00,17.1
2021/5/5,19:00,17.4
2021/5/5,20:00,16.7
2021/5/5,21:00,16.5
2021/5/5,22:00,17
2021/5/5,23:00,16.6
2021/5/6,0:00,16.9
2021/5/6,1:00,14.8
2021/5/6,2:00,14.7
2021/5/6,3:00,15
2021/5/6,4:00,15.1
2021/5/6,5:00,15
2021/5/6,6:00,15.5
2021/5/6,7:00,16.2
2021/5/6,8:00,19.6
2021/5/6,9:00,21.4
2021/5/6,10:00,22.3
2021/5/6,11:00,21.3
2021/5/6,12:00,20.3
2021/5/6,13:00,20.4
2021/5/6,14:00,21
2021/5/6,15:00,21
2021/5/6,16:00,20.5
2021/5/6,17:00,19.5
2021/5/6,18:00,18.9
2021/5/6,19:00,17.1
2021/5/6,20:00,17.1
2021/5/6,21:00,16.6
2021/5/6,22:00,16.3
2021/5/6,23:00,16.2
2021/5/7,0:00,16
2021/5/7,1:00,15.3
2021/5/7,2:00,14.1
2021/5/7,3:00,13.8
2021/5/7,4:00,13.5
2021/5/7,5:00,13.5
2021/5/7,6:00,13.7
2021/5/7,7:00,17.4
2021/5/7,8:00,18.4
2021/5/7,9:00,16.8
2021/5/7,10:00,17.5
2021/5/7,11:00,18.5
2021/5/7,12:00,18.6
2021/5/7,13:00,18.9
2021/5/7,14:00,19
2021/5/7,15:00,18.9
2021/5/7,16:00,18.8
2021/5/7,17:00,18.5
2021/5/7,18:00,17.6
2021/5/7,19:00,17.1
2021/5/7,20:00,16.6
2021/5/7,21:00,16.2
2021/5/7,22:00,15.8
2021/5/7,23:00,15.1
2021/5/8,0:00,14.3
2021/5/8,1:00,13.9
2021/5/8,2:00,13.3
2021/5/8,3:00,13
2021/5/8,4:00,12.6
2021/5/8,5:00,12.4
2021/5/8,6:00,14.8
2021/5/8,7:00,17.7
2021/5/8,8:00,19.4
2021/5/8,9:00,21.2
2021/5/8,10:00,21.8
2021/5/8,11:00,22.9
2021/5/8,12:00,23.3
2021/5/8,13:00,21.8
2021/5/8,14:00,21
2021/5/8,15:00,20.4
2021/5/8,16:00,19.9
2021/5/8,17:00,20.3
2021/5/8,18:00,19.2
2021/5/8,19:00,18.1
2021/5/8,20:00,18.4
2021/5/8,21:00,18
2021/5/8,22:00,17.5
2021/5/8,23:00,17.6
2021/5/9,0:00,17
2021/5/9,1:00,16.6
2021/5/9,2:00,15.6
2021/5/9,3:00,15.6
2021/5/9,4:00,15.1
2021/5/9,5:00,15.2
2021/5/9,6:00,15.7
2021/5/9,7:00,16.4
2021/5/9,8:00,20.5
2021/5/9,9:00,22.2
2021/5/9,10:00,23.5
2021/5/9,11:00,23.3
2021/5/9,12:00,24
2021/5/9,13:00,23.8
2021/5/9,14:00,21.3
2021/5/9,15:00,23
2021/5/9,16:00,23
2021/5/9,17:00,19.9
2021/5/9,18:00,18.4
2021/5/9,19:00,17
2021/5/9,20:00,16.7
2021/5/9,21:00,15.5
2021/5/9,22:00,14.9
2021/5/9,23:00,13.8
2021/5/10,0:00,12.8
2021/5/10,1:00,12.2
2021/5/10,2:00,11.4
2021/5/10,3:00,11.4
2021/5/10,4:00,10.7
2021/5/10,5:00,10.7
2021/5/10,6:00,10.6
2021/5/10,7:00,13.5
2021/5/10,8:00,14.5
2021/5/10,9:00,16.6
2021/5/10,10:00,17.4
2021/5/10,11:00,17.7
2021/5/10,12:00,18.9
2021/5/10,13:00,19
2021/5/10,14:00,19.4
2021/5/10,15:00,19.5
2021/5/10,16:00,19.4
2021/5/10,17:00,18.2
2021/5/10,18:00,15.8
2021/5/10,19:00,15.1
2021/5/10,20:00,14.7
2021/5/10,21:00,15
2021/5/10,22:00,15
2021/5/10,23:00,14.8
2021/5/11,0:00,14.4
2021/5/11,1:00,12.5
2021/5/11,2:00,11.9
2021/5/11,3:00,12.3
2021/5/11,4:00,12.2
2021/5/11,5:00,12.8
2021/5/11,6:00,13.1
2021/5/11,7:00,14.4
2021/5/11,8:00,15.4
2021/5/11,9:00,15.1
2021/5/11,10:00,14.7
2021/5/11,11:00,14.8
2021/5/11,12:00,14.8
2021/5/11,13:00,15
2021/5/11,14:00,15.4
2021/5/11,15:00,15.4
2021/5/11,16:00,17.3
2021/5/11,17:00,16.6
2021/5/11,18:00,14.9
2021/5/11,19:00,13.6
2021/5/11,20:00,14
2021/5/11,21:00,13
2021/5/11,22:00,12.1
2021/5/11,23:00,11.4
2021/5/12,0:00,11.4
2021/5/12,1:00,10.8
2021/5/12,2:00,11.7
2021/5/12,3:00,12
2021/5/12,4:00,11.2
2021/5/12,5:00,10.5
2021/5/12,6:00,11.2
2021/5/12,7:00,12.8
2021/5/12,8:00,15.8
2021/5/12,9:00,16.1
2021/5/12,10:00,16.9
2021/5/12,11:00,17
2021/5/12,12:00,16.3
2021/5/12,13:00,16.6
2021/5/12,14:00,16.5
2021/5/12,15:00,16.6
2021/5/12,16:00,16
2021/5/12,17:00,15.8
2021/5/12,18:00,15.1
2021/5/12,19:00,15
2021/5/12,20:00,14.9
2021/5/12,21:00,15.3
2021/5/12,22:00,15.5
2021/5/12,23:00,15.6
2021/5/13,0:00,15.5
2021/5/13,1:00,15.2
2021/5/13,2:00,14.6
2021/5/13,3:00,15.2
2021/5/13,4:00,15.3
2021/5/13,5:00,14.7
2021/5/13,6:00,14.6
2021/5/13,7:00,15.3
2021/5/13,8:00,15.8
2021/5/13,9:00,16.4
2021/5/13,10:00,17
2021/5/13,11:00,16.9
2021/5/13,12:00,17.7
2021/5/13,13:00,17
2021/5/13,14:00,16.9
2021/5/13,15:00,16.7
2021/5/13,16:00,16.5
2021/5/13,17:00,16.5
2021/5/13,18:00,16.1
2021/5/13,19:00,15.6
2021/5/13,20:00,15.9
2021/5/13,21:00,15.9
2021/5/13,22:00,15.8
2021/5/13,23:00,15.9
2021/5/14,0:00,16.1
2021/5/14,1:00,16
2021/5/14,2:00,16
2021/5/14,3:00,15.9
2021/5/14,4:00,16.2
2021/5/14,5:00,15.7
2021/5/14,6:00,17.6
2021/5/14,7:00,18.5
2021/5/14,8:00,20.2
2021/5/14,9:00,18.9
2021/5/14,10:00,21.6
2021/5/14,11:00,22.2
2021/5/14,12:00,23
2021/5/14,13:00,24.1
2021/5/14,14:00,24.9
2021/5/14,15:00,25.3
2021/5/14,16:00,24
2021/5/14,17:00,22.6
2021/5/14,18:00,20.8
2021/5/14,19:00,20
2021/5/14,20:00,19.3
2021/5/14,21:00,19.5
2021/5/14,22:00,19.6
2021/5/14,23:00,18.8
2021/5/15,0:00,17.9
2021/5/15,1:00,17.4
2021/5/15,2:00,17.3
2021/5/15,3:00,17
2021/5/15,4:00,17.2
2021/5/15,5:00,17.5
2021/5/15,6:00,18
2021/5/15,7:00,18.8
2021/5/15,8:00,21.8
2021/5/15,9:00,22.2
2021/5/15,10:00,21.3
2021/5/15,11:00,21.7
2021/5/15,12:00,23.2
2021/5/15,13:00,22
2021/5/15,14:00,21.7
2021/5/15,15:00,21.5
2021/5/15,16:00,22.2
2021/5/15,17:00,21.1
2021/5/15,18:00,19.2
2021/5/15,19:00,18.2
2021/5/15,20:00,18.5
2021/5/15,21:00,18.3
2021/5/15,22:00,18.4
2021/5/15,23:00,18.4
2021/5/16,0:00,18.4
2021/5/16,1:00,18.1
2021/5/16,2:00,17.9
2021/5/16,3:00,17.3
2021/5/16,4:00,17.2
2021/5/16,5:00,17.1
2021/5/16,6:00,18.2
2021/5/16,7:00,19.1
2021/5/16,8:00,19.3
2021/5/16,9:00,20
2021/5/16,10:00,19.7
2021/5/16,11:00,19.6
2021/5/16,12:00,20.7
2021/5/16,13:00,20.2
2021/5/16,14:00,19.3
2021/5/16,15:00,19.6
2021/5/16,16:00,19.8
2021/5/16,17:00,20.6
2021/5/16,18:00,19.8
2021/5/16,19:00,18.6
2021/5/16,20:00,17.8
2021/5/16,21:00,18
2021/5/16,22:00,18.2
2021/5/16,23:00,18.3
2021/5/17,0:00,18.3
2021/5/17,1:00,18.1
2021/5/17,2:00,18
2021/5/17,3:00,18.2
2021/5/17,4:00,18.2
2021/5/17,5:00,18.5
2021/5/17,6:00,18.8
2021/5/17,7:00,19
2021/5/17,8:00,19.1
2021/5/17,9:00,20.1
2021/5/17,10:00,20.3
2021/5/17,11:00,20.8
2021/5/17,12:00,24
2021/5/17,13:00,24.9
2021/5/17,14:00,24.8
2021/5/17,15:00,23.8
2021/5/17,16:00,22.8
2021/5/17,17:00,22.3
2021/5/17,18:00,22.4
2021/5/17,19:00,20.9
2021/5/17,20:00,20.6
2021/5/17,21:00,20.8
2021/5/17,22:00,20.8
2021/5/17,23:00,21
2021/5/18,0:00,20.4
2021/5/18,1:00,20.3
2021/5/18,2:00,20.1
2021/5/18,3:00,19.6
2021/5/18,4:00,20.2
2021/5/18,5:00,20.5
2021/5/18,6:00,21.2
2021/5/18,7:00,21.8
2021/5/18,8:00,21.1
2021/5/18,9:00,21.3
2021/5/18,10:00,21
2021/5/18,11:00,21.8
2021/5/18,12:00,21.2
2021/5/18,13:00,20.7
2021/5/18,14:00,19.9
2021/5/18,15:00,19.1
2021/5/18,16:00,19
2021/5/18,17:00,19
2021/5/18,18:00,17.9
2021/5/18,19:00,17.5
2021/5/18,20:00,17.4
2021/5/18,21:00,17.3
2021/5/18,22:00,17
2021/5/18,23:00,16.7
2021/5/19,0:00,16.4
2021/5/19,1:00,16.4
2021/5/19,2:00,16.5
2021/5/19,3:00,16.6
2021/5/19,4:00,16.8
2021/5/19,5:00,16.5
2021/5/19,6:00,17
2021/5/19,7:00,17.4
2021/5/19,8:00,17.7
2021/5/19,9:00,18.6
2021/5/19,10:00,18.9
2021/5/19,11:00,18.9
2021/5/19,12:00,18.9
2021/5/19,13:00,19.2
2021/5/19,14:00,19.1
2021/5/19,15:00,19.1
2021/5/19,16:00,19
2021/5/19,17:00,18.6
2021/5/19,18:00,18.2
2021/5/19,19:00,17.3
2021/5/19,20:00,17.3
2021/5/19,21:00,17
2021/5/19,22:00,16.5
2021/5/19,23:00,16.6
2021/5/20,0:00,16.6
2021/5/20,1:00,16
2021/5/20,2:00,15.7
2021/5/20,3:00,15.5
2021/5/20,4:00,15.8
2021/5/20,5:00,16.2
2021/5/20,6:00,16.6
2021/5/20,7:00,17.4
2021/5/20,8:00,17.9
2021/5/20,9:00,18.5
2021/5/20,10:00,18.7
2021/5/20,11:00,19.5
2021/5/20,12:00,20.3
2021/5/20,13:00,21.6
2021/5/20,14:00,21.9
2021/5/20,15:00,21.8
2021/5/20,16:00,21.2
2021/5/20,17:00,20.4
2021/5/20,18:00,20.1
2021/5/20,19:00,19.3
2021/5/20,20:00,18
2021/5/20,21:00,17.6
2021/5/20,22:00,17.4
2021/5/20,23:00,17
2021/5/21,0:00,16.3
2021/5/21,1:00,16.6
2021/5/21,2:00,16.7
2021/5/21,3:00,16.7
2021/5/21,4:00,16.7
2021/5/21,5:00,17
2021/5/21,6:00,17.5
2021/5/21,7:00,17.8
2021/5/21,8:00,18.2
2021/5/21,9:00,18.4
2021/5/21,10:00,18.9
2021/5/21,11:00,19.9
2021/5/21,12:00,20.9
2021/5/21,13:00,22
2021/5/21,14:00,23
2021/5/21,15:00,26
2021/5/21,16:00,25.3
2021/5/21,17:00,23.8
2021/5/21,18:00,22.7
2021/5/21,19:00,21.5
2021/5/21,20:00,21.1
2021/5/21,21:00,20.5
2021/5/21,22:00,20
2021/5/21,23:00,20.1
2021/5/22,0:00,20.8
2021/5/22,1:00,20.1
2021/5/22,2:00,19.5
2021/5/22,3:00,19.8
2021/5/22,4:00,19.8
2021/5/22,5:00,19.2
2021/5/22,6:00,19.2
2021/5/22,7:00,19.9
2021/5/22,8:00,20
2021/5/22,9:00,20.2
2021/5/22,10:00,19.7
2021/5/22,11:00,20.2
2021/5/22,12:00,19.6
2021/5/22,13:00,19.7
2021/5/22,14:00,19.8
2021/5/22,15:00,19.1
2021/5/22,16:00,18.2
2021/5/22,17:00,17.7
2021/5/22,18:00,16.9
2021/5/22,19:00,16.3
2021/5/22,20:00,16.3
2021/5/22,21:00,16.3
2021/5/22,22:00,16.3
2021/5/22,23:00,16.2
2021/5/23,0:00,15.8
2021/5/23,1:00,15.2
2021/5/23,2:00,15.3
2021/5/23,3:00,15.3
2021/5/23,4:00,15.5
2021/5/23,5:00,15.8
2021/5/23,6:00,17.3
2021/5/23,7:00,16.6
2021/5/23,8:00,17.3
2021/5/23,9:00,18.2
2021/5/23,10:00,21.4
2021/5/23,11:00,21.5
2021/5/23,12:00,22
2021/5/23,13:00,23.1
2021/5/23,14:00,23
2021/5/23,15:00,23.9
2021/5/23,16:00,22.6
2021/5/23,17:00,21.9
2021/5/23,18:00,19.8
2021/5/23,19:00,18.6
2021/5/23,20:00,17.8
2021/5/23,21:00,17.5
2021/5/23,22:00,17.3
2021/5/23,23:00,16.8
2021/5/24,0:00,16.5
2021/5/24,1:00,16.4
2021/5/24,2:00,15.3
2021/5/24,3:00,15.5
2021/5/24,4:00,14.9
2021/5/24,5:00,14.4
2021/5/24,6:00,16.2
2021/5/24,7:00,18.6
2021/5/24,8:00,20.4
2021/5/24,9:00,21
2021/5/24,10:00,21.7
2021/5/24,11:00,21.5
2021/5/24,12:00,24.5
2021/5/24,13:00,26.1
2021/5/24,14:00,24.9
2021/5/24,15:00,23.7
2021/5/24,16:00,21.8
2021/5/24,17:00,21.4
2021/5/24,18:00,20.9
2021/5/24,19:00,20
2021/5/24,20:00,20.5
2021/5/24,21:00,20.5
2021/5/24,22:00,19.6
2021/5/24,23:00,19.4
2021/5/25,0:00,18.8
2021/5/25,1:00,17.5
2021/5/25,2:00,17.1
2021/5/25,3:00,16.9
2021/5/25,4:00,16.5
2021/5/25,5:00,16.7
2021/5/25,6:00,19.5
2021/5/25,7:00,20.9
2021/5/25,8:00,20.1
2021/5/25,9:00,23.4
2021/5/25,10:00,23.6
2021/5/25,11:00,23.7
2021/5/25,12:00,23.9
2021/5/25,13:00,24.8
2021/5/25,14:00,23.2
2021/5/25,15:00,25.6
2021/5/25,16:00,21.7
2021/5/25,17:00,22.1
2021/5/25,18:00,20
2021/5/25,19:00,19.9
2021/5/25,20:00,19.4
2021/5/25,21:00,18.7
2021/5/25,22:00,17.1
2021/5/25,23:00,15.4
2021/5/26,0:00,16.1
2021/5/26,1:00,16
2021/5/26,2:00,15.8
2021/5/26,3:00,15.4
2021/5/26,4:00,15
2021/5/26,5:00,14.8
2021/5/26,6:00,15.9
2021/5/26,7:00,16.8
2021/5/26,8:00,17.9
2021/5/26,9:00,18.6
2021/5/26,10:00,19
2021/5/26,11:00,19.8
2021/5/26,12:00,21.3
2021/5/26,13:00,22.1
2021/5/26,14:00,22
2021/5/26,15:00,22.8
2021/5/26,16:00,21.6
2021/5/26,17:00,19.6
2021/5/26,18:00,18.8
2021/5/26,19:00,18.7
2021/5/26,20:00,18.3
2021/5/26,21:00,17.7
2021/5/26,22:00,17.4
2021/5/26,23:00,17.5
2021/5/27,0:00,17.2
2021/5/27,1:00,17
2021/5/27,2:00,16.6
2021/5/27,3:00,16.5
2021/5/27,4:00,16.1
2021/5/27,5:00,16
2021/5/27,6:00,16.8
2021/5/27,7:00,17.7
2021/5/27,8:00,18.7
2021/5/27,9:00,18.1
2021/5/27,10:00,18.2
2021/5/27,11:00,17.7
2021/5/27,12:00,17.5
2021/5/27,13:00,17.4
2021/5/27,14:00,17.2
2021/5/27,15:00,17.2
2021/5/27,16:00,16.9
2021/5/27,17:00,16.6
2021/5/27,18:00,16.2
2021/5/27,19:00,15.9
2021/5/27,20:00,15.8
2021/5/27,21:00,15.8
2021/5/27,22:00,15.7
2021/5/27,23:00,15.6
2021/5/28,0:00,15.3
2021/5/28,1:00,15.1
2021/5/28,2:00,15.3
2021/5/28,3:00,15
2021/5/28,4:00,14.8
2021/5/28,5:00,14.7
2021/5/28,6:00,15.9
2021/5/28,7:00,17.2
2021/5/28,8:00,18.2
2021/5/28,9:00,21.6
2021/5/28,10:00,22.2
2021/5/28,11:00,22.6
2021/5/28,12:00,24.4
2021/5/28,13:00,24.8
2021/5/28,14:00,22.1
2021/5/28,15:00,23.4
2021/5/28,16:00,21.3
2021/5/28,17:00,20.1
2021/5/28,18:00,19.3
2021/5/28,19:00,18.9
2021/5/28,20:00,18.8
2021/5/28,21:00,18.5
2021/5/28,22:00,18.1
2021/5/28,23:00,18.3
2021/5/29,0:00,17.6
2021/5/29,1:00,17.4
2021/5/29,2:00,16.3
2021/5/29,3:00,15.6
2021/5/29,4:00,15.9
2021/5/29,5:00,15.8
2021/5/29,6:00,16.6
2021/5/29,7:00,17.7
2021/5/29,8:00,18.8
2021/5/29,9:00,19
2021/5/29,10:00,19.6
2021/5/29,11:00,19.8
2021/5/29,12:00,21.1
2021/5/29,13:00,24.3
2021/5/29,14:00,25.5
2021/5/29,15:00,26.5
2021/5/29,16:00,25.5
2021/5/29,17:00,25.1
2021/5/29,18:00,23.7
2021/5/29,19:00,22.1
2021/5/29,20:00,21
2021/5/29,21:00,19.5
2021/5/29,22:00,18.5
2021/5/29,23:00,17.8
2021/5/30,0:00,17.7
2021/5/30,1:00,17.8
2021/5/30,2:00,17.8
2021/5/30,3:00,17.6
2021/5/30,4:00,17.6
2021/5/30,5:00,16.9
2021/5/30,6:00,18.1
2021/5/30,7:00,20.3
2021/5/30,8:00,18.5
2021/5/30,9:00,21.6
2021/5/30,10:00,22.5
2021/5/30,11:00,22.8
2021/5/30,12:00,23.5
2021/5/30,13:00,21.6
2021/5/30,14:00,24.9
2021/5/30,15:00,24.9
2021/5/30,16:00,20.5
2021/5/30,17:00,17.6
2021/5/30,18:00,16.3
2021/5/30,19:00,17.1
2021/5/30,20:00,15.9
2021/5/30,21:00,15.3
2021/5/30,22:00,14.7
2021/5/30,23:00,15.2
2021/5/31,0:00,15.3
2021/5/31,1:00,15.9
2021/5/31,2:00,16.2
2021/5/31,3:00,16.4
2021/5/31,4:00,16
2021/5/31,5:00,15.9
2021/5/31,6:00,16.9
2021/5/31,7:00,17.6
2021/5/31,8:00,18.4
2021/5/31,9:00,18.8
2021/5/31,10:00,19.8
2021/5/31,11:00,20
2021/5/31,12:00,22.5
2021/5/31,13:00,22.4
2021/5/31,14:00,22.3
2021/5/31,15:00,22.1
2021/5/31,16:00,22.1
2021/5/31,17:00,21.1
2021/5/31,18:00,19
2021/5/31,19:00,18.5
2021/5/31,20:00,18.3
2021/5/31,21:00,16.7
2021/5/31,22:00,16.2
2021/5/31,23:00,16.9
2021/6/1,0:00,16.9
2021/6/1,1:00,16.5
2021/6/1,2:00,15.9
2021/6/1,3:00,15.6
2021/6/1,4:00,15.6
2021/6/1,5:00,16
2021/6/1,6:00,17.5
2021/6/1,7:00,19
2021/6/1,8:00,19.6
2021/6/1,9:00,21
2021/6/1,10:00,19.4
2021/6/1,11:00,21.7
2021/6/1,12:00,22
2021/6/1,13:00,22.1
2021/6/1,14:00,23.1
2021/6/1,15:00,21
2021/6/1,16:00,22.5
2021/6/1,17:00,20.2
2021/6/1,18:00,19.7
2021/6/1,19:00,19.1
2021/6/1,20:00,18.8
2021/6/1,21:00,18.6
2021/6/1,22:00,18.5
2021/6/1,23:00,18.2
2021/6/2,0:00,18.4
2021/6/2,1:00,18.6
2021/6/2,2:00,18.6
2021/6/2,3:00,18.8
2021/6/2,4:00,18.2
2021/6/2,5:00,18.6
2021/6/2,6:00,19.2
2021/6/2,7:00,19.4
2021/6/2,8:00,19.8
2021/6/2,9:00,20
2021/6/2,10:00,20.4
2021/6/2,11:00,21.1
2021/6/2,12:00,23.3
2021/6/2,13:00,22.6
2021/6/2,14:00,22.3
2021/6/2,15:00,21.9
2021/6/2,16:00,21.8
2021/6/2,17:00,22.1
2021/6/2,18:00,20.3
2021/6/2,19:00,19.1
2021/6/2,20:00,18.7
2021/6/2,21:00,18.9
2021/6/2,22:00,18.9
2021/6/2,23:00,19.2
2021/6/3,0:00,19
2021/6/3,1:00,19
2021/6/3,2:00,19
2021/6/3,3:00,19
2021/6/3,4:00,17.7
2021/6/3,5:00,17.1
2021/6/3,6:00,18.9
2021/6/3,7:00,18.6
2021/6/3,8:00,20.7
2021/6/3,9:00,22.3
2021/6/3,10:00,20.6
2021/6/3,11:00,23.6
2021/6/3,12:00,22.6
2021/6/3,13:00,23.7
2021/6/3,14:00,23.3
2021/6/3,15:00,23.4
2021/6/3,16:00,20.9
2021/6/3,17:00,20.3
2021/6/3,18:00,19.5
2021/6/3,19:00,19.3
2021/6/3,20:00,19.6
2021/6/3,21:00,19.6
2021/6/3,22:00,20.6
2021/6/3,23:00,19.1
2021/6/4,0:00,19
2021/6/4,1:00,18.9
2021/6/4,2:00,18.5
2021/6/4,3:00,19.4
2021/6/4,4:00,20.7
2021/6/4,5:00,20.4
2021/6/4,6:00,20.9
2021/6/4,7:00,20.9
2021/6/4,8:00,21.2
2021/6/4,9:00,21.8
2021/6/4,10:00,22.6
2021/6/4,11:00,22.7
2021/6/4,12:00,23.1
2021/6/4,13:00,23.4
2021/6/4,14:00,23.5
2021/6/4,15:00,23.8
2021/6/4,16:00,24.4
2021/6/4,17:00,24.7
2021/6/4,18:00,22.5
2021/6/4,19:00,22.1
2021/6/4,20:00,21.4
2021/6/4,21:00,20.5
2021/6/4,22:00,20.5
2021/6/4,23:00,20.6
2021/6/5,0:00,20.6
2021/6/5,1:00,20.5
2021/6/5,2:00,20.5
2021/6/5,3:00,20.4
2021/6/5,4:00,20
2021/6/5,5:00,20
2021/6/5,6:00,20.1
2021/6/5,7:00,21
2021/6/5,8:00,21.5
2021/6/5,9:00,21.4
2021/6/5,10:00,21.5
2021/6/5,11:00,21.6
2021/6/5,12:00,22.5
2021/6/5,13:00,23.8
2021/6/5,14:00,22.9
2021/6/5,15:00,23
2021/6/5,16:00,22.4
2021/6/5,17:00,22.3
2021/6/5,18:00,21.5
2021/6/5,19:00,20.7
2021/6/5,20:00,20.3
2021/6/5,21:00,20.1
2021/6/5,22:00,20.1
2021/6/5,23:00,19
2021/6/6,0:00,19.7
2021/6/6,1:00,19.4
2021/6/6,2:00,18.6
2021/6/6,3:00,18.7
2021/6/6,4:00,18.9
2021/6/6,5:00,19.2
2021/6/6,6:00,19.7
2021/6/6,7:00,20.4
2021/6/6,8:00,20.6
2021/6/6,9:00,21.7
2021/6/6,10:00,21.8
2021/6/6,11:00,23
2021/6/6,12:00,23.5
2021/6/6,13:00,23.4
2021/6/6,14:00,23.9
2021/6/6,15:00,23.3
2021/6/6,16:00,22.7
2021/6/6,17:00,22.7
2021/6/6,18:00,22.1
2021/6/6,19:00,21.1
2021/6/6,20:00,20.6
2021/6/6,21:00,20
2021/6/6,22:00,20
2021/6/6,23:00,20.1
2021/6/7,0:00,19.6
2021/6/7,1:00,19.2
2021/6/7,2:00,19.1
2021/6/7,3:00,19.3
2021/6/7,4:00,19.4
2021/6/7,5:00,19.4
2021/6/7,6:00,20.2
2021/6/7,7:00,20.5
2021/6/7,8:00,21.6
2021/6/7,9:00,22.5
2021/6/7,10:00,22.6
2021/6/7,11:00,22.3
2021/6/7,12:00,24.9
2021/6/7,13:00,25.9
2021/6/7,14:00,27
2021/6/7,15:00,26.4
2021/6/7,16:00,26.2
2021/6/7,17:00,23.3
2021/6/7,18:00,22.9
2021/6/7,19:00,22
2021/6/7,20:00,21.6
2021/6/7,21:00,19.7
2021/6/7,22:00,19.4
2021/6/7,23:00,20.9
2021/6/8,0:00,19.7
2021/6/8,1:00,19.8
2021/6/8,2:00,18.7
2021/6/8,3:00,19.4
2021/6/8,4:00,18.5
2021/6/8,5:00,18.9
2021/6/8,6:00,21.5
2021/6/8,7:00,22.3
2021/6/8,8:00,23.3
2021/6/8,9:00,23.9
2021/6/8,10:00,25
2021/6/8,11:00,26.6
2021/6/8,12:00,26.5
2021/6/8,13:00,27.2
2021/6/8,14:00,25.2
2021/6/8,15:00,25.2
2021/6/8,16:00,23.7
2021/6/8,17:00,22.3
2021/6/8,18:00,22.2
2021/6/8,19:00,19.1
2021/6/8,20:00,19.3
2021/6/8,21:00,18.4
2021/6/8,22:00,18
2021/6/8,23:00,18
2021/6/9,0:00,17.7
2021/6/9,1:00,17.6
2021/6/9,2:00,17
2021/6/9,3:00,16.7
2021/6/9,4:00,16.5
2021/6/9,5:00,16.2
2021/6/9,6:00,19.3
2021/6/9,7:00,21.1
2021/6/9,8:00,22.3
2021/6/9,9:00,23.4
2021/6/9,10:00,24.2
2021/6/9,11:00,24.3
2021/6/9,12:00,24.3
2021/6/9,13:00,24.3
2021/6/9,14:00,24.8
2021/6/9,15:00,24.9
2021/6/9,16:00,25
2021/6/9,17:00,24.7
2021/6/9,18:00,23.1
2021/6/9,19:00,21.1
2021/6/9,20:00,19.6
2021/6/9,21:00,19.2
2021/6/9,22:00,19.4
2021/6/9,23:00,19.6
2021/6/10,0:00,19
2021/6/10,1:00,18.1
2021/6/10,2:00,18.5
2021/6/10,3:00,17.5
2021/6/10,4:00,18
2021/6/10,5:00,18.4
2021/6/10,6:00,20.2
2021/6/10,7:00,21.4
2021/6/10,8:00,22.2
2021/6/10,9:00,23.2
2021/6/10,10:00,24.1
2021/6/10,11:00,24.9
2021/6/10,12:00,25.6
2021/6/10,13:00,25.8
2021/6/10,14:00,26
2021/6/10,15:00,25.8
2021/6/10,16:00,26.4
2021/6/10,17:00,26.1
2021/6/10,18:00,23.7
2021/6/10,19:00,21.6
2021/6/10,20:00,20.8
2021/6/10,21:00,20.7
2021/6/10,22:00,20.7
2021/6/10,23:00,20.2
2021/6/11,0:00,20.4
2021/6/11,1:00,20.4
2021/6/11,2:00,20.2
2021/6/11,3:00,20.6
2021/6/11,4:00,20.1
2021/6/11,5:00,19.7
2021/6/11,6:00,19.6
2021/6/11,7:00,22.9
2021/6/11,8:00,24.3
2021/6/11,9:00,24.6
2021/6/11,10:00,24.6
2021/6/11,11:00,24.6
2021/6/11,12:00,25.2
2021/6/11,13:00,25.4
2021/6/11,14:00,25.1
2021/6/11,15:00,25.1
2021/6/11,16:00,24.5
2021/6/11,17:00,21.8
2021/6/11,18:00,20.3
2021/6/11,19:00,19.8
2021/6/11,20:00,19.6
2021/6/11,21:00,19.5
2021/6/11,22:00,19.6
2021/6/11,23:00,19.4
2021/6/12,0:00,19.5
2021/6/12,1:00,19.5
2021/6/12,2:00,19.2
2021/6/12,3:00,17.9
2021/6/12,4:00,18.2
2021/6/12,5:00,18.3
2021/6/12,6:00,19.9
2021/6/12,7:00,20
2021/6/12,8:00,23.1
2021/6/12,9:00,20.7
2021/6/12,10:00,24.4
2021/6/12,11:00,22.8
2021/6/12,12:00,25
2021/6/12,13:00,25.8
2021/6/12,14:00,26.4
2021/6/12,15:00,26.4
2021/6/12,16:00,25.7
2021/6/12,17:00,24.9
2021/6/12,18:00,22.5
2021/6/12,19:00,21.6
2021/6/12,20:00,21.3
2021/6/12,21:00,21.3
2021/6/12,22:00,21.2
2021/6/12,23:00,21
2021/6/13,0:00,21.3
2021/6/13,1:00,21
2021/6/13,2:00,20.6
2021/6/13,3:00,19.7
2021/6/13,4:00,19
2021/6/13,5:00,19.2
2021/6/13,6:00,20
2021/6/13,7:00,21.4
2021/6/13,8:00,21.8
2021/6/13,9:00,25.1
2021/6/13,10:00,24.9
2021/6/13,11:00,23.6
2021/6/13,12:00,23.6
2021/6/13,13:00,26.1
2021/6/13,14:00,25.7
2021/6/13,15:00,24.3
2021/6/13,16:00,23.3
2021/6/13,17:00,22.8
2021/6/13,18:00,22.2
2021/6/13,19:00,22.2
2021/6/13,20:00,22.2
2021/6/13,21:00,21.5
2021/6/13,22:00,20.9
2021/6/13,23:00,20.3
2021/6/14,0:00,20.1
2021/6/14,1:00,19.8
2021/6/14,2:00,19.4
2021/6/14,3:00,18.9
2021/6/14,4:00,19.2
2021/6/14,5:00,19.5
2021/6/14,6:00,20
2021/6/14,7:00,21.2
2021/6/14,8:00,21.8
2021/6/14,9:00,22.6
2021/6/14,10:00,22.6
2021/6/14,11:00,23.5
2021/6/14,12:00,23.5
2021/6/14,13:00,24.1
2021/6/14,14:00,24.5
2021/6/14,15:00,22.9
2021/6/14,16:00,22.6
2021/6/14,17:00,22.8
2021/6/14,18:00,23
2021/6/14,19:00,22.6
2021/6/14,20:00,22
2021/6/14,21:00,21.7
2021/6/14,22:00,21.7
2021/6/14,23:00,20.5
2021/6/15,0:00,20.6
2021/6/15,1:00,19.8
2021/6/15,2:00,19.8
2021/6/15,3:00,19
2021/6/15,4:00,19.3
2021/6/15,5:00,19.9
2021/6/15,6:00,21.6
2021/6/15,7:00,22.7
2021/6/15,8:00,23.8
2021/6/15,9:00,24.7
2021/6/15,10:00,24.8
2021/6/15,11:00,25.5
2021/6/15,12:00,25.9
2021/6/15,13:00,26.9
2021/6/15,14:00,27.5
2021/6/15,15:00,24.9
2021/6/15,16:00,26.6
2021/6/15,17:00,19.2
2021/6/15,18:00,20.8
2021/6/15,19:00,19.8
2021/6/15,20:00,20.8
2021/6/15,21:00,21.1
2021/6/15,22:00,20.9
2021/6/15,23:00,21.1
2021/6/16,0:00,20.8
2021/6/16,1:00,21
2021/6/16,2:00,20.9
2021/6/16,3:00,20.5
2021/6/16,4:00,20.6
2021/6/16,5:00,21.1
2021/6/16,6:00,21.4
2021/6/16,7:00,21.4
2021/6/16,8:00,19.1
2021/6/16,9:00,22.2
2021/6/16,10:00,23.8
2021/6/16,11:00,24.3
2021/6/16,12:00,21
2021/6/16,13:00,22.2
2021/6/16,14:00,23.7
2021/6/16,15:00,23.9
2021/6/16,16:00,21.3
2021/6/16,17:00,22.1
2021/6/16,18:00,21.6
2021/6/16,19:00,20.5
2021/6/16,20:00,18.8
2021/6/16,21:00,18.5
2021/6/16,22:00,18.2
2021/6/16,23:00,18.4
2021/6/17,0:00,18.7
2021/6/17,1:00,18.9
2021/6/17,2:00,19.2
2021/6/17,3:00,18.9
2021/6/17,4:00,19.1
2021/6/17,5:00,18.7
2021/6/17,6:00,18.8
2021/6/17,7:00,19.2
2021/6/17,8:00,20
2021/6/17,9:00,21
2021/6/17,10:00,23.5
2021/6/17,11:00,25.2
2021/6/17,12:00,25.4
2021/6/17,13:00,25.5
2021/6/17,14:00,22.2
2021/6/17,15:00,21.9
2021/6/17,16:00,21.5
2021/6/17,17:00,22.2
2021/6/17,18:00,20.6
2021/6/17,19:00,19.6
2021/6/17,20:00,19.5
2021/6/17,21:00,18.7
2021/6/17,22:00,17.4
2021/6/17,23:00,17.2
2021/6/18,0:00,17.2
2021/6/18,1:00,16.8
2021/6/18,2:00,17.1
2021/6/18,3:00,16.7
2021/6/18,4:00,16.3
2021/6/18,5:00,16.8
2021/6/18,6:00,18.2
2021/6/18,7:00,20.2
2021/6/18,8:00,21.3
2021/6/18,9:00,22.5
2021/6/18,10:00,23.3
2021/6/18,11:00,24
2021/6/18,12:00,24.8
2021/6/18,13:00,25.3
2021/6/18,14:00,25.5
2021/6/18,15:00,25.5
2021/6/18,16:00,22.1
2021/6/18,17:00,21.5
2021/6/18,18:00,21.2
2021/6/18,19:00,21.3
2021/6/18,20:00,21.6
2021/6/18,21:00,21.7
2021/6/18,22:00,21.5
2021/6/18,23:00,21.5
2021/6/19,0:00,21.6
2021/6/19,1:00,21.5
2021/6/19,2:00,21
2021/6/19,3:00,21.2
2021/6/19,4:00,20.9
2021/6/19,5:00,20.8
2021/6/19,6:00,20.9
2021/6/19,7:00,21.4
2021/6/19,8:00,21.8
2021/6/19,9:00,21.8
2021/6/19,10:00,21.3
2021/6/19,11:00,22
2021/6/19,12:00,22.2
2021/6/19,13:00,21.9
2021/6/19,14:00,22.3
2021/6/19,15:00,22
2021/6/19,16:00,21.8
2021/6/19,17:00,21.1
2021/6/19,18:00,20.3
2021/6/19,19:00,19.7
2021/6/19,20:00,19.9
2021/6/19,21:00,19.9
2021/6/19,22:00,19.9
2021/6/19,23:00,19.8
2021/6/20,0:00,19.5
2021/6/20,1:00,19.6
2021/6/20,2:00,19.6
2021/6/20,3:00,19.6
2021/6/20,4:00,19.6
2021/6/20,5:00,19.8
2021/6/20,6:00,20.3
2021/6/20,7:00,20.9
2021/6/20,8:00,21.8
2021/6/20,9:00,22.8
2021/6/20,10:00,23.7
2021/6/20,11:00,24.2
2021/6/20,12:00,26.2
2021/6/20,13:00,26
2021/6/20,14:00,26.3
2021/6/20,15:00,23.8
2021/6/20,16:00,24.3
2021/6/20,17:00,24.3
2021/6/20,18:00,22
2021/6/20,19:00,21.3
2021/6/20,20:00,22
2021/6/20,21:00,21.7
2021/6/20,22:00,21.3
2021/6/20,23:00,20.8
2021/6/21,0:00,19.2
2021/6/21,1:00,18.1
2021/6/21,2:00,18
2021/6/21,3:00,18.6
2021/6/21,4:00,18.6
2021/6/21,5:00,18.4
2021/6/21,6:00,18.8
2021/6/21,7:00,19.3
2021/6/21,8:00,22
2021/6/21,9:00,22.7
2021/6/21,10:00,23.5
2021/6/21,11:00,24.6
2021/6/21,12:00,23.6
2021/6/21,13:00,25.5
2021/6/21,14:00,25.9
2021/6/21,15:00,26.8
2021/6/21,16:00,26.7
2021/6/21,17:00,24.6
2021/6/21,18:00,21.9
2021/6/21,19:00,20.4
2021/6/21,20:00,20.5
2021/6/21,21:00,20.3
2021/6/21,22:00,20.4
2021/6/21,23:00,19.8
2021/6/22,0:00,20
2021/6/22,1:00,19.8
2021/6/22,2:00,20.2
2021/6/22,3:00,20.2
2021/6/22,4:00,18.7
2021/6/22,5:00,19.4
2021/6/22,6:00,20.7
2021/6/22,7:00,23
2021/6/22,8:00,23.5
2021/6/22,9:00,24.6
2021/6/22,10:00,23.1
2021/6/22,11:00,25.6
2021/6/22,12:00,24.2
2021/6/22,13:00,26.6
2021/6/22,14:00,24.6
2021/6/22,15:00,23.6
2021/6/22,16:00,23.3
2021/6/22,17:00,22.8
2021/6/22,18:00,22.2
2021/6/22,19:00,21.3
2021/6/22,20:00,21.3
2021/6/22,21:00,21.2
2021/6/22,22:00,21
2021/6/22,23:00,20.9
2021/6/23,0:00,21.1
2021/6/23,1:00,20.7
2021/6/23,2:00,20.4
2021/6/23,3:00,20
2021/6/23,4:00,19.8
2021/6/23,5:00,19.9
2021/6/23,6:00,20.6
2021/6/23,7:00,21.2
2021/6/23,8:00,21.1
2021/6/23,9:00,22.4
2021/6/23,10:00,22.3
2021/6/23,11:00,21.7
2021/6/23,12:00,22.4
2021/6/23,13:00,22.6
2021/6/23,14:00,23.8
2021/6/23,15:00,23.5
2021/6/23,16:00,25.4
2021/6/23,17:00,23.6
2021/6/23,18:00,20.9
2021/6/23,19:00,21.3
2021/6/23,20:00,21.2
2021/6/23,21:00,21
2021/6/23,22:00,20.7
2021/6/23,23:00,20
2021/6/24,0:00,19.5
2021/6/24,1:00,18.6
2021/6/24,2:00,18.7
2021/6/24,3:00,18.6
2021/6/24,4:00,18.6
2021/6/24,5:00,19.1
2021/6/24,6:00,19.7
2021/6/24,7:00,23
2021/6/24,8:00,21.8
2021/6/24,9:00,22.8
2021/6/24,10:00,21.2
2021/6/24,11:00,22.5
2021/6/24,12:00,24.6
2021/6/24,13:00,25.9
2021/6/24,14:00,24.2
2021/6/24,15:00,23.4
2021/6/24,16:00,23.8
2021/6/24,17:00,23.1
2021/6/24,18:00,22.3
2021/6/24,19:00,21.9
2021/6/24,20:00,22.1
2021/6/24,21:00,21.4
2021/6/24,22:00,21.7
2021/6/24,23:00,21.3
2021/6/25,0:00,21.7
2021/6/25,1:00,21.7
2021/6/25,2:00,18.7
2021/6/25,3:00,18.6
2021/6/25,4:00,18.6
2021/6/25,5:00,19.1
2021/6/25,6:00,19.8
2021/6/25,7:00,20.5
2021/6/25,8:00,21.4
2021/6/25,9:00,22
2021/6/25,10:00,22.7
2021/6/25,11:00,24.1
2021/6/25,12:00,24.5
2021/6/25,13:00,24.1
2021/6/25,14:00,25.8
2021/6/25,15:00,26.1
2021/6/25,16:00,23.9
2021/6/25,17:00,22.5
2021/6/25,18:00,22
2021/6/25,19:00,21.8
2021/6/25,20:00,21.6
2021/6/25,21:00,21
2021/6/25,22:00,20.8
2021/6/25,23:00,20.9
2021/6/26,0:00,20.5
2021/6/26,1:00,20.2
2021/6/26,2:00,20.4
2021/6/26,3:00,20.2
2021/6/26,4:00,20.4
2021/6/26,5:00,20.1
2021/6/26,6:00,21.4
2021/6/26,7:00,22.5
2021/6/26,8:00,24
2021/6/26,9:00,25
2021/6/26,10:00,25.4
2021/6/26,11:00,25.5
2021/6/26,12:00,23.7
2021/6/26,13:00,24
2021/6/26,14:00,24.3
2021/6/26,15:00,24.1
2021/6/26,16:00,24.3
2021/6/26,17:00,23.5
2021/6/26,18:00,22.9
2021/6/26,19:00,22.6
2021/6/26,20:00,23
2021/6/26,21:00,23
2021/6/26,22:00,22.9
2021/6/26,23:00,22.7
2021/6/27,0:00,22
2021/6/27,1:00,22.2
2021/6/27,2:00,22.1
2021/6/27,3:00,21.8
2021/6/27,4:00,21.4
2021/6/27,5:00,21.6
2021/6/27,6:00,21.8
2021/6/27,7:00,22.5
2021/6/27,8:00,22.9
2021/6/27,9:00,25.8
2021/6/27,10:00,25.6
2021/6/27,11:00,23.9
2021/6/27,12:00,24.3
2021/6/27,13:00,23.5
2021/6/27,14:00,23.7
2021/6/27,15:00,23
2021/6/27,16:00,22.5
2021/6/27,17:00,22.7
2021/6/27,18:00,22.4
2021/6/27,19:00,21.9
2021/6/27,20:00,21.2
2021/6/27,21:00,20.9
2021/6/27,22:00,20.6
2021/6/27,23:00,20.1
2021/6/28,0:00,19.7
2021/6/28,1:00,19.2
2021/6/28,2:00,19
2021/6/28,3:00,18.6
2021/6/28,4:00,18.3
2021/6/28,5:00,18.5
2021/6/28,6:00,21.6
2021/6/28,7:00,23.3
2021/6/28,8:00,24.7
2021/6/28,9:00,25.9
2021/6/28,10:00,25.7
2021/6/28,11:00,26.2
2021/6/28,12:00,26.3
2021/6/28,13:00,26.6
2021/6/28,14:00,26
2021/6/28,15:00,25.9
2021/6/28,16:00,25.5
2021/6/28,17:00,23.3
2021/6/28,18:00,22.5
2021/6/28,19:00,21.7
2021/6/28,20:00,20.9
2021/6/28,21:00,20.8
2021/6/28,22:00,20.7
2021/6/28,23:00,20.4
2021/6/29,0:00,20.4
2021/6/29,1:00,19.9
2021/6/29,2:00,19.5
2021/6/29,3:00,19.2
2021/6/29,4:00,19.2
2021/6/29,5:00,19.4
2021/6/29,6:00,19.6
2021/6/29,7:00,19.9
2021/6/29,8:00,20.6
2021/6/29,9:00,21.1
2021/6/29,10:00,24.6
2021/6/29,11:00,23.1
2021/6/29,12:00,25.9
2021/6/29,13:00,24.5
2021/6/29,14:00,24.1
2021/6/29,15:00,24.1
2021/6/29,16:00,24.4
2021/6/29,17:00,24.4
2021/6/29,18:00,23.6
2021/6/29,19:00,24.3
2021/6/29,20:00,21.2
2021/6/29,21:00,21.1
2021/6/29,22:00,20.5
2021/6/29,23:00,19.9
2021/6/30,0:00,19.7
2021/6/30,1:00,19.5
2021/6/30,2:00,18.9
2021/6/30,3:00,18.8
2021/6/30,4:00,19
2021/6/30,5:00,19.3
2021/6/30,6:00,19.6
2021/6/30,7:00,20.2
2021/6/30,8:00,20.9
2021/6/30,9:00,20.8
2021/6/30,10:00,21.4
2021/6/30,11:00,21.6
2021/6/30,12:00,22
2021/6/30,13:00,22.6
2021/6/30,14:00,22.5
2021/6/30,15:00,22.3
2021/6/30,16:00,22.2
2021/6/30,17:00,21
2021/6/30,18:00,21.2
2021/6/30,19:00,20.8
2021/6/30,20:00,20.3
2021/6/30,21:00,20.4
2021/6/30,22:00,20.4
2021/6/30,23:00,20.2
2021/7/1,0:00,20.3
2021/7/1,1:00,20.5
2021/7/1,2:00,20.5
2021/7/1,3:00,20.8
2021/7/1,4:00,20.6
2021/7/1,5:00,20.7
2021/7/1,6:00,21.2
2021/7/1,7:00,21.8
2021/7/1,8:00,22
2021/7/1,9:00,22.1
2021/7/1,10:00,22.2
2021/7/1,11:00,22.8
2021/7/1,12:00,23
2021/7/1,13:00,23.3
2021/7/1,14:00,23.3
2021/7/1,15:00,23.2
2021/7/1,16:00,23
2021/7/1,17:00,22.6
2021/7/1,18:00,22.2
2021/7/1,19:00,21.3
2021/7/1,20:00,21
2021/7/1,21:00,20.9
2021/7/1,22:00,21
2021/7/1,23:00,21
2021/7/2,0:00,20.7
2021/7/2,1:00,20.7
2021/7/2,2:00,20.6
2021/7/2,3:00,20.6
2021/7/2,4:00,20.7
2021/7/2,5:00,20.8
2021/7/2,6:00,21.4
2021/7/2,7:00,21.8
2021/7/2,8:00,22.3
2021/7/2,9:00,22.4
2021/7/2,10:00,22.6
2021/7/2,11:00,22.9
2021/7/2,12:00,23.1
2021/7/2,13:00,23.3
2021/7/2,14:00,23.4
2021/7/2,15:00,22.9
2021/7/2,16:00,22.7
2021/7/2,17:00,22.7
2021/7/2,18:00,22.4
2021/7/2,19:00,21.8
2021/7/2,20:00,21.8
2021/7/2,21:00,21.5
2021/7/2,22:00,21.4
2021/7/2,23:00,21.3
2021/7/3,0:00,21.4
2021/7/3,1:00,21.3
2021/7/3,2:00,21
2021/7/3,3:00,20.7
2021/7/3,4:00,20.8
2021/7/3,5:00,21
2021/7/3,6:00,21.5
2021/7/3,7:00,22.1
2021/7/3,8:00,22.2
2021/7/3,9:00,22.7
2021/7/3,10:00,23.7
2021/7/3,11:00,25.1
2021/7/3,12:00,24.8
2021/7/3,13:00,25.3
2021/7/3,14:00,25.7
2021/7/3,15:00,25.2
2021/7/3,16:00,24.2
2021/7/3,17:00,23.3
2021/7/3,18:00,22.1
2021/7/3,19:00,21.4
2021/7/3,20:00,20.8
2021/7/3,21:00,20.7
2021/7/3,22:00,20.5
2021/7/3,23:00,20.3
2021/7/4,0:00,20.5
2021/7/4,1:00,20.2
2021/7/4,2:00,20.1
2021/7/4,3:00,19.9
2021/7/4,4:00,19.9
2021/7/4,5:00,20
2021/7/4,6:00,20.3
2021/7/4,7:00,20.4
2021/7/4,8:00,20.7
2021/7/4,9:00,21.1
2021/7/4,10:00,21
2021/7/4,11:00,21.5
2021/7/4,12:00,21.8
2021/7/4,13:00,21.9
2021/7/4,14:00,22.1
2021/7/4,15:00,22
2021/7/4,16:00,21.7
2021/7/4,17:00,21.2
2021/7/4,18:00,20.6
2021/7/4,19:00,20.1
2021/7/4,20:00,20.1
2021/7/4,21:00,20.2
2021/7/4,22:00,20.1
2021/7/4,23:00,20.1
2021/7/5,0:00,20.1
2021/7/5,1:00,20
2021/7/5,2:00,19.9
2021/7/5,3:00,20.1
2021/7/5,4:00,20
2021/7/5,5:00,20.3
2021/7/5,6:00,20.8
2021/7/5,7:00,21.6
2021/7/5,8:00,22.3
2021/7/5,9:00,22.9
2021/7/5,10:00,23.6
2021/7/5,11:00,24.3
2021/7/5,12:00,23
2021/7/5,13:00,23.8
2021/7/5,14:00,23
2021/7/5,15:00,23.6
2021/7/5,16:00,23.6
2021/7/5,17:00,24.1
2021/7/5,18:00,23.8
2021/7/5,19:00,23.6
2021/7/5,20:00,22.6
2021/7/5,21:00,22.9
2021/7/5,22:00,22.6
2021/7/5,23:00,22.4
2021/7/6,0:00,22.3
2021/7/6,1:00,22.2
2021/7/6,2:00,22.3
2021/7/6,3:00,22.2
2021/7/6,4:00,22.1
2021/7/6,5:00,22.4
2021/7/6,6:00,22.9
2021/7/6,7:00,23.6
2021/7/6,8:00,24.1
2021/7/6,9:00,24.9
2021/7/6,10:00,25.7
2021/7/6,11:00,25.7
2021/7/6,12:00,26.2
2021/7/6,13:00,26.6
2021/7/6,14:00,26.7
2021/7/6,15:00,27
2021/7/6,16:00,26.7
2021/7/6,17:00,26.6
2021/7/6,18:00,25.5
2021/7/6,19:00,25.1
2021/7/6,20:00,25.1
2021/7/6,21:00,24.9
2021/7/6,22:00,24.8
2021/7/6,23:00,24.5
2021/7/7,0:00,24.5
2021/7/7,1:00,24.4
2021/7/7,2:00,23.6
2021/7/7,3:00,23.5
2021/7/7,4:00,23.8
2021/7/7,5:00,23.9
2021/7/7,6:00,24.3
2021/7/7,7:00,24.6
2021/7/7,8:00,25.1
2021/7/7,9:00,25.4
2021/7/7,10:00,26.1
2021/7/7,11:00,28.6
2021/7/7,12:00,28.9
2021/7/7,13:00,30.2
2021/7/7,14:00,30.1
2021/7/7,15:00,30.2
2021/7/7,16:00,27.1
2021/7/7,17:00,26
2021/7/7,18:00,26
2021/7/7,19:00,24.9
2021/7/7,20:00,24.3
2021/7/7,21:00,24
2021/7/7,22:00,23.5
2021/7/7,23:00,23.5
2021/7/8,0:00,23.2
2021/7/8,1:00,23.2
2021/7/8,2:00,23.2
2021/7/8,3:00,23.2
2021/7/8,4:00,23.1
2021/7/8,5:00,22.9
2021/7/8,6:00,23.3
2021/7/8,7:00,23.5
2021/7/8,8:00,23.9
2021/7/8,9:00,24.3
2021/7/8,10:00,24.7
2021/7/8,11:00,24.6
2021/7/8,12:00,24.9
2021/7/8,13:00,24.5
2021/7/8,14:00,24.4
2021/7/8,15:00,24.8
2021/7/8,16:00,24.6
2021/7/8,17:00,24.1
2021/7/8,18:00,23.6
2021/7/8,19:00,23.1
2021/7/8,20:00,22.9
2021/7/8,21:00,22.7
2021/7/8,22:00,22.6
2021/7/8,23:00,22.4
2021/7/9,0:00,22.6
2021/7/9,1:00,22.5
2021/7/9,2:00,22.4
2021/7/9,3:00,22.2
2021/7/9,4:00,22.3
2021/7/9,5:00,22.4
2021/7/9,6:00,22.9
2021/7/9,7:00,23.6
2021/7/9,8:00,24.2
2021/7/9,9:00,24.4
2021/7/9,10:00,24.8
2021/7/9,11:00,25.5
2021/7/9,12:00,25.5
2021/7/9,13:00,25.6
2021/7/9,14:00,25.8
2021/7/9,15:00,25.6
2021/7/9,16:00,25.1
2021/7/9,17:00,25.1
2021/7/9,18:00,24.8
2021/7/9,19:00,24.1
2021/7/9,20:00,24.1
2021/7/9,21:00,24.1
2021/7/9,22:00,24
2021/7/9,23:00,23.9
2021/7/10,0:00,23.6
2021/7/10,1:00,23.7
2021/7/10,2:00,23.4
2021/7/10,3:00,23.3
2021/7/10,4:00,23.2
2021/7/10,5:00,23.6
2021/7/10,6:00,24.2
2021/7/10,7:00,26.9
2021/7/10,8:00,28.2
2021/7/10,9:00,29.7
2021/7/10,10:00,30
2021/7/10,11:00,28.3
2021/7/10,12:00,30.9
2021/7/10,13:00,32.1
2021/7/10,14:00,32
2021/7/10,15:00,32.7
2021/7/10,16:00,32.3
2021/7/10,17:00,31.2
2021/7/10,18:00,28.9
2021/7/10,19:00,28.3
2021/7/10,20:00,23.5
2021/7/10,21:00,22
2021/7/10,22:00,22.7
2021/7/10,23:00,22.8
2021/7/11,0:00,23.1
2021/7/11,1:00,23.2
2021/7/11,2:00,23.1
2021/7/11,3:00,23
2021/7/11,4:00,22.7
2021/7/11,5:00,22.7
2021/7/11,6:00,23.9
2021/7/11,7:00,24.4
2021/7/11,8:00,27.8
2021/7/11,9:00,25.9
2021/7/11,10:00,26.3
2021/7/11,11:00,29.1
2021/7/11,12:00,29.5
2021/7/11,13:00,30.7
2021/7/11,14:00,28.8
2021/7/11,15:00,24.8
2021/7/11,16:00,21.9
2021/7/11,17:00,21.7
2021/7/11,18:00,21.8
2021/7/11,19:00,22
2021/7/11,20:00,21.6
2021/7/11,21:00,21.8
2021/7/11,22:00,21.9
2021/7/11,23:00,21.8
2021/7/12,0:00,21.2
2021/7/12,1:00,21.2
2021/7/12,2:00,21.4
2021/7/12,3:00,20.7
2021/7/12,4:00,20.9
2021/7/12,5:00,21.1
2021/7/12,6:00,23.5
2021/7/12,7:00,24.9
2021/7/12,8:00,25.9
2021/7/12,9:00,27.5
2021/7/12,10:00,27.9
2021/7/12,11:00,28.7
2021/7/12,12:00,29.7
2021/7/12,13:00,30.8
2021/7/12,14:00,27.8
2021/7/12,15:00,28.6
2021/7/12,16:00,25.3
2021/7/12,17:00,24.4
2021/7/12,18:00,23
2021/7/12,19:00,22.3
2021/7/12,20:00,22.7
2021/7/12,21:00,22
2021/7/12,22:00,22.5
2021/7/12,23:00,22.6
2021/7/13,0:00,22.8
2021/7/13,1:00,22.8
2021/7/13,2:00,22.4
2021/7/13,3:00,22.5
2021/7/13,4:00,22.5
2021/7/13,5:00,22.6
2021/7/13,6:00,23.4
2021/7/13,7:00,24.4
2021/7/13,8:00,25.5
2021/7/13,9:00,25.8
2021/7/13,10:00,25.2
2021/7/13,11:00,27.9
2021/7/13,12:00,27.2
2021/7/13,13:00,26.2
2021/7/13,14:00,26
2021/7/13,15:00,26
2021/7/13,16:00,25.5
2021/7/13,17:00,26.2
2021/7/13,18:00,25.4
2021/7/13,19:00,24.9
2021/7/13,20:00,24.3
2021/7/13,21:00,24.1
2021/7/13,22:00,23.9
2021/7/13,23:00,23.3
2021/7/14,0:00,23
2021/7/14,1:00,23.2
2021/7/14,2:00,23.2
2021/7/14,3:00,23
2021/7/14,4:00,22.4
2021/7/14,5:00,22.5
2021/7/14,6:00,23.4
2021/7/14,7:00,23.9
2021/7/14,8:00,23.9
2021/7/14,9:00,24.7
2021/7/14,10:00,24.6
2021/7/14,11:00,24.3
2021/7/14,12:00,26.2
2021/7/14,13:00,28.8
2021/7/14,14:00,26.8
2021/7/14,15:00,27.5
2021/7/14,16:00,26.6
2021/7/14,17:00,26.7
2021/7/14,18:00,21.4
2021/7/14,19:00,22.2
2021/7/14,20:00,22.7
2021/7/14,21:00,22.5
2021/7/14,22:00,22.6
2021/7/14,23:00,22.2
2021/7/15,0:00,22.3
2021/7/15,1:00,22.4
2021/7/15,2:00,22.3
2021/7/15,3:00,22.4
2021/7/15,4:00,22.1
2021/7/15,5:00,22.4
2021/7/15,6:00,23.5
2021/7/15,7:00,24
2021/7/15,8:00,24.7
2021/7/15,9:00,25.5
2021/7/15,10:00,25.3
2021/7/15,11:00,25.7
2021/7/15,12:00,23.9
2021/7/15,13:00,26.8
2021/7/15,14:00,29.3
2021/7/15,15:00,26.5
2021/7/15,16:00,27
2021/7/15,17:00,26.8
2021/7/15,18:00,27.2
2021/7/15,19:00,25.4
2021/7/15,20:00,24.9
2021/7/15,21:00,24.9
2021/7/15,22:00,24.5
2021/7/15,23:00,24.6
2021/7/16,0:00,24.2
2021/7/16,1:00,24.5
2021/7/16,2:00,23.8
2021/7/16,3:00,22.7
2021/7/16,4:00,22.9
2021/7/16,5:00,22.7
2021/7/16,6:00,23.4
2021/7/16,7:00,26.8
2021/7/16,8:00,28.5
2021/7/16,9:00,26.7
2021/7/16,10:00,29.3
2021/7/16,11:00,29.9
2021/7/16,12:00,29.7
2021/7/16,13:00,30.4
2021/7/16,14:00,31.5
2021/7/16,15:00,31.2
2021/7/16,16:00,30.8
2021/7/16,17:00,28.9
2021/7/16,18:00,27.8
2021/7/16,19:00,25.2
2021/7/16,20:00,24.3
2021/7/16,21:00,24.2
2021/7/16,22:00,23.8
2021/7/16,23:00,23.9
2021/7/17,0:00,23.4
2021/7/17,1:00,23.6
2021/7/17,2:00,23.5
2021/7/17,3:00,22.2
2021/7/17,4:00,22.1
2021/7/17,5:00,22.3
2021/7/17,6:00,24.7
2021/7/17,7:00,26.7
2021/7/17,8:00,27.4
2021/7/17,9:00,28.8
2021/7/17,10:00,28.9
2021/7/17,11:00,29
2021/7/17,12:00,29.3
2021/7/17,13:00,29.5
2021/7/17,14:00,30.2
2021/7/17,15:00,30.4
2021/7/17,16:00,29.9
2021/7/17,17:00,28.8
2021/7/17,18:00,26.8
2021/7/17,19:00,24.6
2021/7/17,20:00,23.8
2021/7/17,21:00,23.8
2021/7/17,22:00,23.7
2021/7/17,23:00,23.7
2021/7/18,0:00,23.9
2021/7/18,1:00,24.1
2021/7/18,2:00,24
2021/7/18,3:00,24.2
2021/7/18,4:00,23.1
2021/7/18,5:00,22.3
2021/7/18,6:00,24.9
2021/7/18,7:00,26.2
2021/7/18,8:00,27.1
2021/7/18,9:00,27.9
2021/7/18,10:00,28.9
2021/7/18,11:00,30.7
2021/7/18,12:00,31.1
2021/7/18,13:00,31
2021/7/18,14:00,31.6
2021/7/18,15:00,31.3
2021/7/18,16:00,30.6
2021/7/18,17:00,29.1
2021/7/18,18:00,27.4
2021/7/18,19:00,26
2021/7/18,20:00,26
2021/7/18,21:00,25.8
2021/7/18,22:00,26
2021/7/18,23:00,25.6
2021/7/19,0:00,24.9
2021/7/19,1:00,25.2
2021/7/19,2:00,25.1
2021/7/19,3:00,23.6
2021/7/19,4:00,23.3
2021/7/19,5:00,23.7
2021/7/19,6:00,26.1
2021/7/19,7:00,27.8
2021/7/19,8:00,28.6
2021/7/19,9:00,29.4
2021/7/19,10:00,30.4
2021/7/19,11:00,30.7
2021/7/19,12:00,31.9
2021/7/19,13:00,32.3
2021/7/19,14:00,32.5
2021/7/19,15:00,32.5
2021/7/19,16:00,32.3
2021/7/19,17:00,29.6
2021/7/19,18:00,28.8
2021/7/19,19:00,26.7
2021/7/19,20:00,26.2
2021/7/19,21:00,25.4
2021/7/19,22:00,25.8
2021/7/19,23:00,25.7
2021/7/20,0:00,25.5
2021/7/20,1:00,25.2
2021/7/20,2:00,24.7
2021/7/20,3:00,24.6
2021/7/20,4:00,24.6
2021/7/20,5:00,24.8
2021/7/20,6:00,25.8
2021/7/20,7:00,28.3
2021/7/20,8:00,29.1
2021/7/20,9:00,29.8
2021/7/20,10:00,30.8
2021/7/20,11:00,31.5
2021/7/20,12:00,31.8
2021/7/20,13:00,32.1
2021/7/20,14:00,31.5
2021/7/20,15:00,31.9
2021/7/20,16:00,30.2
2021/7/20,17:00,28
2021/7/20,18:00,26.5
2021/7/20,19:00,25.3
2021/7/20,20:00,25.1
2021/7/20,21:00,25
2021/7/20,22:00,24.3
2021/7/20,23:00,24
2021/7/21,0:00,24.1
2021/7/21,1:00,23.8
2021/7/21,2:00,24.1
2021/7/21,3:00,24.1
2021/7/21,4:00,24.2
2021/7/21,5:00,23.9
2021/7/21,6:00,26.5
2021/7/21,7:00,27.5
2021/7/21,8:00,28.3
2021/7/21,9:00,29.5
2021/7/21,10:00,29.1
2021/7/21,11:00,30.8
2021/7/21,12:00,30.9
2021/7/21,13:00,31.1
2021/7/21,14:00,30.8
2021/7/21,15:00,31.5
2021/7/21,16:00,30.9
2021/7/21,17:00,28.2
2021/7/21,18:00,26.4
2021/7/21,19:00,24.9
2021/7/21,20:00,24.5
2021/7/21,21:00,24.9
2021/7/21,22:00,23.6
2021/7/21,23:00,24.1
2021/7/22,0:00,24.5
2021/7/22,1:00,24.3
2021/7/22,2:00,24.7
2021/7/22,3:00,24.3
2021/7/22,4:00,24.4
2021/7/22,5:00,24.2
2021/7/22,6:00,26.7
2021/7/22,7:00,27.3
2021/7/22,8:00,27.7
2021/7/22,9:00,29.3
2021/7/22,10:00,29.8
2021/7/22,11:00,29.9
2021/7/22,12:00,29.2
2021/7/22,13:00,27.5
2021/7/22,14:00,30.8
2021/7/22,15:00,31.3
2021/7/22,16:00,31
2021/7/22,17:00,27
2021/7/22,18:00,25.9
2021/7/22,19:00,25.1
2021/7/22,20:00,24.8
2021/7/22,21:00,24.4
2021/7/22,22:00,24.6
2021/7/22,23:00,24.8
2021/7/23,0:00,24.7
2021/7/23,1:00,24.6
2021/7/23,2:00,24.4
2021/7/23,3:00,24.1
2021/7/23,4:00,24.4
2021/7/23,5:00,23.9
2021/7/23,6:00,26.2
2021/7/23,7:00,28.2
2021/7/23,8:00,28.7
2021/7/23,9:00,28.9
2021/7/23,10:00,30.5
2021/7/23,11:00,30.8
2021/7/23,12:00,30.3
2021/7/23,13:00,30.7
2021/7/23,14:00,30.9
2021/7/23,15:00,31.3
2021/7/23,16:00,28.6
2021/7/23,17:00,28.7
2021/7/23,18:00,26.7
2021/7/23,19:00,25.1
2021/7/23,20:00,25
2021/7/23,21:00,24.7
2021/7/23,22:00,24.9
2021/7/23,23:00,25.3
2021/7/24,0:00,25.4
2021/7/24,1:00,24.5
2021/7/24,2:00,23.9
2021/7/24,3:00,24.2
2021/7/24,4:00,23.6
2021/7/24,5:00,23.6
2021/7/24,6:00,26.2
2021/7/24,7:00,28.3
2021/7/24,8:00,28.4
2021/7/24,9:00,27.6
2021/7/24,10:00,27.3
2021/7/24,11:00,27.4
2021/7/24,12:00,27.4
2021/7/24,13:00,27.3
2021/7/24,14:00,30.8
2021/7/24,15:00,28.7
2021/7/24,16:00,30.2
2021/7/24,17:00,27.5
2021/7/24,18:00,26.4
2021/7/24,19:00,26.1
2021/7/24,20:00,25.4
2021/7/24,21:00,25.1
2021/7/24,22:00,25
2021/7/24,23:00,25
2021/7/25,0:00,25
2021/7/25,1:00,24.7
2021/7/25,2:00,24.9
2021/7/25,3:00,24.7
2021/7/25,4:00,24.4
2021/7/25,5:00,23.8
2021/7/25,6:00,26
2021/7/25,7:00,27.3
2021/7/25,8:00,28.5
2021/7/25,9:00,28.7
2021/7/25,10:00,28.4
2021/7/25,11:00,29.1
2021/7/25,12:00,28.4
2021/7/25,13:00,28.4
2021/7/25,14:00,29.9
2021/7/25,15:00,30
2021/7/25,16:00,29.1
2021/7/25,17:00,28.2
2021/7/25,18:00,27.1
2021/7/25,19:00,26
2021/7/25,20:00,25.6
2021/7/25,21:00,25.1
2021/7/25,22:00,25.1
2021/7/25,23:00,24.9
2021/7/26,0:00,24.6
2021/7/26,1:00,24.5
2021/7/26,2:00,24.2
2021/7/26,3:00,24
2021/7/26,4:00,23.8
2021/7/26,5:00,24
2021/7/26,6:00,24.2
2021/7/26,7:00,26.7
2021/7/26,8:00,27.7
2021/7/26,9:00,27.5
2021/7/26,10:00,27.4
2021/7/26,11:00,28
2021/7/26,12:00,26.2
2021/7/26,13:00,28.7
2021/7/26,14:00,28.6
2021/7/26,15:00,28.7
2021/7/26,16:00,25.8
2021/7/26,17:00,24.8
2021/7/26,18:00,24.1
2021/7/26,19:00,23.5
2021/7/26,20:00,23.5
2021/7/26,21:00,23.5
2021/7/26,22:00,23.1
2021/7/26,23:00,23.5
2021/7/27,0:00,23.1
2021/7/27,1:00,20.4
2021/7/27,2:00,21.3
2021/7/27,3:00,21.7
2021/7/27,4:00,21.7
2021/7/27,5:00,21.8
2021/7/27,6:00,22.7
2021/7/27,7:00,23
2021/7/27,8:00,23.6
2021/7/27,9:00,24.5
2021/7/27,10:00,25.9
2021/7/27,11:00,26
2021/7/27,12:00,25.8
2021/7/27,13:00,26
2021/7/27,14:00,29.6
2021/7/27,15:00,29.9
2021/7/27,16:00,28.2
2021/7/27,17:00,27
2021/7/27,18:00,25.6
2021/7/27,19:00,24.8
2021/7/27,20:00,25.3
2021/7/27,21:00,25.2
2021/7/27,22:00,25.2
2021/7/27,23:00,24.2
2021/7/28,0:00,23.7
2021/7/28,1:00,23.9
2021/7/28,2:00,23.9
2021/7/28,3:00,23
2021/7/28,4:00,22.8
2021/7/28,5:00,23.2
2021/7/28,6:00,25.9
2021/7/28,7:00,26.8
2021/7/28,8:00,27.7
2021/7/28,9:00,27
2021/7/28,10:00,29.5
2021/7/28,11:00,30.6
2021/7/28,12:00,28.7
2021/7/28,13:00,30
2021/7/28,14:00,30.5
2021/7/28,15:00,30.9
2021/7/28,16:00,30.1
2021/7/28,17:00,29
2021/7/28,18:00,27.9
2021/7/28,19:00,26.9
2021/7/28,20:00,27.5
2021/7/28,21:00,23.5
2021/7/28,22:00,22.7
2021/7/28,23:00,22.8
2021/7/29,0:00,23.2
2021/7/29,1:00,23.5
2021/7/29,2:00,23.7
2021/7/29,3:00,23.9
2021/7/29,4:00,23.6
2021/7/29,5:00,23.7
2021/7/29,6:00,24.8
2021/7/29,7:00,25.6
2021/7/29,8:00,26.4
2021/7/29,9:00,26.6
2021/7/29,10:00,27.2
2021/7/29,11:00,27.9
2021/7/29,12:00,30.2
2021/7/29,13:00,28.9
2021/7/29,14:00,31.5
2021/7/29,15:00,28.4
2021/7/29,16:00,27.4
2021/7/29,17:00,27.6
2021/7/29,18:00,26.8
2021/7/29,19:00,26.2
2021/7/29,20:00,26.1
2021/7/29,21:00,25.9
2021/7/29,22:00,26
2021/7/29,23:00,26.2
2021/7/30,0:00,26.2
2021/7/30,1:00,24.5
2021/7/30,2:00,23.5
2021/7/30,3:00,23.6
2021/7/30,4:00,23.9
2021/7/30,5:00,24
2021/7/30,6:00,24.3
2021/7/30,7:00,25.3
2021/7/30,8:00,25.7
2021/7/30,9:00,28.5
2021/7/30,10:00,28.1
2021/7/30,11:00,28.5
2021/7/30,12:00,28.9
2021/7/30,13:00,27
2021/7/30,14:00,26.7
2021/7/30,15:00,27.9
2021/7/30,16:00,27.9
2021/7/30,17:00,27.8
2021/7/30,18:00,26.8
2021/7/30,19:00,25.2
2021/7/30,20:00,25.9
2021/7/30,21:00,26.5
2021/7/30,22:00,26
2021/7/30,23:00,25.9
2021/7/31,0:00,24.8
2021/7/31,1:00,24.6
2021/7/31,2:00,24.5
2021/7/31,3:00,24.3
2021/7/31,4:00,24.4
2021/7/31,5:00,24
2021/7/31,6:00,26
2021/7/31,7:00,25.6
2021/7/31,8:00,26.6
2021/7/31,9:00,26.4
2021/7/31,10:00,26.7
2021/7/31,11:00,27.9
2021/7/31,12:00,27.6
2021/7/31,13:00,28.1
2021/7/31,14:00,30.8
2021/7/31,15:00,30.5
2021/7/31,16:00,30.2
2021/7/31,17:00,28.7
2021/7/31,18:00,26.8
2021/7/31,19:00,24.9
2021/7/31,20:00,24.7
2021/7/31,21:00,24.8
2021/7/31,22:00,25.2
2021/7/31,23:00,25.4
2021/8/1,0:00,25.2
2021/8/1,1:00,24.5
2021/8/1,2:00,24.7
2021/8/1,3:00,24.3
2021/8/1,4:00,23.9
2021/8/1,5:00,23.8
2021/8/1,6:00,24.5
2021/8/1,7:00,27.3
2021/8/1,8:00,28.6
2021/8/1,9:00,29.8
2021/8/1,10:00,31
2021/8/1,11:00,31.8
2021/8/1,12:00,32.7
2021/8/1,13:00,32.6
2021/8/1,14:00,31.9
2021/8/1,15:00,31.7
2021/8/1,16:00,31
2021/8/1,17:00,30.2
2021/8/1,18:00,28.9
2021/8/1,19:00,27.3
2021/8/1,20:00,26.7
2021/8/1,21:00,26.6
2021/8/1,22:00,26.2
2021/8/1,23:00,26.4
2021/8/2,0:00,26.8
2021/8/2,1:00,26.4
2021/8/2,2:00,25.9
2021/8/2,3:00,25.7
2021/8/2,4:00,25.3
2021/8/2,5:00,25.8
2021/8/2,6:00,26
2021/8/2,7:00,28
2021/8/2,8:00,29.4
2021/8/2,9:00,30.5
2021/8/2,10:00,31.8
2021/8/2,11:00,31.5
2021/8/2,12:00,32.1
2021/8/2,13:00,32.7
2021/8/2,14:00,32.3
2021/8/2,15:00,26.9
2021/8/2,16:00,28.1
2021/8/2,17:00,28.3
2021/8/2,18:00,27.6
2021/8/2,19:00,27.9
2021/8/2,20:00,26.7
2021/8/2,21:00,26.7
2021/8/2,22:00,26.2
2021/8/2,23:00,26.7
2021/8/3,0:00,26.7
2021/8/3,1:00,26.5
2021/8/3,2:00,26.7
2021/8/3,3:00,27.1
2021/8/3,4:00,26.7
2021/8/3,5:00,26.7
2021/8/3,6:00,28.6
2021/8/3,7:00,29.9
2021/8/3,8:00,31.2
2021/8/3,9:00,30.2
2021/8/3,10:00,31.5
2021/8/3,11:00,31.3
2021/8/3,12:00,31.5
2021/8/3,13:00,32.1
2021/8/3,14:00,32
2021/8/3,15:00,31.7
2021/8/3,16:00,30.8
2021/8/3,17:00,29.8
2021/8/3,18:00,28.2
2021/8/3,19:00,26.8
2021/8/3,20:00,26.6
2021/8/3,21:00,26.6
2021/8/3,22:00,26.6
2021/8/3,23:00,26.7
2021/8/4,0:00,26.6
2021/8/4,1:00,26.1
2021/8/4,2:00,25.6
2021/8/4,3:00,25.9
2021/8/4,4:00,25.7
2021/8/4,5:00,25.6
2021/8/4,6:00,27.5
2021/8/4,7:00,28.9
2021/8/4,8:00,29.8
2021/8/4,9:00,29.9
2021/8/4,10:00,31.2
2021/8/4,11:00,31.8
2021/8/4,12:00,32.4
2021/8/4,13:00,33.5
2021/8/4,14:00,34.4
2021/8/4,15:00,33.5
2021/8/4,16:00,32.6
2021/8/4,17:00,31.2
2021/8/4,18:00,28.7
2021/8/4,19:00,26.6
2021/8/4,20:00,26.8
2021/8/4,21:00,26
2021/8/4,22:00,25.4
2021/8/4,23:00,26.1
2021/8/5,0:00,25.3
2021/8/5,1:00,24.9
2021/8/5,2:00,24.5
2021/8/5,3:00,24.4
2021/8/5,4:00,24.3
2021/8/5,5:00,23.9
2021/8/5,6:00,26.9
2021/8/5,7:00,27.4
2021/8/5,8:00,29
2021/8/5,9:00,30
2021/8/5,10:00,30.2
2021/8/5,11:00,31
2021/8/5,12:00,31.9
2021/8/5,13:00,32.6
2021/8/5,14:00,32.4
2021/8/5,15:00,32.4
2021/8/5,16:00,32.3
2021/8/5,17:00,30.4
2021/8/5,18:00,28.4
2021/8/5,19:00,27.8
2021/8/5,20:00,27.7
2021/8/5,21:00,27.2
2021/8/5,22:00,26.9
2021/8/5,23:00,26.6
2021/8/6,0:00,26.3
2021/8/6,1:00,26.4
2021/8/6,2:00,24.2
2021/8/6,3:00,25.1
2021/8/6,4:00,25
2021/8/6,5:00,23.7
2021/8/6,6:00,25.6
2021/8/6,7:00,27.9
2021/8/6,8:00,28.4
2021/8/6,9:00,28.5
2021/8/6,10:00,30.2
2021/8/6,11:00,30.3
2021/8/6,12:00,30.8
2021/8/6,13:00,31.9
2021/8/6,14:00,32.9
2021/8/6,15:00,32.3
2021/8/6,16:00,32.2
2021/8/6,17:00,30.3
2021/8/6,18:00,28.9
2021/8/6,19:00,27.2
2021/8/6,20:00,26.9
2021/8/6,21:00,26.8
2021/8/6,22:00,26.5
2021/8/6,23:00,26.2
2021/8/7,0:00,26.4
2021/8/7,1:00,26.3
2021/8/7,2:00,26.8
2021/8/7,3:00,26.5
2021/8/7,4:00,25.9
2021/8/7,5:00,26.2
2021/8/7,6:00,27.6
2021/8/7,7:00,28.9
2021/8/7,8:00,27.7
2021/8/7,9:00,30.1
2021/8/7,10:00,28.7
2021/8/7,11:00,29.3
2021/8/7,12:00,26.5
2021/8/7,13:00,28.1
2021/8/7,14:00,28.6
2021/8/7,15:00,31.5
2021/8/7,16:00,29.1
2021/8/7,17:00,28.9
2021/8/7,18:00,28.9
2021/8/7,19:00,28.2
2021/8/7,20:00,27.2
2021/8/7,21:00,26.9
2021/8/7,22:00,26.6
2021/8/7,23:00,26.3
2021/8/8,0:00,26.4
2021/8/8,1:00,26.4
2021/8/8,2:00,25.8
2021/8/8,3:00,25.8
2021/8/8,4:00,25.8
2021/8/8,5:00,25.5
2021/8/8,6:00,25.6
2021/8/8,7:00,25.9
2021/8/8,8:00,26.2
2021/8/8,9:00,26.5
2021/8/8,10:00,27.1
2021/8/8,11:00,27.3
2021/8/8,12:00,27.7
2021/8/8,13:00,27.7
2021/8/8,14:00,28.5
2021/8/8,15:00,29
2021/8/8,16:00,28.3
2021/8/8,17:00,27.9
2021/8/8,18:00,28.4
2021/8/8,19:00,27.2
2021/8/8,20:00,27.3
2021/8/8,21:00,27.5
2021/8/8,22:00,27.2
2021/8/8,23:00,26.7
2021/8/9,0:00,26.4
2021/8/9,1:00,26.1
2021/8/9,2:00,25.4
2021/8/9,3:00,25.1
2021/8/9,4:00,24.8
2021/8/9,5:00,24.9
2021/8/9,6:00,25.7
2021/8/9,7:00,29.2
2021/8/9,8:00,29.6
2021/8/9,9:00,28.9
2021/8/9,10:00,28.6
2021/8/9,11:00,31.4
2021/8/9,12:00,32.5
2021/8/9,13:00,32.3
2021/8/9,14:00,31.5
2021/8/9,15:00,30.8
2021/8/9,16:00,30.1
2021/8/9,17:00,28.7
2021/8/9,18:00,27
2021/8/9,19:00,26.5
2021/8/9,20:00,26.5
2021/8/9,21:00,26.5
2021/8/9,22:00,26.1
2021/8/9,23:00,26.2
2021/8/10,0:00,26.4
2021/8/10,1:00,26.2
2021/8/10,2:00,25.9
2021/8/10,3:00,24.9
2021/8/10,4:00,25.4
2021/8/10,5:00,25.4
2021/8/10,6:00,25.7
2021/8/10,7:00,28.3
2021/8/10,8:00,29.6
2021/8/10,9:00,31.4
2021/8/10,10:00,31.2
2021/8/10,11:00,31.4
2021/8/10,12:00,31.9
2021/8/10,13:00,32.3
2021/8/10,14:00,32.4
2021/8/10,15:00,32.2
2021/8/10,16:00,30.2
2021/8/10,17:00,27.5
2021/8/10,18:00,26.8
2021/8/10,19:00,24.8
2021/8/10,20:00,24.8
2021/8/10,21:00,23.6
2021/8/10,22:00,23.3
2021/8/10,23:00,23
2021/8/11,0:00,22.3
2021/8/11,1:00,22.2
2021/8/11,2:00,21.8
2021/8/11,3:00,22.1
2021/8/11,4:00,21.9
2021/8/11,5:00,21.7
2021/8/11,6:00,23.7
2021/8/11,7:00,25.2
2021/8/11,8:00,27.2
2021/8/11,9:00,28
2021/8/11,10:00,28.3
2021/8/11,11:00,29
2021/8/11,12:00,29.6
2021/8/11,13:00,29.8
2021/8/11,14:00,30.2
2021/8/11,15:00,28.1
2021/8/11,16:00,29
2021/8/11,17:00,26.2
2021/8/11,18:00,25.8
2021/8/11,19:00,25.8
2021/8/11,20:00,25.8
2021/8/11,21:00,25.4
2021/8/11,22:00,24.6
2021/8/11,23:00,24.5
2021/8/12,0:00,24.5
2021/8/12,1:00,24.3
2021/8/12,2:00,24.5
2021/8/12,3:00,24.3
2021/8/12,4:00,23.3
2021/8/12,5:00,23.1
2021/8/12,6:00,23.6
2021/8/12,7:00,24
2021/8/12,8:00,24.1
2021/8/12,9:00,25.4
2021/8/12,10:00,25.6
2021/8/12,11:00,26.6
2021/8/12,12:00,26.8
2021/8/12,13:00,27.7
2021/8/12,14:00,28
2021/8/12,15:00,27.8
2021/8/12,16:00,23.4
2021/8/12,17:00,24.6
2021/8/12,18:00,24.9
2021/8/12,19:00,25.1
2021/8/12,20:00,24.5
2021/8/12,21:00,24.3
2021/8/12,22:00,23.8
2021/8/12,23:00,22.9
2021/8/13,0:00,22.5
2021/8/13,1:00,22.5
2021/8/13,2:00,22
2021/8/13,3:00,21.9
2021/8/13,4:00,21.5
2021/8/13,5:00,21.3
2021/8/13,6:00,21.7
2021/8/13,7:00,21.4
2021/8/13,8:00,21.8
2021/8/13,9:00,22.1
2021/8/13,10:00,22.6
2021/8/13,11:00,22.7
2021/8/13,12:00,22.5
2021/8/13,13:00,22.9
2021/8/13,14:00,23.1
2021/8/13,15:00,22.7
2021/8/13,16:00,22.6
2021/8/13,17:00,22.4
2021/8/13,18:00,21.8
2021/8/13,19:00,22
2021/8/13,20:00,22.8
2021/8/13,21:00,22.9
2021/8/13,22:00,22.9
2021/8/13,23:00,21.6
2021/8/14,0:00,21.4
2021/8/14,1:00,21.8
2021/8/14,2:00,21.6
2021/8/14,3:00,21.6
2021/8/14,4:00,21.5
2021/8/14,5:00,21.5
2021/8/14,6:00,22.3
2021/8/14,7:00,22.9
2021/8/14,8:00,22.9
2021/8/14,9:00,22.6
2021/8/14,10:00,22.6
2021/8/14,11:00,22.8
2021/8/14,12:00,23.2
2021/8/14,13:00,22.6
2021/8/14,14:00,22.3
2021/8/14,15:00,22
2021/8/14,16:00,21.9
2021/8/14,17:00,21.4
2021/8/14,18:00,20.5
2021/8/14,19:00,20.6
2021/8/14,20:00,20.4
2021/8/14,21:00,20.1
2021/8/14,22:00,19.9
2021/8/14,23:00,19.5
2021/8/15,0:00,19.2
2021/8/15,1:00,19.3
2021/8/15,2:00,19.1
2021/8/15,3:00,19
2021/8/15,4:00,18.6
2021/8/15,5:00,18.7
2021/8/15,6:00,19
2021/8/15,7:00,19.3
2021/8/15,8:00,19.9
2021/8/15,9:00,20.7
2021/8/15,10:00,20.7
2021/8/15,11:00,20.7
2021/8/15,12:00,20.6
2021/8/15,13:00,21
2021/8/15,14:00,21.1
2021/8/15,15:00,21.3
2021/8/15,16:00,21.3
2021/8/15,17:00,20.9
2021/8/15,18:00,20.4
2021/8/15,19:00,20.1
2021/8/15,20:00,20.2
2021/8/15,21:00,20.1
2021/8/15,22:00,20
2021/8/15,23:00,20
2021/8/16,0:00,20.1
2021/8/16,1:00,20.1
2021/8/16,2:00,20
2021/8/16,3:00,19.4
2021/8/16,4:00,19.5
2021/8/16,5:00,19.5
2021/8/16,6:00,20
2021/8/16,7:00,20.7
2021/8/16,8:00,21.4
2021/8/16,9:00,21.2
2021/8/16,10:00,21.6
2021/8/16,11:00,21.9
2021/8/16,12:00,22.4
2021/8/16,13:00,22.6
2021/8/16,14:00,22.6
2021/8/16,15:00,22.5
2021/8/16,16:00,22.6
2021/8/16,17:00,22.5
2021/8/16,18:00,22
2021/8/16,19:00,21.8
2021/8/16,20:00,21.7
2021/8/16,21:00,21.7
2021/8/16,22:00,21.6
2021/8/16,23:00,21.5
2021/8/17,0:00,21.4
2021/8/17,1:00,21.4
2021/8/17,2:00,21.3
2021/8/17,3:00,21.3
2021/8/17,4:00,21.2
2021/8/17,5:00,21.2
2021/8/17,6:00,21.5
2021/8/17,7:00,22.1
2021/8/17,8:00,22.8
2021/8/17,9:00,23.6
2021/8/17,10:00,24.3
2021/8/17,11:00,24.6
2021/8/17,12:00,24.4
2021/8/17,13:00,25.2
2021/8/17,14:00,25.6
2021/8/17,15:00,25.9
2021/8/17,16:00,26
2021/8/17,17:00,26.1
2021/8/17,18:00,25.8
2021/8/17,19:00,25.4
2021/8/17,20:00,25.2
2021/8/17,21:00,25
2021/8/17,22:00,24.9
2021/8/17,23:00,25.1
2021/8/18,0:00,25.8
2021/8/18,1:00,25.9
2021/8/18,2:00,25.8
2021/8/18,3:00,25.8
2021/8/18,4:00,25.6
2021/8/18,5:00,25.9
2021/8/18,6:00,26.5
2021/8/18,7:00,27.3
2021/8/18,8:00,30.6
2021/8/18,9:00,31.9
2021/8/18,10:00,28.1
2021/8/18,11:00,25.4
2021/8/18,12:00,29.2
2021/8/18,13:00,29.5
2021/8/18,14:00,27.7
2021/8/18,15:00,28
2021/8/18,16:00,26.4
2021/8/18,17:00,28.3
2021/8/18,18:00,26.7
2021/8/18,19:00,25.6
2021/8/18,20:00,24.9
2021/8/18,21:00,24.9
2021/8/18,22:00,25.2
2021/8/18,23:00,25.3
2021/8/19,0:00,24.9
2021/8/19,1:00,24.4
2021/8/19,2:00,23.4
2021/8/19,3:00,22.1
2021/8/19,4:00,21.6
2021/8/19,5:00,21.7
2021/8/19,6:00,23.1
2021/8/19,7:00,26.6
2021/8/19,8:00,27.8
2021/8/19,9:00,29.7
2021/8/19,10:00,29.8
2021/8/19,11:00,31.2
2021/8/19,12:00,31.3
2021/8/19,13:00,31.2
2021/8/19,14:00,30.7
2021/8/19,15:00,30.8
2021/8/19,16:00,29.7
2021/8/19,17:00,28.3
2021/8/19,18:00,26.2
2021/8/19,19:00,25.8
2021/8/19,20:00,25.7
2021/8/19,21:00,25.2
2021/8/19,22:00,25
2021/8/19,23:00,25
2021/8/20,0:00,24.9
2021/8/20,1:00,25
2021/8/20,2:00,24.1
2021/8/20,3:00,24.2
2021/8/20,4:00,22.7
2021/8/20,5:00,22.6
2021/8/20,6:00,23.7
2021/8/20,7:00,25.4
2021/8/20,8:00,26.6
2021/8/20,9:00,27.8
2021/8/20,10:00,29.4
2021/8/20,11:00,31
2021/8/20,12:00,31.6
2021/8/20,13:00,31.8
2021/8/20,14:00,31.3
2021/8/20,15:00,31.1
2021/8/20,16:00,31
2021/8/20,17:00,28.3
2021/8/20,18:00,26.4
2021/8/20,19:00,25.7
2021/8/20,20:00,25.6
2021/8/20,21:00,25.4
2021/8/20,22:00,24
2021/8/20,23:00,23.8
2021/8/21,0:00,24.3
2021/8/21,1:00,23
2021/8/21,2:00,23.5
2021/8/21,3:00,23.6
2021/8/21,4:00,23.4
2021/8/21,5:00,22.6
2021/8/21,6:00,23.8
2021/8/21,7:00,26.1
2021/8/21,8:00,26.7
2021/8/21,9:00,28
2021/8/21,10:00,26.7
2021/8/21,11:00,27.6
2021/8/21,12:00,27.6
2021/8/21,13:00,30.3
2021/8/21,14:00,29
2021/8/21,15:00,28.5
2021/8/21,16:00,28.1
2021/8/21,17:00,27.3
2021/8/21,18:00,26.9
2021/8/21,19:00,26.3
2021/8/21,20:00,26.7
2021/8/21,21:00,26.7
2021/8/21,22:00,25.9
2021/8/21,23:00,24.8
2021/8/22,0:00,24.5
2021/8/22,1:00,24.5
2021/8/22,2:00,24.4
2021/8/22,3:00,24.5
2021/8/22,4:00,24.4
2021/8/22,5:00,24.4
2021/8/22,6:00,25
2021/8/22,7:00,25.4
2021/8/22,8:00,25.5
2021/8/22,9:00,26.4
2021/8/22,10:00,27.8
2021/8/22,11:00,27.2
2021/8/22,12:00,29.9
2021/8/22,13:00,31.1
2021/8/22,14:00,31.4
2021/8/22,15:00,29.5
2021/8/22,16:00,31.1
2021/8/22,17:00,30.2
2021/8/22,18:00,28.4
2021/8/22,19:00,27.2
2021/8/22,20:00,28.2
2021/8/22,21:00,27.3
2021/8/22,22:00,26.5
2021/8/22,23:00,26
2021/8/23,0:00,24.8
2021/8/23,1:00,24.9
2021/8/23,2:00,25.2
2021/8/23,3:00,25.1
2021/8/23,4:00,25
2021/8/23,5:00,25.3
2021/8/23,6:00,25.5
2021/8/23,7:00,25.7
2021/8/23,8:00,25.9
2021/8/23,9:00,23.7
2021/8/23,10:00,28.7
2021/8/23,11:00,28.2
2021/8/23,12:00,27.6
2021/8/23,13:00,27.2
2021/8/23,14:00,27.2
2021/8/23,15:00,27.4
2021/8/23,16:00,29.5
2021/8/23,17:00,29.2
2021/8/23,18:00,27.2
2021/8/23,19:00,26.9
2021/8/23,20:00,26.3
2021/8/23,21:00,26.3
2021/8/23,22:00,25.4
2021/8/23,23:00,25.1
2021/8/24,0:00,25.5
2021/8/24,1:00,25.1
2021/8/24,2:00,24.7
2021/8/24,3:00,24.6
2021/8/24,4:00,24.8
2021/8/24,5:00,24.5
2021/8/24,6:00,24.7
2021/8/24,7:00,26.8
2021/8/24,8:00,26.1
2021/8/24,9:00,28.2
2021/8/24,10:00,27.1
2021/8/24,11:00,27.9
2021/8/24,12:00,28
2021/8/24,13:00,28.1
2021/8/24,14:00,28.3
2021/8/24,15:00,28.4
2021/8/24,16:00,29.3
2021/8/24,17:00,27.1
2021/8/24,18:00,26.1
2021/8/24,19:00,25.7
2021/8/24,20:00,25.4
2021/8/24,21:00,24.7
2021/8/24,22:00,24.3
2021/8/24,23:00,24.6
2021/8/25,0:00,25.4
2021/8/25,1:00,24.6
2021/8/25,2:00,24.9
2021/8/25,3:00,24.9
2021/8/25,4:00,24.6
2021/8/25,5:00,24.7
2021/8/25,6:00,25.3
2021/8/25,7:00,26
2021/8/25,8:00,26.3
2021/8/25,9:00,26.8
2021/8/25,10:00,26.9
2021/8/25,11:00,27.5
2021/8/25,12:00,29.3
2021/8/25,13:00,28.5
2021/8/25,14:00,28.9
2021/8/25,15:00,31.1
2021/8/25,16:00,28.9
2021/8/25,17:00,29.3
2021/8/25,18:00,27.4
2021/8/25,19:00,27.2
2021/8/25,20:00,27
2021/8/25,21:00,26.7
2021/8/25,22:00,26.2
2021/8/25,23:00,26.1
2021/8/26,0:00,25.9
2021/8/26,1:00,25.9
2021/8/26,2:00,25.7
2021/8/26,3:00,25.5
2021/8/26,4:00,25
2021/8/26,5:00,25.5
2021/8/26,6:00,26.2
2021/8/26,7:00,27.4
2021/8/26,8:00,29.3
2021/8/26,9:00,30
2021/8/26,10:00,30.7
2021/8/26,11:00,30.8
2021/8/26,12:00,31.9
2021/8/26,13:00,31.9
2021/8/26,14:00,32.3
2021/8/26,15:00,31.8
2021/8/26,16:00,30
2021/8/26,17:00,29.5
2021/8/26,18:00,28.4
2021/8/26,19:00,27.5
2021/8/26,20:00,27.6
2021/8/26,21:00,27.4
2021/8/26,22:00,27.3
2021/8/26,23:00,26.7
2021/8/27,0:00,26.6
2021/8/27,1:00,26.1
2021/8/27,2:00,25.7
2021/8/27,3:00,25.6
2021/8/27,4:00,25.4
2021/8/27,5:00,25.7
2021/8/27,6:00,26.5
2021/8/27,7:00,28.3
2021/8/27,8:00,29.3
2021/8/27,9:00,30.8
2021/8/27,10:00,31.1
2021/8/27,11:00,30.3
2021/8/27,12:00,30.8
2021/8/27,13:00,31.9
2021/8/27,14:00,31.7
2021/8/27,15:00,31.2
2021/8/27,16:00,30.8
2021/8/27,17:00,28.3
2021/8/27,18:00,27.2
2021/8/27,19:00,26.9
2021/8/27,20:00,26.6
2021/8/27,21:00,26.8
2021/8/27,22:00,26.9
2021/8/27,23:00,26.4
2021/8/28,0:00,26.6
2021/8/28,1:00,26.5
2021/8/28,2:00,26.1
2021/8/28,3:00,26.2
2021/8/28,4:00,25.9
2021/8/28,5:00,25.6
2021/8/28,6:00,25.9
2021/8/28,7:00,26.8
2021/8/28,8:00,27.3
2021/8/28,9:00,29.9
2021/8/28,10:00,30.5
2021/8/28,11:00,32
2021/8/28,12:00,31.4
2021/8/28,13:00,31.7
2021/8/28,14:00,31.8
2021/8/28,15:00,31.9
2021/8/28,16:00,30.8
2021/8/28,17:00,29
2021/8/28,18:00,26.5
2021/8/28,19:00,25
2021/8/28,20:00,24.8
2021/8/28,21:00,25
2021/8/28,22:00,24.6
2021/8/28,23:00,24.2
2021/8/29,0:00,24.2
2021/8/29,1:00,25.5
2021/8/29,2:00,25
2021/8/29,3:00,25.4
2021/8/29,4:00,25.8
2021/8/29,5:00,25.7
2021/8/29,6:00,26.1
2021/8/29,7:00,25.7
2021/8/29,8:00,26.1
2021/8/29,9:00,26.5
2021/8/29,10:00,27.1
2021/8/29,11:00,26.9
2021/8/29,12:00,27.2
2021/8/29,13:00,27.1
2021/8/29,14:00,26.7
2021/8/29,15:00,26.8
2021/8/29,16:00,26.2
2021/8/29,17:00,25.6
2021/8/29,18:00,24.9
2021/8/29,19:00,24.1
2021/8/29,20:00,23.8
2021/8/29,21:00,24
2021/8/29,22:00,23.6
2021/8/29,23:00,23.4
2021/8/30,0:00,23.9
2021/8/30,1:00,23.9
2021/8/30,2:00,24
2021/8/30,3:00,24
2021/8/30,4:00,23.9
2021/8/30,5:00,23.9
2021/8/30,6:00,24.4
2021/8/30,7:00,25
2021/8/30,8:00,25.7
2021/8/30,9:00,28.9
2021/8/30,10:00,29.5
2021/8/30,11:00,30
2021/8/30,12:00,30.5
2021/8/30,13:00,31.2
2021/8/30,14:00,31.3
2021/8/30,15:00,31.5
2021/8/30,16:00,31.1
2021/8/30,17:00,30
2021/8/30,18:00,28.1
2021/8/30,19:00,27.6
2021/8/30,20:00,27.4
2021/8/30,21:00,26.9
2021/8/30,22:00,25.7
2021/8/30,23:00,24.4
2021/8/31,0:00,24.8
2021/8/31,1:00,24.7
2021/8/31,2:00,24.3
2021/8/31,3:00,24.1
2021/8/31,4:00,23.9
2021/8/31,5:00,24.2
2021/8/31,6:00,25.3
2021/8/31,7:00,26.8
2021/8/31,8:00,25.5
2021/8/31,9:00,26
2021/8/31,10:00,29.1
2021/8/31,11:00,27.2
2021/8/31,12:00,29.3
2021/8/31,13:00,27.1
2021/8/31,14:00,25.1
2021/8/31,15:00,25.5
2021/8/31,16:00,25.4
2021/8/31,17:00,25.1
2021/8/31,18:00,23.8
2021/8/31,19:00,22.5
2021/8/31,20:00,21.7
2021/8/31,21:00,20.6
2021/8/31,22:00,21
2021/8/31,23:00,21.3
2021/9/1,0:00,21.4
2021/9/1,1:00,21.1
2021/9/1,2:00,21.3
2021/9/1,3:00,21.1
2021/9/1,4:00,20.9
2021/9/1,5:00,21.3
2021/9/1,6:00,21.5
2021/9/1,7:00,21.8
2021/9/1,8:00,22.1
2021/9/1,9:00,22.1
2021/9/1,10:00,22.7
2021/9/1,11:00,21.3
2021/9/1,12:00,21.7
2021/9/1,13:00,20.4
2021/9/1,14:00,20.2
2021/9/1,15:00,18.7
2021/9/1,16:00,18.8
2021/9/1,17:00,18.7
2021/9/1,18:00,18.3
2021/9/1,19:00,18.3
2021/9/1,20:00,18.4
2021/9/1,21:00,18.3
2021/9/1,22:00,18.2
2021/9/1,23:00,18.2
2021/9/2,0:00,18.2
2021/9/2,1:00,18.1
2021/9/2,2:00,18
2021/9/2,3:00,18.1
2021/9/2,4:00,18.5
2021/9/2,5:00,18.5
2021/9/2,6:00,18.9
2021/9/2,7:00,19.4
2021/9/2,8:00,20
2021/9/2,9:00,20.2
2021/9/2,10:00,20.7
2021/9/2,11:00,21
2021/9/2,12:00,21
2021/9/2,13:00,20.7
2021/9/2,14:00,20.6
2021/9/2,15:00,20.5
2021/9/2,16:00,20.3
2021/9/2,17:00,19.9
2021/9/2,18:00,19.4
2021/9/2,19:00,19.3
2021/9/2,20:00,19.4
2021/9/2,21:00,19.3
2021/9/2,22:00,19.4
2021/9/2,23:00,19.3
2021/9/3,0:00,19.3
2021/9/3,1:00,18.7
2021/9/3,2:00,18.8
2021/9/3,3:00,18.7
2021/9/3,4:00,18.8
2021/9/3,5:00,19
2021/9/3,6:00,19.2
2021/9/3,7:00,19.6
2021/9/3,8:00,20.1
2021/9/3,9:00,20.4
2021/9/3,10:00,20.7
2021/9/3,11:00,21.1
2021/9/3,12:00,21.2
2021/9/3,13:00,21.2
2021/9/3,14:00,21.4
2021/9/3,15:00,21.1
2021/9/3,16:00,20.8
2021/9/3,17:00,20.5
2021/9/3,18:00,19.9
2021/9/3,19:00,19.9
2021/9/3,20:00,20
2021/9/3,21:00,19.8
2021/9/3,22:00,20
2021/9/3,23:00,19.8
2021/9/4,0:00,19.8
2021/9/4,1:00,19.3
2021/9/4,2:00,19.4
2021/9/4,3:00,19.4
2021/9/4,4:00,19.4
2021/9/4,5:00,19.6
2021/9/4,6:00,20
2021/9/4,7:00,20.9
2021/9/4,8:00,20.9
2021/9/4,9:00,21.3
2021/9/4,10:00,22
2021/9/4,11:00,22.6
2021/9/4,12:00,22.6
2021/9/4,13:00,22.9
2021/9/4,14:00,22.9
2021/9/4,15:00,22.2
2021/9/4,16:00,21.6
2021/9/4,17:00,20.8
2021/9/4,18:00,20
2021/9/4,19:00,19.9
2021/9/4,20:00,19.1
2021/9/4,21:00,18.9
2021/9/4,22:00,18.9
2021/9/4,23:00,19
2021/9/5,0:00,18.9
2021/9/5,1:00,18.9
2021/9/5,2:00,18.7
2021/9/5,3:00,18.8
2021/9/5,4:00,18.8
2021/9/5,5:00,18.8
2021/9/5,6:00,19.2
2021/9/5,7:00,19.9
2021/9/5,8:00,20.2
2021/9/5,9:00,20.7
2021/9/5,10:00,21.3
2021/9/5,11:00,21.7
2021/9/5,12:00,22.3
2021/9/5,13:00,22.4
2021/9/5,14:00,22.5
2021/9/5,15:00,21.9
2021/9/5,16:00,22.1
2021/9/5,17:00,21.5
2021/9/5,18:00,20.5
2021/9/5,19:00,20.2
2021/9/5,20:00,20.2
2021/9/5,21:00,19.5
2021/9/5,22:00,19.5
2021/9/5,23:00,19.4
2021/9/6,0:00,19.6
2021/9/6,1:00,19.3
2021/9/6,2:00,19.3
2021/9/6,3:00,18.8
2021/9/6,4:00,18.5
2021/9/6,5:00,18
2021/9/6,6:00,18.3
2021/9/6,7:00,18.5
2021/9/6,8:00,19.2
2021/9/6,9:00,19.6
2021/9/6,10:00,20
2021/9/6,11:00,20.2
2021/9/6,12:00,20.2
2021/9/6,13:00,20
2021/9/6,14:00,19.9
2021/9/6,15:00,19.8
2021/9/6,16:00,19.9
2021/9/6,17:00,19.3
2021/9/6,18:00,19
2021/9/6,19:00,19
2021/9/6,20:00,18.4
2021/9/6,21:00,17.6
2021/9/6,22:00,17.1
2021/9/6,23:00,16.9
2021/9/7,0:00,16.7
2021/9/7,1:00,16.4
2021/9/7,2:00,15.9
2021/9/7,3:00,16.4
2021/9/7,4:00,16.4
2021/9/7,5:00,16
2021/9/7,6:00,16.9
2021/9/7,7:00,18.9
2021/9/7,8:00,20.2
2021/9/7,9:00,19.6
2021/9/7,10:00,19.6
2021/9/7,11:00,19.9
2021/9/7,12:00,20.8
2021/9/7,13:00,20.8
2021/9/7,14:00,20.5
2021/9/7,15:00,20.3
2021/9/7,16:00,20
2021/9/7,17:00,18.9
2021/9/7,18:00,17.4
2021/9/7,19:00,16.8
2021/9/7,20:00,17
2021/9/7,21:00,17
2021/9/7,22:00,17.3
2021/9/7,23:00,17.3
2021/9/8,0:00,17.3
2021/9/8,1:00,17.3
2021/9/8,2:00,17.1
2021/9/8,3:00,16.9
2021/9/8,4:00,16.6
2021/9/8,5:00,16.4
2021/9/8,6:00,16.5
2021/9/8,7:00,19.2
2021/9/8,8:00,18.4
2021/9/8,9:00,21.6
2021/9/8,10:00,22.3
2021/9/8,11:00,20.9
2021/9/8,12:00,20.6
2021/9/8,13:00,20.5
2021/9/8,14:00,20.9
2021/9/8,15:00,20.5
2021/9/8,16:00,19.1
2021/9/8,17:00,18.4
2021/9/8,18:00,17.4
2021/9/8,19:00,17.4
2021/9/8,20:00,17.8
2021/9/8,21:00,17.9
2021/9/8,22:00,18.2
2021/9/8,23:00,17.9
2021/9/9,0:00,18
2021/9/9,1:00,18.1
2021/9/9,2:00,18.2
2021/9/9,3:00,18
2021/9/9,4:00,18
2021/9/9,5:00,17.9
2021/9/9,6:00,18.2
2021/9/9,7:00,18.7
2021/9/9,8:00,19
2021/9/9,9:00,19.5
2021/9/9,10:00,22.1
2021/9/9,11:00,20.8
2021/9/9,12:00,21.1
2021/9/9,13:00,21.8
2021/9/9,14:00,22.6
2021/9/9,15:00,22.8
2021/9/9,16:00,22.7
2021/9/9,17:00,23.3
2021/9/9,18:00,22
2021/9/9,19:00,21.9
2021/9/9,20:00,22
2021/9/9,21:00,21.9
2021/9/9,22:00,21.7
2021/9/9,23:00,21.2
2021/9/10,0:00,20.9
2021/9/10,1:00,20.3
2021/9/10,2:00,19.9
2021/9/10,3:00,20
2021/9/10,4:00,19.9
2021/9/10,5:00,20
2021/9/10,6:00,20.4
2021/9/10,7:00,21.3
2021/9/10,8:00,22.3
2021/9/10,9:00,25.8
2021/9/10,10:00,25.9
2021/9/10,11:00,26.8
2021/9/10,12:00,27.4
2021/9/10,13:00,28.1
2021/9/10,14:00,27.7
2021/9/10,15:00,26.9
2021/9/10,16:00,25.9
2021/9/10,17:00,25.1
2021/9/10,18:00,23.5
2021/9/10,19:00,23.1
2021/9/10,20:00,23.2
2021/9/10,21:00,22.9
2021/9/10,22:00,22.2
2021/9/10,23:00,21.8
2021/9/11,0:00,22
2021/9/11,1:00,21.7
2021/9/11,2:00,21.8
2021/9/11,3:00,21.7
2021/9/11,4:00,21.5
2021/9/11,5:00,21.5
2021/9/11,6:00,21.8
2021/9/11,7:00,22.4
2021/9/11,8:00,22.8
2021/9/11,9:00,23.1
2021/9/11,10:00,23.4
2021/9/11,11:00,23.6
2021/9/11,12:00,24.1
2021/9/11,13:00,26.8
2021/9/11,14:00,27.5
2021/9/11,15:00,26.8
2021/9/11,16:00,26.6
2021/9/11,17:00,24.3
2021/9/11,18:00,23.6
2021/9/11,19:00,23.7
2021/9/11,20:00,23.8
2021/9/11,21:00,23.8
2021/9/11,22:00,23.6
2021/9/11,23:00,23.2
2021/9/12,0:00,22.9
2021/9/12,1:00,23
2021/9/12,2:00,22.9
2021/9/12,3:00,22.8
2021/9/12,4:00,22.7
2021/9/12,5:00,22.6
2021/9/12,6:00,22.7
2021/9/12,7:00,22.9
2021/9/12,8:00,23.3
2021/9/12,9:00,24.2
2021/9/12,10:00,24.4
2021/9/12,11:00,24.7
2021/9/12,12:00,25
2021/9/12,13:00,25
2021/9/12,14:00,25.3
2021/9/12,15:00,24.9
2021/9/12,16:00,24.5
2021/9/12,17:00,24.3
2021/9/12,18:00,23.8
2021/9/12,19:00,23.5
2021/9/12,20:00,23.2
2021/9/12,21:00,22.8
2021/9/12,22:00,22.8
2021/9/12,23:00,22.6
2021/9/13,0:00,22.3
2021/9/13,1:00,22.1
2021/9/13,2:00,22.1
2021/9/13,3:00,21.2
2021/9/13,4:00,20.5
2021/9/13,5:00,20.5
2021/9/13,6:00,19.6
2021/9/13,7:00,22.7
2021/9/13,8:00,23.3
2021/9/13,9:00,24.5
2021/9/13,10:00,25.1
2021/9/13,11:00,24.6
2021/9/13,12:00,24.7
2021/9/13,13:00,24.5
2021/9/13,14:00,23.7
2021/9/13,15:00,22.2
2021/9/13,16:00,23.2
2021/9/13,17:00,22.8
2021/9/13,18:00,22.9
2021/9/13,19:00,22
2021/9/13,20:00,21.1
2021/9/13,21:00,20
2021/9/13,22:00,20.2
2021/9/13,23:00,20.2
2021/9/14,0:00,20.5
2021/9/14,1:00,20.5
2021/9/14,2:00,20.4
2021/9/14,3:00,20.3
2021/9/14,4:00,20.3
2021/9/14,5:00,20.1
2021/9/14,6:00,20.3
2021/9/14,7:00,20.8
2021/9/14,8:00,21.4
2021/9/14,9:00,23.2
2021/9/14,10:00,22.6
2021/9/14,11:00,22.7
2021/9/14,12:00,23.4
2021/9/14,13:00,23.2
2021/9/14,14:00,23.2
2021/9/14,15:00,22.9
2021/9/14,16:00,22.2
2021/9/14,17:00,21.8
2021/9/14,18:00,21.4
2021/9/14,19:00,21.5
2021/9/14,20:00,21.6
2021/9/14,21:00,21.7
2021/9/14,22:00,21.8
2021/9/14,23:00,21.2
2021/9/15,0:00,21
2021/9/15,1:00,20.5
2021/9/15,2:00,20.3
2021/9/15,3:00,20.4
2021/9/15,4:00,20.4
2021/9/15,5:00,20.1
2021/9/15,6:00,19.7
2021/9/15,7:00,20.3
2021/9/15,8:00,22.3
2021/9/15,9:00,24.2
2021/9/15,10:00,22.7
2021/9/15,11:00,24.6
2021/9/15,12:00,26
2021/9/15,13:00,25.3
2021/9/15,14:00,26
2021/9/15,15:00,25.6
2021/9/15,16:00,25.3
2021/9/15,17:00,22.9
2021/9/15,18:00,20.9
2021/9/15,19:00,20
2021/9/15,20:00,19.9
2021/9/15,21:00,20
2021/9/15,22:00,19.6
2021/9/15,23:00,19.5
2021/9/16,0:00,19.7
2021/9/16,1:00,19.5
2021/9/16,2:00,19.4
2021/9/16,3:00,18.4
2021/9/16,4:00,18
2021/9/16,5:00,17.8
2021/9/16,6:00,18.3
2021/9/16,7:00,19.1
2021/9/16,8:00,20.1
2021/9/16,9:00,20.7
2021/9/16,10:00,21.4
2021/9/16,11:00,24.3
2021/9/16,12:00,23.7
2021/9/16,13:00,24.1
2021/9/16,14:00,23.5
2021/9/16,15:00,23.5
2021/9/16,16:00,22.4
2021/9/16,17:00,20.1
2021/9/16,18:00,19.2
2021/9/16,19:00,18.8
2021/9/16,20:00,19
2021/9/16,21:00,18.7
2021/9/16,22:00,18.4
2021/9/16,23:00,18.1
2021/9/17,0:00,17.9
2021/9/17,1:00,17.6
2021/9/17,2:00,17.7
2021/9/17,3:00,17.5
2021/9/17,4:00,17.4
2021/9/17,5:00,17.4
2021/9/17,6:00,18
2021/9/17,7:00,18.6
2021/9/17,8:00,19.7
2021/9/17,9:00,19.7
2021/9/17,10:00,20.6
2021/9/17,11:00,21.3
2021/9/17,12:00,21.8
2021/9/17,13:00,21.9
2021/9/17,14:00,22.2
2021/9/17,15:00,22.3
2021/9/17,16:00,22.1
2021/9/17,17:00,20.9
2021/9/17,18:00,20.4
2021/9/17,19:00,20.6
2021/9/17,20:00,20.1
2021/9/17,21:00,20.2
2021/9/17,22:00,19.9
2021/9/17,23:00,19.9
2021/9/18,0:00,19.9
2021/9/18,1:00,20.1
2021/9/18,2:00,20.2
2021/9/18,3:00,20.7
2021/9/18,4:00,20.5
2021/9/18,5:00,20.5
2021/9/18,6:00,20.4
2021/9/18,7:00,20.8
2021/9/18,8:00,21
2021/9/18,9:00,22.1
2021/9/18,10:00,22.6
2021/9/18,11:00,23.9
2021/9/18,12:00,25.3
2021/9/18,13:00,25.9
2021/9/18,14:00,25.5
2021/9/18,15:00,25.2
2021/9/18,16:00,25.1
2021/9/18,17:00,24.5
2021/9/18,18:00,22.6
2021/9/18,19:00,22.6
2021/9/18,20:00,22.8
2021/9/18,21:00,22.9
2021/9/18,22:00,22.8
2021/9/18,23:00,23.1
2021/9/19,0:00,23.2
2021/9/19,1:00,23.1
2021/9/19,2:00,23.2
2021/9/19,3:00,22.4
2021/9/19,4:00,21.6
2021/9/19,5:00,21.2
2021/9/19,6:00,22.1
2021/9/19,7:00,22.5
2021/9/19,8:00,24
2021/9/19,9:00,25.4
2021/9/19,10:00,25.2
2021/9/19,11:00,24.7
2021/9/19,12:00,24.1
2021/9/19,13:00,24.6
2021/9/19,14:00,25
2021/9/19,15:00,25.4
2021/9/19,16:00,23.9
2021/9/19,17:00,21.4
2021/9/19,18:00,18.9
2021/9/19,19:00,18.5
2021/9/19,20:00,18.5
2021/9/19,21:00,18.7
2021/9/19,22:00,18
2021/9/19,23:00,18.1
2021/9/20,0:00,17.5
2021/9/20,1:00,17.2
2021/9/20,2:00,16.5
2021/9/20,3:00,16.2
2021/9/20,4:00,16.1
2021/9/20,5:00,15.4
2021/9/20,6:00,16.3
2021/9/20,7:00,18.8
2021/9/20,8:00,20.7
2021/9/20,9:00,22
2021/9/20,10:00,22.8
2021/9/20,11:00,23.3
2021/9/20,12:00,23.3
2021/9/20,13:00,23.6
2021/9/20,14:00,24.5
2021/9/20,15:00,24.3
2021/9/20,16:00,22.9
2021/9/20,17:00,21.5
2021/9/20,18:00,19.9
2021/9/20,19:00,19.3
2021/9/20,20:00,19.1
2021/9/20,21:00,19.3
2021/9/20,22:00,19.4
2021/9/20,23:00,19
2021/9/21,0:00,18.5
2021/9/21,1:00,18.3
2021/9/21,2:00,17.6
2021/9/21,3:00,17
2021/9/21,4:00,16.6
2021/9/21,5:00,16.2
2021/9/21,6:00,16.4
2021/9/21,7:00,19.3
2021/9/21,8:00,21.5
2021/9/21,9:00,22.9
2021/9/21,10:00,23.2
2021/9/21,11:00,23.9
2021/9/21,12:00,24.1
2021/9/21,13:00,24.6
2021/9/21,14:00,25.3
2021/9/21,15:00,24.8
2021/9/21,16:00,24.5
2021/9/21,17:00,23.1
2021/9/21,18:00,21.6
2021/9/21,19:00,21.4
2021/9/21,20:00,21
2021/9/21,21:00,20.9
2021/9/21,22:00,20.7
2021/9/21,23:00,20.7
2021/9/22,0:00,20.8
2021/9/22,1:00,20.3
2021/9/22,2:00,20.1
2021/9/22,3:00,19.8
2021/9/22,4:00,19.8
2021/9/22,5:00,19.5
2021/9/22,6:00,19.9
2021/9/22,7:00,20.9
2021/9/22,8:00,24
2021/9/22,9:00,25
2021/9/22,10:00,26.2
2021/9/22,11:00,27.4
2021/9/22,12:00,26.8
2021/9/22,13:00,26
2021/9/22,14:00,28.3
2021/9/22,15:00,28.3
2021/9/22,16:00,27.6
2021/9/22,17:00,25.9
2021/9/22,18:00,24.6
2021/9/22,19:00,24.2
2021/9/22,20:00,24.3
2021/9/22,21:00,24.6
2021/9/22,22:00,24.6
2021/9/22,23:00,24.4
2021/9/23,0:00,24
2021/9/23,1:00,23.5
2021/9/23,2:00,23.3
2021/9/23,3:00,23.3
2021/9/23,4:00,23.2
2021/9/23,5:00,23
2021/9/23,6:00,23.1
2021/9/23,7:00,25.6
2021/9/23,8:00,27.1
2021/9/23,9:00,27.2
2021/9/23,10:00,27.9
2021/9/23,11:00,27.5
2021/9/23,12:00,28.1
2021/9/23,13:00,28.2
2021/9/23,14:00,28.6
2021/9/23,15:00,27.5
2021/9/23,16:00,26.8
2021/9/23,17:00,25
2021/9/23,18:00,23.3
2021/9/23,19:00,23.2
2021/9/23,20:00,23.2
2021/9/23,21:00,23.5
2021/9/23,22:00,21.9
2021/9/23,23:00,20.8
2021/9/24,0:00,20.4
2021/9/24,1:00,20.1
2021/9/24,2:00,20
2021/9/24,3:00,20.2
2021/9/24,4:00,19.4
2021/9/24,5:00,18.7
2021/9/24,6:00,18.9
2021/9/24,7:00,21.3
2021/9/24,8:00,22.6
2021/9/24,9:00,23.6
2021/9/24,10:00,24.2
2021/9/24,11:00,24.6
2021/9/24,12:00,25.2
2021/9/24,13:00,25.4
2021/9/24,14:00,25.4
2021/9/24,15:00,25.2
2021/9/24,16:00,24.2
2021/9/24,17:00,22.2
2021/9/24,18:00,21.4
2021/9/24,19:00,21.4
2021/9/24,20:00,22.3
2021/9/24,21:00,22
2021/9/24,22:00,21.7
2021/9/24,23:00,21.2
2021/9/25,0:00,20.7
2021/9/25,1:00,21
2021/9/25,2:00,20.9
2021/9/25,3:00,19.6
2021/9/25,4:00,19.2
2021/9/25,5:00,18.4
2021/9/25,6:00,18.3
2021/9/25,7:00,19
2021/9/25,8:00,19.4
2021/9/25,9:00,20.3
2021/9/25,10:00,20.4
2021/9/25,11:00,21.2
2021/9/25,12:00,21.2
2021/9/25,13:00,21.4
2021/9/25,14:00,20.6
2021/9/25,15:00,20.5
2021/9/25,16:00,20.2
2021/9/25,17:00,19.7
2021/9/25,18:00,18.9
2021/9/25,19:00,18.5
2021/9/25,20:00,18.1
2021/9/25,21:00,18
2021/9/25,22:00,18
2021/9/25,23:00,17.7
2021/9/26,0:00,17.6
2021/9/26,1:00,17.5
2021/9/26,2:00,17.8
2021/9/26,3:00,17.4
2021/9/26,4:00,17.3
2021/9/26,5:00,17.4
2021/9/26,6:00,17.4
2021/9/26,7:00,17.8
2021/9/26,8:00,18.3
2021/9/26,9:00,18.6
2021/9/26,10:00,19.1
2021/9/26,11:00,19.5
2021/9/26,12:00,19.1
2021/9/26,13:00,19.7
2021/9/26,14:00,19.2
2021/9/26,15:00,19
2021/9/26,16:00,18
2021/9/26,17:00,18.1
2021/9/26,18:00,17.7
2021/9/26,19:00,17.1
2021/9/26,20:00,16.7
2021/9/26,21:00,16.6
2021/9/26,22:00,16.3
2021/9/26,23:00,16.3
2021/9/27,0:00,16.1
2021/9/27,1:00,16
2021/9/27,2:00,15.9
2021/9/27,3:00,15.6
2021/9/27,4:00,15.5
2021/9/27,5:00,15.1
2021/9/27,6:00,15.7
2021/9/27,7:00,16.8
2021/9/27,8:00,17.4
2021/9/27,9:00,18.2
2021/9/27,10:00,19.2
2021/9/27,11:00,19.8
2021/9/27,12:00,20
2021/9/27,13:00,20.4
2021/9/27,14:00,20.4
2021/9/27,15:00,20.6
2021/9/27,16:00,21.1
2021/9/27,17:00,19.5
2021/9/27,18:00,18.2
2021/9/27,19:00,17.7
2021/9/27,20:00,17.7
2021/9/27,21:00,17.9
2021/9/27,22:00,17.6
2021/9/27,23:00,17.1
2021/9/28,0:00,17.2
2021/9/28,1:00,17
2021/9/28,2:00,16.5
2021/9/28,3:00,16.3
2021/9/28,4:00,16.1
2021/9/28,5:00,15.4
2021/9/28,6:00,15.4
2021/9/28,7:00,18.4
2021/9/28,8:00,19.2
2021/9/28,9:00,19.1
2021/9/28,10:00,19.6
2021/9/28,11:00,20.4
2021/9/28,12:00,24.1
2021/9/28,13:00,21.3
2021/9/28,14:00,21.5
2021/9/28,15:00,21.3
2021/9/28,16:00,22.5
2021/9/28,17:00,20.2
2021/9/28,18:00,19.5
2021/9/28,19:00,19.1
2021/9/28,20:00,18.7
2021/9/28,21:00,18.5
2021/9/28,22:00,18.5
2021/9/28,23:00,18.4
2021/9/29,0:00,17.4
2021/9/29,1:00,17
2021/9/29,2:00,16.8
2021/9/29,3:00,16.3
2021/9/29,4:00,16.2
2021/9/29,5:00,16.1
2021/9/29,6:00,16
2021/9/29,7:00,18.8
2021/9/29,8:00,21.2
2021/9/29,9:00,22.5
2021/9/29,10:00,23
2021/9/29,11:00,23.7
2021/9/29,12:00,24.3
2021/9/29,13:00,24.5
2021/9/29,14:00,24.3
2021/9/29,15:00,23.2
2021/9/29,16:00,23.3
2021/9/29,17:00,21.3
2021/9/29,18:00,20.9
2021/9/29,19:00,20.6
2021/9/29,20:00,20.5
2021/9/29,21:00,20
2021/9/29,22:00,20.4
2021/9/29,23:00,20.3
2021/9/30,0:00,20.6
2021/9/30,1:00,20.2
2021/9/30,2:00,19.7
2021/9/30,3:00,19
2021/9/30,4:00,19
2021/9/30,5:00,18.8
2021/9/30,6:00,18.6
2021/9/30,7:00,20
2021/9/30,8:00,22.7
2021/9/30,9:00,23.7
2021/9/30,10:00,25
2021/9/30,11:00,26
2021/9/30,12:00,23.9
2021/9/30,13:00,24
2021/9/30,14:00,24.1
2021/9/30,15:00,23.6
2021/9/30,16:00,23.3
2021/9/30,17:00,22.5
2021/9/30,18:00,22.3
2021/9/30,19:00,22.5
2021/9/30,20:00,22.2
2021/9/30,21:00,22.1
2021/9/30,22:00,22.3
2021/9/30,23:00,22
2021/10/1,0:00,20.3
2021/10/1,1:00,19.8
2021/10/1,2:00,20.2
2021/10/1,3:00,20.1
2021/10/1,4:00,20.2
2021/10/1,5:00,19.6
2021/10/1,6:00,19
2021/10/1,7:00,19.9
2021/10/1,8:00,19.6
2021/10/1,9:00,19.6
2021/10/1,10:00,19.7
2021/10/1,11:00,19.3
2021/10/1,12:00,18.6
2021/10/1,13:00,18.3
2021/10/1,14:00,18.2
2021/10/1,15:00,17.8
2021/10/1,16:00,17.6
2021/10/1,17:00,18.4
2021/10/1,18:00,18.2
2021/10/1,19:00,18.2
2021/10/1,20:00,18.3
2021/10/1,21:00,17.7
2021/10/1,22:00,16.6
2021/10/1,23:00,16.4
2021/10/2,0:00,15.8
2021/10/2,1:00,15.7
2021/10/2,2:00,15.4
2021/10/2,3:00,15.3
2021/10/2,4:00,15.4
2021/10/2,5:00,15
2021/10/2,6:00,15.6
2021/10/2,7:00,18.7
2021/10/2,8:00,21.7
2021/10/2,9:00,23.2
2021/10/2,10:00,24
2021/10/2,11:00,24.4
2021/10/2,12:00,24.5
2021/10/2,13:00,24.9
2021/10/2,14:00,25.3
2021/10/2,15:00,23.8
2021/10/2,16:00,24.6
2021/10/2,17:00,22.5
2021/10/2,18:00,22.3
2021/10/2,19:00,22.9
2021/10/2,20:00,23
2021/10/2,21:00,19.4
2021/10/2,22:00,18.1
2021/10/2,23:00,18
2021/10/3,0:00,18.1
2021/10/3,1:00,17.3
2021/10/3,2:00,17.4
2021/10/3,3:00,17.1
2021/10/3,4:00,17.1
2021/10/3,5:00,16.7
2021/10/3,6:00,16.3
2021/10/3,7:00,18.1
2021/10/3,8:00,20.3
2021/10/3,9:00,21.9
2021/10/3,10:00,23
2021/10/3,11:00,23.2
2021/10/3,12:00,24.9
2021/10/3,13:00,24.8
2021/10/3,14:00,24.9
2021/10/3,15:00,24.6
2021/10/3,16:00,22.9
2021/10/3,17:00,20.8
2021/10/3,18:00,19.2
2021/10/3,19:00,19.2
2021/10/3,20:00,18.4
2021/10/3,21:00,18
2021/10/3,22:00,18.5
2021/10/3,23:00,18
2021/10/4,0:00,17.6
2021/10/4,1:00,17.6
2021/10/4,2:00,17.5
2021/10/4,3:00,17.8
2021/10/4,4:00,17.1
2021/10/4,5:00,16.7
2021/10/4,6:00,16.7
2021/10/4,7:00,17.9
2021/10/4,8:00,21.2
2021/10/4,9:00,23.2
2021/10/4,10:00,24.1
2021/10/4,11:00,26.3
2021/10/4,12:00,26
2021/10/4,13:00,26.9
2021/10/4,14:00,26.1
2021/10/4,15:00,26
2021/10/4,16:00,25.1
2021/10/4,17:00,23.1
2021/10/4,18:00,22.1
2021/10/4,19:00,22
2021/10/4,20:00,21.7
2021/10/4,21:00,21.9
2021/10/4,22:00,21.6
2021/10/4,23:00,21
2021/10/5,0:00,20.4
2021/10/5,1:00,19.7
2021/10/5,2:00,19.6
2021/10/5,3:00,18.8
2021/10/5,4:00,18.4
2021/10/5,5:00,17.8
2021/10/5,6:00,17.8
2021/10/5,7:00,19
2021/10/5,8:00,21.7
2021/10/5,9:00,23.6
2021/10/5,10:00,25.5
2021/10/5,11:00,25.9
2021/10/5,12:00,26.9
2021/10/5,13:00,25.8
2021/10/5,14:00,25.9
2021/10/5,15:00,25.9
2021/10/5,16:00,24.7
2021/10/5,17:00,22.4
2021/10/5,18:00,21.7
2021/10/5,19:00,21.5
2021/10/5,20:00,21.2
2021/10/5,21:00,21.4
2021/10/5,22:00,20.6
2021/10/5,23:00,20
2021/10/6,0:00,20
2021/10/6,1:00,19.1
2021/10/6,2:00,18.6
2021/10/6,3:00,18.7
2021/10/6,4:00,18.5
2021/10/6,5:00,17.8
2021/10/6,6:00,17.5
2021/10/6,7:00,19.8
2021/10/6,8:00,21.6
2021/10/6,9:00,23.9
2021/10/6,10:00,25.1
2021/10/6,11:00,25.8
2021/10/6,12:00,25.9
2021/10/6,13:00,24.5
2021/10/6,14:00,25.6
2021/10/6,15:00,24
2021/10/6,16:00,21.5
2021/10/6,17:00,19.3
2021/10/6,18:00,18.7
2021/10/6,19:00,18.4
2021/10/6,20:00,18.2
2021/10/6,21:00,18.4
2021/10/6,22:00,18.2
2021/10/6,23:00,18
2021/10/7,0:00,18.1
2021/10/7,1:00,18
2021/10/7,2:00,17.9
2021/10/7,3:00,17.9
2021/10/7,4:00,17.8
2021/10/7,5:00,17.9
2021/10/7,6:00,17.7
2021/10/7,7:00,18.4
2021/10/7,8:00,18.9
2021/10/7,9:00,19
2021/10/7,10:00,19.3
2021/10/7,11:00,20
2021/10/7,12:00,20.1
2021/10/7,13:00,20.4
2021/10/7,14:00,20.7
2021/10/7,15:00,20.5
2021/10/7,16:00,19.8
2021/10/7,17:00,19.3
2021/10/7,18:00,19.1
2021/10/7,19:00,19.1
2021/10/7,20:00,19
2021/10/7,21:00,19.1
2021/10/7,22:00,19.1
2021/10/7,23:00,19.1
2021/10/8,0:00,19.1
2021/10/8,1:00,19.2
2021/10/8,2:00,19.2
2021/10/8,3:00,19.2
2021/10/8,4:00,18.9
2021/10/8,5:00,18.9
2021/10/8,6:00,18.7
2021/10/8,7:00,20.4
2021/10/8,8:00,22.3
2021/10/8,9:00,23.6
2021/10/8,10:00,24.1
2021/10/8,11:00,24.9
2021/10/8,12:00,25.9
2021/10/8,13:00,25.6
2021/10/8,14:00,26.3
2021/10/8,15:00,25.3
2021/10/8,16:00,25.3
2021/10/8,17:00,23.8
2021/10/8,18:00,22.9
2021/10/8,19:00,22.7
2021/10/8,20:00,22.5
2021/10/8,21:00,22.5
2021/10/8,22:00,22.3
2021/10/8,23:00,21.7
2021/10/9,0:00,20.7
2021/10/9,1:00,19.8
2021/10/9,2:00,19.9
2021/10/9,3:00,19.9
2021/10/9,4:00,20.1
2021/10/9,5:00,20.2
2021/10/9,6:00,20.6
2021/10/9,7:00,21.2
2021/10/9,8:00,22.2
2021/10/9,9:00,22.7
2021/10/9,10:00,23.3
2021/10/9,11:00,23.4
2021/10/9,12:00,23.5
2021/10/9,13:00,23.8
2021/10/9,14:00,22.9
2021/10/9,15:00,21.8
2021/10/9,16:00,21.1
2021/10/9,17:00,20.5
2021/10/9,18:00,19.8
2021/10/9,19:00,19.8
2021/10/9,20:00,19.3
2021/10/9,21:00,19
2021/10/9,22:00,19
2021/10/9,23:00,18.7
2021/10/10,0:00,18.6
2021/10/10,1:00,18.5
2021/10/10,2:00,18.3
2021/10/10,3:00,18.4
2021/10/10,4:00,18.5
2021/10/10,5:00,18.4
2021/10/10,6:00,18.2
2021/10/10,7:00,19.3
2021/10/10,8:00,19.6
2021/10/10,9:00,20.7
2021/10/10,10:00,21.5
2021/10/10,11:00,21.6
2021/10/10,12:00,24
2021/10/10,13:00,22.7
2021/10/10,14:00,25.3
2021/10/10,15:00,24.7
2021/10/10,16:00,24.3
2021/10/10,17:00,22
2021/10/10,18:00,21.8
2021/10/10,19:00,21.5
2021/10/10,20:00,21.5
2021/10/10,21:00,21.2
2021/10/10,22:00,20.9
2021/10/10,23:00,20.6
2021/10/11,0:00,19.7
2021/10/11,1:00,18.8
2021/10/11,2:00,18.2
2021/10/11,3:00,18.3
2021/10/11,4:00,17.5
2021/10/11,5:00,17.3
2021/10/11,6:00,17.3
2021/10/11,7:00,19.8
2021/10/11,8:00,22.2
2021/10/11,9:00,23.9
2021/10/11,10:00,24.4
2021/10/11,11:00,25.3
2021/10/11,12:00,25.8
2021/10/11,13:00,26.2
2021/10/11,14:00,27.1
2021/10/11,15:00,26.3
2021/10/11,16:00,25.5
2021/10/11,17:00,23.7
2021/10/11,18:00,22.8
2021/10/11,19:00,22.8
2021/10/11,20:00,22.6
2021/10/11,21:00,21.9
2021/10/11,22:00,21.8
2021/10/11,23:00,20.8
2021/10/12,0:00,20.8
2021/10/12,1:00,21.1
2021/10/12,2:00,21.7
2021/10/12,3:00,20.9
2021/10/12,4:00,20.2
2021/10/12,5:00,20.3
2021/10/12,6:00,19.6
2021/10/12,7:00,20
2021/10/12,8:00,20.5
2021/10/12,9:00,20.8
2021/10/12,10:00,20.9
2021/10/12,11:00,21
2021/10/12,12:00,21.1
2021/10/12,13:00,20.8
2021/10/12,14:00,20.2
2021/10/12,15:00,19.3
2021/10/12,16:00,19.3
2021/10/12,17:00,18.9
2021/10/12,18:00,18.7
2021/10/12,19:00,18.8
2021/10/12,20:00,18.8
2021/10/12,21:00,18.7
2021/10/12,22:00,18.6
2021/10/12,23:00,18.1
2021/10/13,0:00,18.1
2021/10/13,1:00,17.6
2021/10/13,2:00,17.6
2021/10/13,3:00,17.6
2021/10/13,4:00,17.4
2021/10/13,5:00,17
2021/10/13,6:00,16.7
2021/10/13,7:00,17
2021/10/13,8:00,17.1
2021/10/13,9:00,17.7
2021/10/13,10:00,17
2021/10/13,11:00,17.9
2021/10/13,12:00,18.1
2021/10/13,13:00,18.9
2021/10/13,14:00,18.4
2021/10/13,15:00,17.9
2021/10/13,16:00,17.9
2021/10/13,17:00,17.1
2021/10/13,18:00,17
2021/10/13,19:00,17.2
2021/10/13,20:00,16.8
2021/10/13,21:00,16.6
2021/10/13,22:00,16.2
2021/10/13,23:00,16.1
2021/10/14,0:00,16.2
2021/10/14,1:00,16.1
2021/10/14,2:00,16
2021/10/14,3:00,16
2021/10/14,4:00,15.8
2021/10/14,5:00,16
2021/10/14,6:00,16.4
2021/10/14,7:00,16.9
2021/10/14,8:00,17.6
2021/10/14,9:00,18
2021/10/14,10:00,20.6
2021/10/14,11:00,21.8
2021/10/14,12:00,22.5
2021/10/14,13:00,22.2
2021/10/14,14:00,22.3
2021/10/14,15:00,21.6
2021/10/14,16:00,20.8
2021/10/14,17:00,19.1
2021/10/14,18:00,18.5
2021/10/14,19:00,18.1
2021/10/14,20:00,17.2
2021/10/14,21:00,17.9
2021/10/14,22:00,18.8
2021/10/14,23:00,18.2
2021/10/15,0:00,17.4
2021/10/15,1:00,16.9
2021/10/15,2:00,16.5
2021/10/15,3:00,16.5
2021/10/15,4:00,16.7
2021/10/15,5:00,15.7
2021/10/15,6:00,15.8
2021/10/15,7:00,16.7
2021/10/15,8:00,17.7
2021/10/15,9:00,18.5
2021/10/15,10:00,22.3
2021/10/15,11:00,22.9
2021/10/15,12:00,22.9
2021/10/15,13:00,23.1
2021/10/15,14:00,23.4
2021/10/15,15:00,23.1
2021/10/15,16:00,22.1
2021/10/15,17:00,20.5
2021/10/15,18:00,20.2
2021/10/15,19:00,20.3
2021/10/15,20:00,19.9
2021/10/15,21:00,20
2021/10/15,22:00,18.9
2021/10/15,23:00,19.1
2021/10/16,0:00,19.1
2021/10/16,1:00,19
2021/10/16,2:00,18.2
2021/10/16,3:00,18.3
2021/10/16,4:00,18.3
2021/10/16,5:00,18.4
2021/10/16,6:00,18.4
2021/10/16,7:00,18.9
2021/10/16,8:00,19.3
2021/10/16,9:00,20.3
2021/10/16,10:00,20.9
2021/10/16,11:00,21.5
2021/10/16,12:00,21.5
2021/10/16,13:00,21.9
2021/10/16,14:00,21.9
2021/10/16,15:00,21.2
2021/10/16,16:00,21.5
2021/10/16,17:00,20.9
2021/10/16,18:00,20.8
2021/10/16,19:00,20.9
2021/10/16,20:00,21.1
2021/10/16,21:00,20.7
2021/10/16,22:00,19.5
2021/10/16,23:00,19.4
2021/10/17,0:00,19.6
2021/10/17,1:00,19.6
2021/10/17,2:00,19.5
2021/10/17,3:00,19.3
2021/10/17,4:00,17.7
2021/10/17,5:00,17.2
2021/10/17,6:00,17.2
2021/10/17,7:00,17.1
2021/10/17,8:00,16.9
2021/10/17,9:00,16.1
2021/10/17,10:00,15.2
2021/10/17,11:00,15.5
2021/10/17,12:00,15.6
2021/10/17,13:00,14.9
2021/10/17,14:00,14
2021/10/17,15:00,14.2
2021/10/17,16:00,13
2021/10/17,17:00,12.2
2021/10/17,18:00,11.9
2021/10/17,19:00,11.6
2021/10/17,20:00,11.1
2021/10/17,21:00,11.3
2021/10/17,22:00,9.7
2021/10/17,23:00,10.1
2021/10/18,0:00,9.2
2021/10/18,1:00,9.5
2021/10/18,2:00,8
2021/10/18,3:00,8.1
2021/10/18,4:00,7.3
2021/10/18,5:00,7.9
2021/10/18,6:00,6.7
2021/10/18,7:00,9.2
2021/10/18,8:00,11.2
2021/10/18,9:00,12.9
2021/10/18,10:00,13.4
2021/10/18,11:00,14.5
2021/10/18,12:00,14.1
2021/10/18,13:00,14.8
2021/10/18,14:00,14.8
2021/10/18,15:00,14.3
2021/10/18,16:00,13.3
2021/10/18,17:00,11.2
2021/10/18,18:00,11
2021/10/18,19:00,10.7
2021/10/18,20:00,10.3
2021/10/18,21:00,10.3
2021/10/18,22:00,9.6
2021/10/18,23:00,9.3
2021/10/19,0:00,9.3
2021/10/19,1:00,9.4
2021/10/19,2:00,9.2
2021/10/19,3:00,9.4
2021/10/19,4:00,9.8
2021/10/19,5:00,9.7
2021/10/19,6:00,9.9
2021/10/19,7:00,10.5
2021/10/19,8:00,11
2021/10/19,9:00,11.6
2021/10/19,10:00,12.3
2021/10/19,11:00,12.7
2021/10/19,12:00,12.6
2021/10/19,13:00,12.6
2021/10/19,14:00,12.7
2021/10/19,15:00,12.6
2021/10/19,16:00,12.5
2021/10/19,17:00,11.6
2021/10/19,18:00,11.5
2021/10/19,19:00,11.6
2021/10/19,20:00,11.9
2021/10/19,21:00,11.7
2021/10/19,22:00,12.3
2021/10/19,23:00,12.3
2021/10/20,0:00,12.6
2021/10/20,1:00,13.1
2021/10/20,2:00,13.2
2021/10/20,3:00,13.2
2021/10/20,4:00,12.1
2021/10/20,5:00,11.3
2021/10/20,6:00,11.3
2021/10/20,7:00,12.2
2021/10/20,8:00,12.9
2021/10/20,9:00,16.5
2021/10/20,10:00,17
2021/10/20,11:00,17.2
2021/10/20,12:00,16.6
2021/10/20,13:00,16.9
2021/10/20,14:00,16.2
2021/10/20,15:00,15.6
2021/10/20,16:00,13.8
2021/10/20,17:00,11.4
2021/10/20,18:00,10.7
2021/10/20,19:00,10.2
2021/10/20,20:00,9.8
2021/10/20,21:00,9.5
2021/10/20,22:00,9.3
2021/10/20,23:00,9
2021/10/21,0:00,8.6
2021/10/21,1:00,8.3
2021/10/21,2:00,8
2021/10/21,3:00,7.8
2021/10/21,4:00,8.1
2021/10/21,5:00,8
2021/10/21,6:00,7.7
2021/10/21,7:00,8.4
2021/10/21,8:00,11.2
2021/10/21,9:00,13
2021/10/21,10:00,13.7
2021/10/21,11:00,14.9
2021/10/21,12:00,13.2
2021/10/21,13:00,12.9
2021/10/21,14:00,13.2
2021/10/21,15:00,13
2021/10/21,16:00,12.6
2021/10/21,17:00,12.2
2021/10/21,18:00,11.8
2021/10/21,19:00,11.8
2021/10/21,20:00,11.8
2021/10/21,21:00,11.5
2021/10/21,22:00,10.5
2021/10/21,23:00,10.6
2021/10/22,0:00,10.4
2021/10/22,1:00,10.2
2021/10/22,2:00,9.6
2021/10/22,3:00,9.6
2021/10/22,4:00,10.1
2021/10/22,5:00,9.8
2021/10/22,6:00,10
2021/10/22,7:00,10.6
2021/10/22,8:00,10.8
2021/10/22,9:00,11.1
2021/10/22,10:00,10.9
2021/10/22,11:00,11.6
2021/10/22,12:00,11.1
2021/10/22,13:00,11.5
2021/10/22,14:00,11.5
2021/10/22,15:00,11.4
2021/10/22,16:00,10.9
2021/10/22,17:00,10.7
2021/10/22,18:00,10.6
2021/10/22,19:00,10.4
2021/10/22,20:00,10.3
2021/10/22,21:00,10.5
2021/10/22,22:00,10.5
2021/10/22,23:00,10.4
2021/10/23,0:00,10.3
2021/10/23,1:00,10.2
2021/10/23,2:00,9.5
2021/10/23,3:00,9
2021/10/23,4:00,8.8
2021/10/23,5:00,7.6
2021/10/23,6:00,6.9
2021/10/23,7:00,9.6
2021/10/23,8:00,11.3
2021/10/23,9:00,14.1
2021/10/23,10:00,15
2021/10/23,11:00,15.4
2021/10/23,12:00,15
2021/10/23,13:00,14.6
2021/10/23,14:00,14.4
2021/10/23,15:00,13.7
2021/10/23,16:00,12.2
2021/10/23,17:00,9.5
2021/10/23,18:00,9
2021/10/23,19:00,8.5
2021/10/23,20:00,8.3
2021/10/23,21:00,8
2021/10/23,22:00,7.8
2021/10/23,23:00,7.1
2021/10/24,0:00,7.5
2021/10/24,1:00,7.2
2021/10/24,2:00,6.9
2021/10/24,3:00,5.2
2021/10/24,4:00,6.2
2021/10/24,5:00,5.5
2021/10/24,6:00,5.1
2021/10/24,7:00,7.9
2021/10/24,8:00,10.6
2021/10/24,9:00,12.2
2021/10/24,10:00,14.3
2021/10/24,11:00,15.4
2021/10/24,12:00,15
2021/10/24,13:00,15.6
2021/10/24,14:00,15.9
2021/10/24,15:00,15.4
2021/10/24,16:00,14.3
2021/10/24,17:00,11.9
2021/10/24,18:00,10.9
2021/10/24,19:00,11.1
2021/10/24,20:00,11.2
2021/10/24,21:00,10.1
2021/10/24,22:00,9.6
2021/10/24,23:00,9.5
2021/10/25,0:00,8.8
2021/10/25,1:00,8.6
2021/10/25,2:00,7.9
2021/10/25,3:00,7.8
2021/10/25,4:00,7.3
2021/10/25,5:00,8.2
2021/10/25,6:00,8.5
2021/10/25,7:00,9.1
2021/10/25,8:00,10.4
2021/10/25,9:00,11.6
2021/10/25,10:00,13.4
2021/10/25,11:00,13.9
2021/10/25,12:00,13.9
2021/10/25,13:00,13.9
2021/10/25,14:00,13.6
2021/10/25,15:00,13.6
2021/10/25,16:00,12.8
2021/10/25,17:00,12
2021/10/25,18:00,12
2021/10/25,19:00,11.9
2021/10/25,20:00,11.6
2021/10/25,21:00,11.6
2021/10/25,22:00,11.7
2021/10/25,23:00,11.7
2021/10/26,0:00,11.9
2021/10/26,1:00,12.1
2021/10/26,2:00,11.8
2021/10/26,3:00,11.3
2021/10/26,4:00,11
2021/10/26,5:00,10.6
2021/10/26,6:00,10.6
2021/10/26,7:00,11.1
2021/10/26,8:00,12.5
2021/10/26,9:00,14.3
2021/10/26,10:00,17.3
2021/10/26,11:00,18
2021/10/26,12:00,18.6
2021/10/26,13:00,19.5
2021/10/26,14:00,19.5
2021/10/26,15:00,18.8
2021/10/26,16:00,17.7
2021/10/26,17:00,15.6
2021/10/26,18:00,15
2021/10/26,19:00,13.4
2021/10/26,20:00,13.6
2021/10/26,21:00,13.2
2021/10/26,22:00,12.9
2021/10/26,23:00,12.3
2021/10/27,0:00,12.4
2021/10/27,1:00,12.2
2021/10/27,2:00,12.5
2021/10/27,3:00,12.1
2021/10/27,4:00,11.7
2021/10/27,5:00,11.5
2021/10/27,6:00,11.1
2021/10/27,7:00,11.7
2021/10/27,8:00,12.1
2021/10/27,9:00,13.4
2021/10/27,10:00,14
2021/10/27,11:00,14.4
2021/10/27,12:00,15.6
2021/10/27,13:00,15.2
2021/10/27,14:00,15.6
2021/10/27,15:00,15.1
2021/10/27,16:00,14.8
2021/10/27,17:00,14.3
2021/10/27,18:00,14.1
2021/10/27,19:00,14.3
2021/10/27,20:00,14.3
2021/10/27,21:00,14
2021/10/27,22:00,13.6
2021/10/27,23:00,13.5
2021/10/28,0:00,13.5
2021/10/28,1:00,13.4
2021/10/28,2:00,12.4
2021/10/28,3:00,12.3
2021/10/28,4:00,12.6
2021/10/28,5:00,12.6
2021/10/28,6:00,11.6
2021/10/28,7:00,12.1
2021/10/28,8:00,14.4
2021/10/28,9:00,16.5
2021/10/28,10:00,18.5
2021/10/28,11:00,19.1
2021/10/28,12:00,19.7
2021/10/28,13:00,19.6
2021/10/28,14:00,19.5
2021/10/28,15:00,18.6
2021/10/28,16:00,16.4
2021/10/28,17:00,12.7
2021/10/28,18:00,11.5
2021/10/28,19:00,11.3
2021/10/28,20:00,11
2021/10/28,21:00,11.1
2021/10/28,22:00,10.5
2021/10/28,23:00,10.1
2021/10/29,0:00,9.9
2021/10/29,1:00,9.2
2021/10/29,2:00,9.1
2021/10/29,3:00,9
2021/10/29,4:00,8.7
2021/10/29,5:00,8.3
2021/10/29,6:00,8.4
2021/10/29,7:00,9.4
2021/10/29,8:00,11.7
2021/10/29,9:00,13.1
2021/10/29,10:00,14.7
2021/10/29,11:00,15.6
2021/10/29,12:00,15.9
2021/10/29,13:00,15.8
2021/10/29,14:00,16.2
2021/10/29,15:00,15.4
2021/10/29,16:00,14
2021/10/29,17:00,11.6
2021/10/29,18:00,11
2021/10/29,19:00,10.8
2021/10/29,20:00,10.3
2021/10/29,21:00,10.5
2021/10/29,22:00,9.4
2021/10/29,23:00,8.4
2021/10/30,0:00,8.2
2021/10/30,1:00,7.8
2021/10/30,2:00,7.2
2021/10/30,3:00,6.8
2021/10/30,4:00,6.9
2021/10/30,5:00,6.6
2021/10/30,6:00,6.1
2021/10/30,7:00,7.8
2021/10/30,8:00,10.6
2021/10/30,9:00,13.3
2021/10/30,10:00,14.4
2021/10/30,11:00,15.2
2021/10/30,12:00,15.5
2021/10/30,13:00,16
2021/10/30,14:00,15.7
2021/10/30,15:00,15.8
2021/10/30,16:00,14.5
2021/10/30,17:00,12.7
2021/10/30,18:00,11.8
2021/10/30,19:00,11.1
2021/10/30,20:00,10.9
2021/10/30,21:00,10.3
2021/10/30,22:00,10
2021/10/30,23:00,9.5
2021/10/31,0:00,9.6
2021/10/31,1:00,9.7
2021/10/31,2:00,9.7
2021/10/31,3:00,9.3
2021/10/31,4:00,9.3
2021/10/31,5:00,8.9
2021/10/31,6:00,8.5
2021/10/31,7:00,9.7
2021/10/31,8:00,11
2021/10/31,9:00,12.2
2021/10/31,10:00,13.2
2021/10/31,11:00,12.8
2021/10/31,12:00,13.7
2021/10/31,13:00,13.9
2021/10/31,14:00,13.8
2021/10/31,15:00,14.1
2021/10/31,16:00,13.7
2021/10/31,17:00,13.3
2021/10/31,18:00,13.3
2021/10/31,19:00,13.6
2021/10/31,20:00,13.5
2021/10/31,21:00,13.4
2021/10/31,22:00,13.3
2021/10/31,23:00,13.5
2021/11/1,0:00,13.4
2022/4/1,1:00,7.4
2022/4/1,2:00,7
2022/4/1,3:00,6.2
2022/4/1,4:00,4.2
2022/4/1,5:00,3.1
2022/4/1,6:00,3.8
2022/4/1,7:00,4.7
2022/4/1,8:00,5.6
2022/4/1,9:00,6.1
2022/4/1,10:00,6.5
2022/4/1,11:00,6.3
2022/4/1,12:00,8.8
2022/4/1,13:00,8.6
2022/4/1,14:00,9
2022/4/1,15:00,8.5
2022/4/1,16:00,7.8
2022/4/1,17:00,6
2022/4/1,18:00,3.6
2022/4/1,19:00,3
2022/4/1,20:00,2.6
2022/4/1,21:00,2.5
2022/4/1,22:00,2.5
2022/4/1,23:00,2.1
2022/4/2,0:00,2.1
2022/4/2,1:00,1.9
2022/4/2,2:00,1.5
2022/4/2,3:00,1.1
2022/4/2,4:00,1
2022/4/2,5:00,1
2022/4/2,6:00,1.8
2022/4/2,7:00,4.9
2022/4/2,8:00,5.4
2022/4/2,9:00,6.4
2022/4/2,10:00,7.7
2022/4/2,11:00,9
2022/4/2,12:00,9
2022/4/2,13:00,8.7
2022/4/2,14:00,9.8
2022/4/2,15:00,9
2022/4/2,16:00,9.5
2022/4/2,17:00,8.2
2022/4/2,18:00,6.6
2022/4/2,19:00,6.7
2022/4/2,20:00,6.2
2022/4/2,21:00,5.8
2022/4/2,22:00,5.8
2022/4/2,23:00,5.8
2022/4/3,0:00,5.6
2022/4/3,1:00,5.4
2022/4/3,2:00,4.8
2022/4/3,3:00,4.9
2022/4/3,4:00,5.2
2022/4/3,5:00,5.1
2022/4/3,6:00,5.6
2022/4/3,7:00,6.3
2022/4/3,8:00,7.1
2022/4/3,9:00,7.6
2022/4/3,10:00,8.3
2022/4/3,11:00,9.2
2022/4/3,12:00,9.7
2022/4/3,13:00,9.6
2022/4/3,14:00,9.4
2022/4/3,15:00,9.2
2022/4/3,16:00,9
2022/4/3,17:00,8.6
2022/4/3,18:00,8
2022/4/3,19:00,7.8
2022/4/3,20:00,7.6
2022/4/3,21:00,7.2
2022/4/3,22:00,6.7
2022/4/3,23:00,6.5
2022/4/4,0:00,6.5
2022/4/4,1:00,6.4
2022/4/4,2:00,6.3
2022/4/4,3:00,6
2022/4/4,4:00,6.2
2022/4/4,5:00,6.5
2022/4/4,6:00,7.2
2022/4/4,7:00,8
2022/4/4,8:00,8.4
2022/4/4,9:00,8.9
2022/4/4,10:00,9.4
2022/4/4,11:00,9.9
2022/4/4,12:00,10
2022/4/4,13:00,10.6
2022/4/4,14:00,10.4
2022/4/4,15:00,10
2022/4/4,16:00,9.5
2022/4/4,17:00,9.1
2022/4/4,18:00,8.8
2022/4/4,19:00,8.9
2022/4/4,20:00,8.8
2022/4/4,21:00,8.8
2022/4/4,22:00,8.7
2022/4/4,23:00,8.4
2022/4/5,0:00,8.5
2022/4/5,1:00,8.7
2022/4/5,2:00,8.4
2022/4/5,3:00,8.2
2022/4/5,4:00,8.3
2022/4/5,5:00,8.3
2022/4/5,6:00,8.5
2022/4/5,7:00,8.9
2022/4/5,8:00,10
2022/4/5,9:00,13.6
2022/4/5,10:00,12.4
2022/4/5,11:00,13.1
2022/4/5,12:00,14.3
2022/4/5,13:00,16.8
2022/4/5,14:00,14.8
2022/4/5,15:00,16.5
2022/4/5,16:00,16.3
2022/4/5,17:00,14.8
2022/4/5,18:00,12.6
2022/4/5,19:00,11.9
2022/4/5,20:00,11.3
2022/4/5,21:00,11.4
2022/4/5,22:00,11.5
2022/4/5,23:00,11.4
2022/4/6,0:00,11.3
2022/4/6,1:00,10.9
2022/4/6,2:00,10.8
2022/4/6,3:00,10.9
2022/4/6,4:00,10.9
2022/4/6,5:00,11
2022/4/6,6:00,11.3
2022/4/6,7:00,12.1
2022/4/6,8:00,12.8
2022/4/6,9:00,13.7
2022/4/6,10:00,16.7
2022/4/6,11:00,17.1
2022/4/6,12:00,17.6
2022/4/6,13:00,17.5
2022/4/6,14:00,17.5
2022/4/6,15:00,18.4
2022/4/6,16:00,17.4
2022/4/6,17:00,16.8
2022/4/6,18:00,14.8
2022/4/6,19:00,13.7
2022/4/6,20:00,14.2
2022/4/6,21:00,13.6
2022/4/6,22:00,12.8
2022/4/6,23:00,12.8
2022/4/7,0:00,11.6
2022/4/7,1:00,10.7
2022/4/7,2:00,10.3
2022/4/7,3:00,9.8
2022/4/7,4:00,9.4
2022/4/7,5:00,9.6
2022/4/7,6:00,10.1
2022/4/7,7:00,11.5
2022/4/7,8:00,12.1
2022/4/7,9:00,11.1
2022/4/7,10:00,14.2
2022/4/7,11:00,14.2
2022/4/7,12:00,15.1
2022/4/7,13:00,13.7
2022/4/7,14:00,13.9
2022/4/7,15:00,13.4
2022/4/7,16:00,13.1
2022/4/7,17:00,12.4
2022/4/7,18:00,11.9
2022/4/7,19:00,12
2022/4/7,20:00,11.9
2022/4/7,21:00,11.6
2022/4/7,22:00,10.6
2022/4/7,23:00,10
2022/4/8,0:00,9.8
2022/4/8,1:00,8.9
2022/4/8,2:00,8.8
2022/4/8,3:00,8.8
2022/4/8,4:00,8.5
2022/4/8,5:00,8.1
2022/4/8,6:00,9
2022/4/8,7:00,10.9
2022/4/8,8:00,12.2
2022/4/8,9:00,12.9
2022/4/8,10:00,13.9
2022/4/8,11:00,14.9
2022/4/8,12:00,15.5
2022/4/8,13:00,16.3
2022/4/8,14:00,16.3
2022/4/8,15:00,16.1
2022/4/8,16:00,16.6
2022/4/8,17:00,15.4
2022/4/8,18:00,13.7
2022/4/8,19:00,13.2
2022/4/8,20:00,13
2022/4/8,21:00,12.3
2022/4/8,22:00,11.3
2022/4/8,23:00,11
2022/4/9,0:00,11.1
2022/4/9,1:00,10.2
2022/4/9,2:00,8.4
2022/4/9,3:00,8.2
2022/4/9,4:00,7.9
2022/4/9,5:00,8
2022/4/9,6:00,8.9
2022/4/9,7:00,11.5
2022/4/9,8:00,14.3
2022/4/9,9:00,15.3
2022/4/9,10:00,16.5
2022/4/9,11:00,17.5
2022/4/9,12:00,19.6
2022/4/9,13:00,20.3
2022/4/9,14:00,20.1
2022/4/9,15:00,19.9
2022/4/9,16:00,19.7
2022/4/9,17:00,18.2
2022/4/9,18:00,16.2
2022/4/9,19:00,15.5
2022/4/9,20:00,15.1
2022/4/9,21:00,14.8
2022/4/9,22:00,14.1
2022/4/9,23:00,13.4
2022/4/10,0:00,12.8
2022/4/10,1:00,13
2022/4/10,2:00,13
2022/4/10,3:00,12.3
2022/4/10,4:00,11.6
2022/4/10,5:00,10.5
2022/4/10,6:00,11.9
2022/4/10,7:00,14.8
2022/4/10,8:00,16.5
2022/4/10,9:00,18.4
2022/4/10,10:00,19.5
2022/4/10,11:00,19.3
2022/4/10,12:00,19
2022/4/10,13:00,20.1
2022/4/10,14:00,19.5
2022/4/10,15:00,20.6
2022/4/10,16:00,19.6
2022/4/10,17:00,18.8
2022/4/10,18:00,16.6
2022/4/10,19:00,15.6
2022/4/10,20:00,15.1
2022/4/10,21:00,15.5
2022/4/10,22:00,15
2022/4/10,23:00,15.2
2022/4/11,0:00,14.6
2022/4/11,1:00,14.4
2022/4/11,2:00,14.1
2022/4/11,3:00,12.7
2022/4/11,4:00,12.2
2022/4/11,5:00,11.6
2022/4/11,6:00,12.3
2022/4/11,7:00,15.8
2022/4/11,8:00,17.3
2022/4/11,9:00,18.1
2022/4/11,10:00,19.9
2022/4/11,11:00,21.5
2022/4/11,12:00,21.3
2022/4/11,13:00,21.7
2022/4/11,14:00,22.1
2022/4/11,15:00,21.4
2022/4/11,16:00,20.5
2022/4/11,17:00,17.5
2022/4/11,18:00,17
2022/4/11,19:00,16.7
2022/4/11,20:00,16.5
2022/4/11,21:00,16.5
2022/4/11,22:00,16.3
2022/4/11,23:00,16.1
2022/4/12,0:00,15.8
2022/4/12,1:00,15.4
2022/4/12,2:00,15.4
2022/4/12,3:00,14.9
2022/4/12,4:00,14.5
2022/4/12,5:00,13.9
2022/4/12,6:00,14.1
2022/4/12,7:00,17.1
2022/4/12,8:00,18.9
2022/4/12,9:00,20.5
2022/4/12,10:00,20.8
2022/4/12,11:00,22
2022/4/12,12:00,22.4
2022/4/12,13:00,22.7
2022/4/12,14:00,22.6
2022/4/12,15:00,22.5
2022/4/12,16:00,21.4
2022/4/12,17:00,19.7
2022/4/12,18:00,17.6
2022/4/12,19:00,17.1
2022/4/12,20:00,17
2022/4/12,21:00,17
2022/4/12,22:00,15.9
2022/4/12,23:00,15.3
2022/4/13,0:00,15.4
2022/4/13,1:00,14.6
2022/4/13,2:00,14.2
2022/4/13,3:00,13.7
2022/4/13,4:00,13.6
2022/4/13,5:00,12.4
2022/4/13,6:00,13.7
2022/4/13,7:00,16.7
2022/4/13,8:00,18.5
2022/4/13,9:00,20.4
2022/4/13,10:00,21.5
2022/4/13,11:00,22.4
2022/4/13,12:00,22.4
2022/4/13,13:00,21.5
2022/4/13,14:00,22.5
2022/4/13,15:00,23.2
2022/4/13,16:00,22.5
2022/4/13,17:00,21.2
2022/4/13,18:00,20.6
2022/4/13,19:00,20.2
2022/4/13,20:00,20.2
2022/4/13,21:00,19.8
2022/4/13,22:00,18.6
2022/4/13,23:00,18
2022/4/14,0:00,19.9
2022/4/14,1:00,17.5
2022/4/14,2:00,15.1
2022/4/14,3:00,13.7
2022/4/14,4:00,13
2022/4/14,5:00,12.3
2022/4/14,6:00,12.4
2022/4/14,7:00,11.8
2022/4/14,8:00,12.2
2022/4/14,9:00,12.4
2022/4/14,10:00,12.6
2022/4/14,11:00,12.7
2022/4/14,12:00,13.1
2022/4/14,13:00,13.4
2022/4/14,14:00,13.4
2022/4/14,15:00,12.8
2022/4/14,16:00,12.4
2022/4/14,17:00,11.8
2022/4/14,18:00,10.9
2022/4/14,19:00,10.6
2022/4/14,20:00,10.3
2022/4/14,21:00,10.1
2022/4/14,22:00,9.5
2022/4/14,23:00,9.2
2022/4/15,0:00,9
2022/4/15,1:00,9.1
2022/4/15,2:00,9.1
2022/4/15,3:00,8.8
2022/4/15,4:00,8.6
2022/4/15,5:00,8.9
2022/4/15,6:00,9.1
2022/4/15,7:00,9.8
2022/4/15,8:00,10.6
2022/4/15,9:00,11.3
2022/4/15,10:00,11.8
2022/4/15,11:00,11.9
2022/4/15,12:00,12.6
2022/4/15,13:00,12.8
2022/4/15,14:00,12.3
2022/4/15,15:00,12.1
2022/4/15,16:00,12
2022/4/15,17:00,11.7
2022/4/15,18:00,10.1
2022/4/15,19:00,10.1
2022/4/15,20:00,10.1
2022/4/15,21:00,9.9
2022/4/15,22:00,9.3
2022/4/15,23:00,8.8
2022/4/16,0:00,8.5
2022/4/16,1:00,8.1
2022/4/16,2:00,7.7
2022/4/16,3:00,7.5
2022/4/16,4:00,7.3
2022/4/16,5:00,7.4
2022/4/16,6:00,7.8
2022/4/16,7:00,8.5
2022/4/16,8:00,9.5
2022/4/16,9:00,10.6
2022/4/16,10:00,11.3
2022/4/16,11:00,14.2
2022/4/16,12:00,15.3
2022/4/16,13:00,17.1
2022/4/16,14:00,15.2
2022/4/16,15:00,15.8
2022/4/16,16:00,12.5
2022/4/16,17:00,12.4
2022/4/16,18:00,9.8
2022/4/16,19:00,8.1
2022/4/16,20:00,7.5
2022/4/16,21:00,7
2022/4/16,22:00,9.6
2022/4/16,23:00,6.2
2022/4/17,0:00,6
2022/4/17,1:00,5.9
2022/4/17,2:00,5.6
2022/4/17,3:00,5.7
2022/4/17,4:00,5.4
2022/4/17,5:00,5.4
2022/4/17,6:00,6.6
2022/4/17,7:00,6.9
2022/4/17,8:00,8
2022/4/17,9:00,10
2022/4/17,10:00,12.6
2022/4/17,11:00,13.7
2022/4/17,12:00,14
2022/4/17,13:00,12.7
2022/4/17,14:00,13.6
2022/4/17,15:00,13.6
2022/4/17,16:00,13.2
2022/4/17,17:00,12.5
2022/4/17,18:00,12.6
2022/4/17,19:00,12.9
2022/4/17,20:00,12.8
2022/4/17,21:00,13
2022/4/17,22:00,12.8
2022/4/17,23:00,12.5
2022/4/18,0:00,12.5
2022/4/18,1:00,12.6
2022/4/18,2:00,12.4
2022/4/18,3:00,12
2022/4/18,4:00,11.1
2022/4/18,5:00,11
2022/4/18,6:00,11.2
2022/4/18,7:00,12.1
2022/4/18,8:00,12.9
2022/4/18,9:00,14
2022/4/18,10:00,14.4
2022/4/18,11:00,15.2
2022/4/18,12:00,15.1
2022/4/18,13:00,14.6
2022/4/18,14:00,14.1
2022/4/18,15:00,14
2022/4/18,16:00,13.4
2022/4/18,17:00,13.4
2022/4/18,18:00,12.5
2022/4/18,19:00,12.1
2022/4/18,20:00,12.1
2022/4/18,21:00,12.4
2022/4/18,22:00,12.4
2022/4/18,23:00,12.2
2022/4/19,0:00,12.1
2022/4/19,1:00,11.9
2022/4/19,2:00,10.4
2022/4/19,3:00,10.5
2022/4/19,4:00,10.1
2022/4/19,5:00,8.8
2022/4/19,6:00,10.8
2022/4/19,7:00,13.3
2022/4/19,8:00,14
2022/4/19,9:00,15.7
2022/4/19,10:00,16
2022/4/19,11:00,17.7
2022/4/19,12:00,17.3
2022/4/19,13:00,16.6
2022/4/19,14:00,15.2
2022/4/19,15:00,18
2022/4/19,16:00,15.6
2022/4/19,17:00,14.6
2022/4/19,18:00,14.5
2022/4/19,19:00,13.7
2022/4/19,20:00,12.5
2022/4/19,21:00,12.5
2022/4/19,22:00,12.8
2022/4/19,23:00,11.5
2022/4/20,0:00,10.7
2022/4/20,1:00,9.8
2022/4/20,2:00,9.5
2022/4/20,3:00,9.3
2022/4/20,4:00,9.4
2022/4/20,5:00,9.4
2022/4/20,6:00,9.4
2022/4/20,7:00,10.1
2022/4/20,8:00,10.6
2022/4/20,9:00,11.4
2022/4/20,10:00,11.7
2022/4/20,11:00,11.9
2022/4/20,12:00,12.4
2022/4/20,13:00,12.5
2022/4/20,14:00,12.7
2022/4/20,15:00,12.8
2022/4/20,16:00,12.7
2022/4/20,17:00,12.4
2022/4/20,18:00,12.2
2022/4/20,19:00,12
2022/4/20,20:00,11.8
2022/4/20,21:00,11.9
2022/4/20,22:00,11.8
2022/4/20,23:00,11.8
2022/4/21,0:00,11.9
2022/4/21,1:00,11.7
2022/4/21,2:00,11.2
2022/4/21,3:00,10.7
2022/4/21,4:00,10.3
2022/4/21,5:00,10
2022/4/21,6:00,10.5
2022/4/21,7:00,12.1
2022/4/21,8:00,15.1
2022/4/21,9:00,16.3
2022/4/21,10:00,17.6
2022/4/21,11:00,18.2
2022/4/21,12:00,19.3
2022/4/21,13:00,16.9
2022/4/21,14:00,17.3
2022/4/21,15:00,17.2
2022/4/21,16:00,15.8
2022/4/21,17:00,15.3
2022/4/21,18:00,14.4
2022/4/21,19:00,14.5
2022/4/21,20:00,14.8
2022/4/21,21:00,15.2
2022/4/21,22:00,13.3
2022/4/21,23:00,13.4
2022/4/22,0:00,13.2
2022/4/22,1:00,13.3
2022/4/22,2:00,13.1
2022/4/22,3:00,13.7
2022/4/22,4:00,13.3
2022/4/22,5:00,13.6
2022/4/22,6:00,14.6
2022/4/22,7:00,17.6
2022/4/22,8:00,19.1
2022/4/22,9:00,21.5
2022/4/22,10:00,22.5
2022/4/22,11:00,22.5
2022/4/22,12:00,22.1
2022/4/22,13:00,22.9
2022/4/22,14:00,23.9
2022/4/22,15:00,24.1
2022/4/22,16:00,22.8
2022/4/22,17:00,21
2022/4/22,18:00,19.4
2022/4/22,19:00,19.1
2022/4/22,20:00,18.5
2022/4/22,21:00,18.2
2022/4/22,22:00,18.1
2022/4/22,23:00,17.9
2022/4/23,0:00,17.3
2022/4/23,1:00,16.7
2022/4/23,2:00,16.3
2022/4/23,3:00,16
2022/4/23,4:00,15.7
2022/4/23,5:00,15.4
2022/4/23,6:00,16
2022/4/23,7:00,17.4
2022/4/23,8:00,17.9
2022/4/23,9:00,18.8
2022/4/23,10:00,21
2022/4/23,11:00,23
2022/4/23,12:00,23.4
2022/4/23,13:00,22.8
2022/4/23,14:00,23.5
2022/4/23,15:00,23.6
2022/4/23,16:00,23.7
2022/4/23,17:00,21.5
2022/4/23,18:00,20.1
2022/4/23,19:00,17.3
2022/4/23,20:00,16.2
2022/4/23,21:00,17.4
2022/4/23,22:00,19.1
2022/4/23,23:00,17.7
2022/4/24,0:00,17
2022/4/24,1:00,16.7
2022/4/24,2:00,15.7
2022/4/24,3:00,15.4
2022/4/24,4:00,15.6
2022/4/24,5:00,15.4
2022/4/24,6:00,15.7
2022/4/24,7:00,16
2022/4/24,8:00,16.1
2022/4/24,9:00,16
2022/4/24,10:00,16.6
2022/4/24,11:00,16.8
2022/4/24,12:00,17.4
2022/4/24,13:00,17
2022/4/24,14:00,17
2022/4/24,15:00,16.2
2022/4/24,16:00,16
2022/4/24,17:00,15.4
2022/4/24,18:00,14.8
2022/4/24,19:00,14.9
2022/4/24,20:00,15
2022/4/24,21:00,15.1
2022/4/24,22:00,14.7
2022/4/24,23:00,14.3
2022/4/25,0:00,13.7
2022/4/25,1:00,13.6
2022/4/25,2:00,13.5
2022/4/25,3:00,13.2
2022/4/25,4:00,12.3
2022/4/25,5:00,12.2
2022/4/25,6:00,14.1
2022/4/25,7:00,15.4
2022/4/25,8:00,18.5
2022/4/25,9:00,20.5
2022/4/25,10:00,22
2022/4/25,11:00,22.3
2022/4/25,12:00,22.9
2022/4/25,13:00,22.7
2022/4/25,14:00,22.7
2022/4/25,15:00,22.5
2022/4/25,16:00,22.9
2022/4/25,17:00,21.8
2022/4/25,18:00,20.2
2022/4/25,19:00,18.6
2022/4/25,20:00,18.4
2022/4/25,21:00,18.1
2022/4/25,22:00,18.3
2022/4/25,23:00,18.2
2022/4/26,0:00,18.4
2022/4/26,1:00,18.5
2022/4/26,2:00,18.3
2022/4/26,3:00,18.4
2022/4/26,4:00,17.7
2022/4/26,5:00,17.2
2022/4/26,6:00,17.1
2022/4/26,7:00,17.8
2022/4/26,8:00,19.1
2022/4/26,9:00,20.1
2022/4/26,10:00,21.2
2022/4/26,11:00,22.2
2022/4/26,12:00,21.9
2022/4/26,13:00,22
2022/4/26,14:00,22.7
2022/4/26,15:00,22.5
2022/4/26,16:00,22.3
2022/4/26,17:00,22.3
2022/4/26,18:00,21.8
2022/4/26,19:00,21.5
2022/4/26,20:00,21.4
2022/4/26,21:00,21.2
2022/4/26,22:00,21.2
2022/4/26,23:00,21.5
2022/4/27,0:00,21.5
2022/4/27,1:00,21.5
2022/4/27,2:00,19.6
2022/4/27,3:00,18.6
2022/4/27,4:00,18.9
2022/4/27,5:00,18.8
2022/4/27,6:00,19.3
2022/4/27,7:00,20.1
2022/4/27,8:00,21.3
2022/4/27,9:00,22.5
2022/4/27,10:00,24.8
2022/4/27,11:00,23.7
2022/4/27,12:00,25.3
2022/4/27,13:00,26.1
2022/4/27,14:00,23.8
2022/4/27,15:00,24.6
2022/4/27,16:00,24.1
2022/4/27,17:00,23
2022/4/27,18:00,22.4
2022/4/27,19:00,21.9
2022/4/27,20:00,21.5
2022/4/27,21:00,20.8
2022/4/27,22:00,17.7
2022/4/27,23:00,17.1
2022/4/28,0:00,16.3
2022/4/28,1:00,14.7
2022/4/28,2:00,13.9
2022/4/28,3:00,13.7
2022/4/28,4:00,13.1
2022/4/28,5:00,12.8
2022/4/28,6:00,12.6
2022/4/28,7:00,12.8
2022/4/28,8:00,13.1
2022/4/28,9:00,13.7
2022/4/28,10:00,13.3
2022/4/28,11:00,15.2
2022/4/28,12:00,15.8
2022/4/28,13:00,16.2
2022/4/28,14:00,16
2022/4/28,15:00,14.5
2022/4/28,16:00,14.8
2022/4/28,17:00,14.8
2022/4/28,18:00,13.9
2022/4/28,19:00,12.2
2022/4/28,20:00,12.6
2022/4/28,21:00,12.6
2022/4/28,22:00,12.6
2022/4/28,23:00,12.3
2022/4/29,0:00,12
2022/4/29,1:00,11.3
2022/4/29,2:00,11
2022/4/29,3:00,11
2022/4/29,4:00,10.7
2022/4/29,5:00,10.9
2022/4/29,6:00,11.7
2022/4/29,7:00,12.9
2022/4/29,8:00,13.5
2022/4/29,9:00,14.1
2022/4/29,10:00,15.2
2022/4/29,11:00,15.4
2022/4/29,12:00,15.4
2022/4/29,13:00,14.9
2022/4/29,14:00,14.5
2022/4/29,15:00,13.8
2022/4/29,16:00,13.3
2022/4/29,17:00,12.4
2022/4/29,18:00,11.8
2022/4/29,19:00,9.9
2022/4/29,20:00,9.8
2022/4/29,21:00,8.9
2022/4/29,22:00,9.1
2022/4/29,23:00,9.1
2022/4/30,0:00,7.8
2022/4/30,1:00,7.5
2022/4/30,2:00,7.3
2022/4/30,3:00,6.8
2022/4/30,4:00,6.6
2022/4/30,5:00,6.4
2022/4/30,6:00,8.5
2022/4/30,7:00,10.3
2022/4/30,8:00,12.4
2022/4/30,9:00,12.7
2022/4/30,10:00,13.5
2022/4/30,11:00,13.7
2022/4/30,12:00,14.4
2022/4/30,13:00,15
2022/4/30,14:00,14.9
2022/4/30,15:00,16
2022/4/30,16:00,14.2
2022/4/30,17:00,13.4
2022/4/30,18:00,10.9
2022/4/30,19:00,9.7
2022/4/30,20:00,9.2
2022/4/30,21:00,9.1
2022/4/30,22:00,9.4
2022/4/30,23:00,9.3
2022/5/1,0:00,9.8
2022/5/1,1:00,9.8
2022/5/1,2:00,9.6
2022/5/1,3:00,9.4
2022/5/1,4:00,9.3
2022/5/1,5:00,9
2022/5/1,6:00,9.3
2022/5/1,7:00,10.1
2022/5/1,8:00,10.6
2022/5/1,9:00,11.3
2022/5/1,10:00,11.9
2022/5/1,11:00,12.3
2022/5/1,12:00,12.3
2022/5/1,13:00,13.1
2022/5/1,14:00,12.3
2022/5/1,15:00,12
2022/5/1,16:00,12
2022/5/1,17:00,11.2
2022/5/1,18:00,10.9
2022/5/1,19:00,10.9
2022/5/1,20:00,11
2022/5/1,21:00,11.3
2022/5/1,22:00,10.9
2022/5/1,23:00,10.8
2022/5/2,0:00,10.5
2022/5/2,1:00,10.3
2022/5/2,2:00,9.9
2022/5/2,3:00,9
2022/5/2,4:00,8.4
2022/5/2,5:00,7.8
2022/5/2,6:00,9.8
2022/5/2,7:00,11.6
2022/5/2,8:00,12.4
2022/5/2,9:00,11.7
2022/5/2,10:00,11.8
2022/5/2,11:00,12.1
2022/5/2,12:00,14
2022/5/2,13:00,16.2
2022/5/2,14:00,13.8
2022/5/2,15:00,13.2
2022/5/2,16:00,12.8
2022/5/2,17:00,12.3
2022/5/2,18:00,12.4
2022/5/2,19:00,11.5
2022/5/2,20:00,11.4
2022/5/2,21:00,11.2
2022/5/2,22:00,11.1
2022/5/2,23:00,10.3
2022/5/3,0:00,9.5
2022/5/3,1:00,9.4
2022/5/3,2:00,8.6
2022/5/3,3:00,8.3
2022/5/3,4:00,8.4
2022/5/3,5:00,7.7
2022/5/3,6:00,10.1
2022/5/3,7:00,12.9
2022/5/3,8:00,13.5
2022/5/3,9:00,13.4
2022/5/3,10:00,14
2022/5/3,11:00,13.9
2022/5/3,12:00,14.5
2022/5/3,13:00,15.3
2022/5/3,14:00,14.7
2022/5/3,15:00,16.8
2022/5/3,16:00,15.5
2022/5/3,17:00,15.1
2022/5/3,18:00,13.5
2022/5/3,19:00,12.4
2022/5/3,20:00,12.2
2022/5/3,21:00,12.3
2022/5/3,22:00,12.2
2022/5/3,23:00,11.9
2022/5/4,0:00,12
2022/5/4,1:00,10.5
2022/5/4,2:00,9.3
2022/5/4,3:00,9
2022/5/4,4:00,8.8
2022/5/4,5:00,8.1
2022/5/4,6:00,10.3
2022/5/4,7:00,12.9
2022/5/4,8:00,13.9
2022/5/4,9:00,15.5
2022/5/4,10:00,16.9
2022/5/4,11:00,18.2
2022/5/4,12:00,19.6
2022/5/4,13:00,20.2
2022/5/4,14:00,20.5
2022/5/4,15:00,20
2022/5/4,16:00,20.2
2022/5/4,17:00,19
2022/5/4,18:00,16.5
2022/5/4,19:00,15.2
2022/5/4,20:00,15
2022/5/4,21:00,14.7
2022/5/4,22:00,13.9
2022/5/4,23:00,14.1
2022/5/5,0:00,13.8
2022/5/5,1:00,12.9
2022/5/5,2:00,12.4
2022/5/5,3:00,13
2022/5/5,4:00,11.9
2022/5/5,5:00,11.7
2022/5/5,6:00,14
2022/5/5,7:00,16.6
2022/5/5,8:00,18.1
2022/5/5,9:00,19.9
2022/5/5,10:00,20.9
2022/5/5,11:00,20.7
2022/5/5,12:00,21.8
2022/5/5,13:00,22.4
2022/5/5,14:00,20.2
2022/5/5,15:00,21.2
2022/5/5,16:00,22.6
2022/5/5,17:00,21.1
2022/5/5,18:00,18.3
2022/5/5,19:00,16.2
2022/5/5,20:00,16.4
2022/5/5,21:00,16
2022/5/5,22:00,15.9
2022/5/5,23:00,15.4
2022/5/6,0:00,15.2
2022/5/6,1:00,14.8
2022/5/6,2:00,14.6
2022/5/6,3:00,14.1
2022/5/6,4:00,14.1
2022/5/6,5:00,13.5
2022/5/6,6:00,15.1
2022/5/6,7:00,17.6
2022/5/6,8:00,19.5
2022/5/6,9:00,20.8
2022/5/6,10:00,21.4
2022/5/6,11:00,22.4
2022/5/6,12:00,22.6
2022/5/6,13:00,21.7
2022/5/6,14:00,20.7
2022/5/6,15:00,19.5
2022/5/6,16:00,19
2022/5/6,17:00,18.5
2022/5/6,18:00,17.5
2022/5/6,19:00,16.9
2022/5/6,20:00,16.5
2022/5/6,21:00,16
2022/5/6,22:00,15.9
2022/5/6,23:00,15.7
2022/5/7,0:00,15.6
2022/5/7,1:00,14.9
2022/5/7,2:00,14.7
2022/5/7,3:00,14
2022/5/7,4:00,14.1
2022/5/7,5:00,14.2
2022/5/7,6:00,15
2022/5/7,7:00,16
2022/5/7,8:00,17.7
2022/5/7,9:00,19.9
2022/5/7,10:00,21.3
2022/5/7,11:00,20.2
2022/5/7,12:00,21.1
2022/5/7,13:00,22.2
2022/5/7,14:00,21.4
2022/5/7,15:00,22.7
2022/5/7,16:00,19.9
2022/5/7,17:00,20.4
2022/5/7,18:00,19
2022/5/7,19:00,18.1
2022/5/7,20:00,17.7
2022/5/7,21:00,17.6
2022/5/7,22:00,17.5
2022/5/7,23:00,16.9
2022/5/8,0:00,17.2
2022/5/8,1:00,17.3
2022/5/8,2:00,17.1
2022/5/8,3:00,16.7
2022/5/8,4:00,14.8
2022/5/8,5:00,13.1
2022/5/8,6:00,13.7
2022/5/8,7:00,14.7
2022/5/8,8:00,15
2022/5/8,9:00,12.6
2022/5/8,10:00,13.7
2022/5/8,11:00,14.1
2022/5/8,12:00,14.2
2022/5/8,13:00,14.8
2022/5/8,14:00,14.3
2022/5/8,15:00,14
2022/5/8,16:00,14
2022/5/8,17:00,15.1
2022/5/8,18:00,13.7
2022/5/8,19:00,13
2022/5/8,20:00,12.7
2022/5/8,21:00,12.6
2022/5/8,22:00,13.1
2022/5/8,23:00,13
2022/5/9,0:00,12.2
2022/5/9,1:00,12.3
2022/5/9,2:00,12.2
2022/5/9,3:00,12.7
2022/5/9,4:00,12.5
2022/5/9,5:00,12.4
2022/5/9,6:00,12.8
2022/5/9,7:00,13
2022/5/9,8:00,13.6
2022/5/9,9:00,14.1
2022/5/9,10:00,14
2022/5/9,11:00,14.7
2022/5/9,12:00,14.1
2022/5/9,13:00,14
2022/5/9,14:00,13.3
2022/5/9,15:00,12.9
2022/5/9,16:00,12.2
2022/5/9,17:00,11.8
2022/5/9,18:00,11.6
2022/5/9,19:00,11.3
2022/5/9,20:00,11.4
2022/5/9,21:00,11.5
2022/5/9,22:00,11.5
2022/5/9,23:00,11.5
2022/5/10,0:00,11.7
2022/5/10,1:00,11.7
2022/5/10,2:00,11.6
2022/5/10,3:00,11.5
2022/5/10,4:00,11.2
2022/5/10,5:00,10.2
2022/5/10,6:00,11.2
2022/5/10,7:00,11.1
2022/5/10,8:00,14.9
2022/5/10,9:00,16.3
2022/5/10,10:00,16.8
2022/5/10,11:00,17.4
2022/5/10,12:00,17.6
2022/5/10,13:00,18.7
2022/5/10,14:00,18.3
2022/5/10,15:00,18.4
2022/5/10,16:00,17.9
2022/5/10,17:00,15.6
2022/5/10,18:00,12.6
2022/5/10,19:00,11.9
2022/5/10,20:00,12.4
2022/5/10,21:00,12.4
2022/5/10,22:00,12.7
2022/5/10,23:00,12.5
2022/5/11,0:00,12.7
2022/5/11,1:00,12
2022/5/11,2:00,10.9
2022/5/11,3:00,10.4
2022/5/11,4:00,10.3
2022/5/11,5:00,9.6
2022/5/11,6:00,10.9
2022/5/11,7:00,13.8
2022/5/11,8:00,15.7
2022/5/11,9:00,16.9
2022/5/11,10:00,17.4
2022/5/11,11:00,17.6
2022/5/11,12:00,15.6
2022/5/11,13:00,16.3
2022/5/11,14:00,19.1
2022/5/11,15:00,17.6
2022/5/11,16:00,19.1
2022/5/11,17:00,19.1
2022/5/11,18:00,17.8
2022/5/11,19:00,17.4
2022/5/11,20:00,17.4
2022/5/11,21:00,17.1
2022/5/11,22:00,17.4
2022/5/11,23:00,16.9
2022/5/12,0:00,16.4
2022/5/12,1:00,16.3
2022/5/12,2:00,15.5
2022/5/12,3:00,14.1
2022/5/12,4:00,13.9
2022/5/12,5:00,14.4
2022/5/12,6:00,15.4
2022/5/12,7:00,16
2022/5/12,8:00,16.4
2022/5/12,9:00,18.6
2022/5/12,10:00,22
2022/5/12,11:00,22.9
2022/5/12,12:00,20.9
2022/5/12,13:00,21.7
2022/5/12,14:00,21
2022/5/12,15:00,20.6
2022/5/12,16:00,20.4
2022/5/12,17:00,19.9
2022/5/12,18:00,19.3
2022/5/12,19:00,18.9
2022/5/12,20:00,18.8
2022/5/12,21:00,18.6
2022/5/12,22:00,18.2
2022/5/12,23:00,18.2
2022/5/13,0:00,17.9
2022/5/13,1:00,17.8
2022/5/13,2:00,17.6
2022/5/13,3:00,17
2022/5/13,4:00,16.8
2022/5/13,5:00,17
2022/5/13,6:00,17.4
2022/5/13,7:00,18.3
2022/5/13,8:00,18.6
2022/5/13,9:00,19.3
2022/5/13,10:00,19.9
2022/5/13,11:00,20.4
2022/5/13,12:00,20.4
2022/5/13,13:00,20.7
2022/5/13,14:00,20.8
2022/5/13,15:00,20.9
2022/5/13,16:00,20.4
2022/5/13,17:00,20
2022/5/13,18:00,19.5
2022/5/13,19:00,19.1
2022/5/13,20:00,19
2022/5/13,21:00,19
2022/5/13,22:00,19
2022/5/13,23:00,19
2022/5/14,0:00,18.9
2022/5/14,1:00,19
2022/5/14,2:00,18.9
2022/5/14,3:00,18.9
2022/5/14,4:00,18.8
2022/5/14,5:00,20.1
2022/5/14,6:00,19.7
2022/5/14,7:00,19.7
2022/5/14,8:00,21.6
2022/5/14,9:00,20.4
2022/5/14,10:00,21.2
2022/5/14,11:00,22.1
2022/5/14,12:00,22.6
2022/5/14,13:00,24.8
2022/5/14,14:00,23.5
2022/5/14,15:00,25.6
2022/5/14,16:00,25.9
2022/5/14,17:00,21.5
2022/5/14,18:00,19.6
2022/5/14,19:00,18.3
2022/5/14,20:00,17
2022/5/14,21:00,16.4
2022/5/14,22:00,15.8
2022/5/14,23:00,15.2
2022/5/15,0:00,14.7
2022/5/15,1:00,14.1
2022/5/15,2:00,13.4
2022/5/15,3:00,13.7
2022/5/15,4:00,12.6
2022/5/15,5:00,12.3
2022/5/15,6:00,13
2022/5/15,7:00,13.4
2022/5/15,8:00,15.3
2022/5/15,9:00,15.5
2022/5/15,10:00,15.8
2022/5/15,11:00,15.3
2022/5/15,12:00,16
2022/5/15,13:00,15.9
2022/5/15,14:00,15.9
2022/5/15,15:00,15.8
2022/5/15,16:00,15
2022/5/15,17:00,14.7
2022/5/15,18:00,14.2
2022/5/15,19:00,14.3
2022/5/15,20:00,14.3
2022/5/15,21:00,13.8
2022/5/15,22:00,14.3
2022/5/15,23:00,14.3
2022/5/16,0:00,14
2022/5/16,1:00,13.9
2022/5/16,2:00,13.4
2022/5/16,3:00,13.1
2022/5/16,4:00,13.3
2022/5/16,5:00,13.9
2022/5/16,6:00,14.1
2022/5/16,7:00,14.7
2022/5/16,8:00,14.7
2022/5/16,9:00,14.9
2022/5/16,10:00,15.1
2022/5/16,11:00,15.6
2022/5/16,12:00,15.9
2022/5/16,13:00,15.4
2022/5/16,14:00,15.3
2022/5/16,15:00,15.1
2022/5/16,16:00,15.6
2022/5/16,17:00,15.2
2022/5/16,18:00,14.9
2022/5/16,19:00,14.6
2022/5/16,20:00,14.4
2022/5/16,21:00,14.3
2022/5/16,22:00,14
2022/5/16,23:00,14.1
2022/5/17,0:00,14.2
2022/5/17,1:00,14.2
2022/5/17,2:00,13.8
2022/5/17,3:00,13.7
2022/5/17,4:00,13.6
2022/5/17,5:00,13.5
2022/5/17,6:00,14.4
2022/5/17,7:00,15.2
2022/5/17,8:00,15.8
2022/5/17,9:00,16.7
2022/5/17,10:00,16.6
2022/5/17,11:00,17
2022/5/17,12:00,17.5
2022/5/17,13:00,17.1
2022/5/17,14:00,17.4
2022/5/17,15:00,16.4
2022/5/17,16:00,16.7
2022/5/17,17:00,16.3
2022/5/17,18:00,15.8
2022/5/17,19:00,15.4
2022/5/17,20:00,15.2
2022/5/17,21:00,15.2
2022/5/17,22:00,15.1
2022/5/17,23:00,14.9
2022/5/18,0:00,14.2
2022/5/18,1:00,13.5
2022/5/18,2:00,12
2022/5/18,3:00,12.3
2022/5/18,4:00,11.2
2022/5/18,5:00,11.6
2022/5/18,6:00,13.9
2022/5/18,7:00,16.2
2022/5/18,8:00,17.6
2022/5/18,9:00,19.4
2022/5/18,10:00,19.6
2022/5/18,11:00,20.1
2022/5/18,12:00,20.6
2022/5/18,13:00,19.2
2022/5/18,14:00,18.6
2022/5/18,15:00,21.1
2022/5/18,16:00,20.2
2022/5/18,17:00,18.7
2022/5/18,18:00,17.5
2022/5/18,19:00,17.4
2022/5/18,20:00,16.5
2022/5/18,21:00,15.9
2022/5/18,22:00,15.5
2022/5/18,23:00,15.5
2022/5/19,0:00,15.8
2022/5/19,1:00,14.9
2022/5/19,2:00,14.6
2022/5/19,3:00,13.8
2022/5/19,4:00,12.9
2022/5/19,5:00,12.6
2022/5/19,6:00,15
2022/5/19,7:00,16.3
2022/5/19,8:00,18.2
2022/5/19,9:00,19.1
2022/5/19,10:00,20.7
2022/5/19,11:00,22.1
2022/5/19,12:00,22
2022/5/19,13:00,20.9
2022/5/19,14:00,18.5
2022/5/19,15:00,18.4
2022/5/19,16:00,18.1
2022/5/19,17:00,17
2022/5/19,18:00,15.8
2022/5/19,19:00,15.2
2022/5/19,20:00,16.5
2022/5/19,21:00,16.8
2022/5/19,22:00,16
2022/5/19,23:00,15.6
2022/5/20,0:00,15.6
2022/5/20,1:00,15.5
2022/5/20,2:00,14.8
2022/5/20,3:00,14.3
2022/5/20,4:00,14.2
2022/5/20,5:00,13.9
2022/5/20,6:00,15.1
2022/5/20,7:00,17.6
2022/5/20,8:00,19.3
2022/5/20,9:00,20.8
2022/5/20,10:00,20.3
2022/5/20,11:00,20.2
2022/5/20,12:00,22.3
2022/5/20,13:00,22.6
2022/5/20,14:00,23.5
2022/5/20,15:00,22.5
2022/5/20,16:00,22.4
2022/5/20,17:00,19.9
2022/5/20,18:00,18.2
2022/5/20,19:00,18.7
2022/5/20,20:00,19
2022/5/20,21:00,19.5
2022/5/20,22:00,19.3
2022/5/20,23:00,19.5
2022/5/21,0:00,19.2
2022/5/21,1:00,17.3
2022/5/21,2:00,17.3
2022/5/21,3:00,16.9
2022/5/21,4:00,17.1
2022/5/21,5:00,17.2
2022/5/21,6:00,17.4
2022/5/21,7:00,17.4
2022/5/21,8:00,18.1
2022/5/21,9:00,18.2
2022/5/21,10:00,18.4
2022/5/21,11:00,18.8
2022/5/21,12:00,18.9
2022/5/21,13:00,19
2022/5/21,14:00,18.7
2022/5/21,15:00,18.8
2022/5/21,16:00,18.9
2022/5/21,17:00,18.9
2022/5/21,18:00,18.2
2022/5/21,19:00,17.9
2022/5/21,20:00,17.4
2022/5/21,21:00,17.7
2022/5/21,22:00,16.8
2022/5/21,23:00,16.6
2022/5/22,0:00,15.4
2022/5/22,1:00,14.8
2022/5/22,2:00,14.5
2022/5/22,3:00,14.6
2022/5/22,4:00,14.5
2022/5/22,5:00,14.6
2022/5/22,6:00,15.3
2022/5/22,7:00,16.5
2022/5/22,8:00,17
2022/5/22,9:00,18.1
2022/5/22,10:00,20.6
2022/5/22,11:00,21.2
2022/5/22,12:00,21
2022/5/22,13:00,21.8
2022/5/22,14:00,20.4
2022/5/22,15:00,22.2
2022/5/22,16:00,22
2022/5/22,17:00,21.5
2022/5/22,18:00,19.3
2022/5/22,19:00,17.5
2022/5/22,20:00,16.9
2022/5/22,21:00,17
2022/5/22,22:00,16.7
2022/5/22,23:00,16.5
2022/5/23,0:00,16.5
2022/5/23,1:00,16.4
2022/5/23,2:00,16.3
2022/5/23,3:00,14.4
2022/5/23,4:00,14.5
2022/5/23,5:00,15
2022/5/23,6:00,15.3
2022/5/23,7:00,16.1
2022/5/23,8:00,16.6
2022/5/23,9:00,16.8
2022/5/23,10:00,18
2022/5/23,11:00,20.8
2022/5/23,12:00,21.5
2022/5/23,13:00,21.1
2022/5/23,14:00,21.7
2022/5/23,15:00,20.9
2022/5/23,16:00,21
2022/5/23,17:00,20.2
2022/5/23,18:00,18
2022/5/23,19:00,16.8
2022/5/23,20:00,16.6
2022/5/23,21:00,16.3
2022/5/23,22:00,16.2
2022/5/23,23:00,15.9
2022/5/24,0:00,16.1
2022/5/24,1:00,16.4
2022/5/24,2:00,16.7
2022/5/24,3:00,15.9
2022/5/24,4:00,15.9
2022/5/24,5:00,16.2
2022/5/24,6:00,16.6
2022/5/24,7:00,17.8
2022/5/24,8:00,18.4
2022/5/24,9:00,21
2022/5/24,10:00,21.7
2022/5/24,11:00,22.3
2022/5/24,12:00,23.2
2022/5/24,13:00,23.8
2022/5/24,14:00,23.9
2022/5/24,15:00,23.5
2022/5/24,16:00,22.9
2022/5/24,17:00,22
2022/5/24,18:00,20.6
2022/5/24,19:00,19.1
2022/5/24,20:00,18.9
2022/5/24,21:00,18.6
2022/5/24,22:00,18.6
2022/5/24,23:00,18.6
2022/5/25,0:00,18.3
2022/5/25,1:00,17.8
2022/5/25,2:00,17.5
2022/5/25,3:00,17.2
2022/5/25,4:00,17
2022/5/25,5:00,17.3
2022/5/25,6:00,19.4
2022/5/25,7:00,21.3
2022/5/25,8:00,21.9
2022/5/25,9:00,21
2022/5/25,10:00,21.4
2022/5/25,11:00,23.1
2022/5/25,12:00,24.3
2022/5/25,13:00,23.8
2022/5/25,14:00,23.8
2022/5/25,15:00,23.5
2022/5/25,16:00,21.9
2022/5/25,17:00,19
2022/5/25,18:00,18.4
2022/5/25,19:00,18.6
2022/5/25,20:00,17.9
2022/5/25,21:00,18.3
2022/5/25,22:00,18.3
2022/5/25,23:00,18.2
2022/5/26,0:00,17.9
2022/5/26,1:00,17.6
2022/5/26,2:00,17
2022/5/26,3:00,17.5
2022/5/26,4:00,17.8
2022/5/26,5:00,17.5
2022/5/26,6:00,18.7
2022/5/26,7:00,20.8
2022/5/26,8:00,20.2
2022/5/26,9:00,23
2022/5/26,10:00,21.4
2022/5/26,11:00,21.1
2022/5/26,12:00,22.4
2022/5/26,13:00,23.3
2022/5/26,14:00,23.4
2022/5/26,15:00,23.4
2022/5/26,16:00,20.8
2022/5/26,17:00,19.4
2022/5/26,18:00,18
2022/5/26,19:00,18.3
2022/5/26,20:00,18.6
2022/5/26,21:00,18.5
2022/5/26,22:00,19.1
2022/5/26,23:00,19.3
2022/5/27,0:00,19.3
2022/5/27,1:00,19.1
2022/5/27,2:00,19.4
2022/5/27,3:00,19.2
2022/5/27,4:00,19.2
2022/5/27,5:00,19
2022/5/27,6:00,19.5
2022/5/27,7:00,20
2022/5/27,8:00,20.3
2022/5/27,9:00,20.7
2022/5/27,10:00,21
2022/5/27,11:00,20.4
2022/5/27,12:00,22.6
2022/5/27,13:00,23.6
2022/5/27,14:00,24.3
2022/5/27,15:00,26.1
2022/5/27,16:00,25.4
2022/5/27,17:00,24.6
2022/5/27,18:00,22.9
2022/5/27,19:00,22.3
2022/5/27,20:00,22.2
2022/5/27,21:00,18.5
2022/5/27,22:00,18.6
2022/5/27,23:00,18.2
2022/5/28,0:00,17.7
2022/5/28,1:00,17.3
2022/5/28,2:00,17.1
2022/5/28,3:00,16.9
2022/5/28,4:00,16.7
2022/5/28,5:00,16.9
2022/5/28,6:00,19.1
2022/5/28,7:00,20
2022/5/28,8:00,20.8
2022/5/28,9:00,21.9
2022/5/28,10:00,21.3
2022/5/28,11:00,22.9
2022/5/28,12:00,23.3
2022/5/28,13:00,23.3
2022/5/28,14:00,22.1
2022/5/28,15:00,21.9
2022/5/28,16:00,23.2
2022/5/28,17:00,22.2
2022/5/28,18:00,19
2022/5/28,19:00,17.5
2022/5/28,20:00,16.9
2022/5/28,21:00,16
2022/5/28,22:00,15.8
2022/5/28,23:00,15.4
2022/5/29,0:00,15.2
2022/5/29,1:00,14.8
2022/5/29,2:00,14.9
2022/5/29,3:00,14.5
2022/5/29,4:00,14.3
2022/5/29,5:00,15
2022/5/29,6:00,17.9
2022/5/29,7:00,20.1
2022/5/29,8:00,22.3
2022/5/29,9:00,22.7
2022/5/29,10:00,24.1
2022/5/29,11:00,23.9
2022/5/29,12:00,24.9
2022/5/29,13:00,24.4
2022/5/29,14:00,24.4
2022/5/29,15:00,24.4
2022/5/29,16:00,24.8
2022/5/29,17:00,23.8
2022/5/29,18:00,21.8
2022/5/29,19:00,20.1
2022/5/29,20:00,20
2022/5/29,21:00,19.9
2022/5/29,22:00,19.8
2022/5/29,23:00,19.6
2022/5/30,0:00,19.4
2022/5/30,1:00,18.8
2022/5/30,2:00,17.8
2022/5/30,3:00,17.8
2022/5/30,4:00,16
2022/5/30,5:00,15.7
2022/5/30,6:00,18.4
2022/5/30,7:00,21.7
2022/5/30,8:00,22.4
2022/5/30,9:00,23.2
2022/5/30,10:00,23.3
2022/5/30,11:00,23.5
2022/5/30,12:00,24.1
2022/5/30,13:00,24.1
2022/5/30,14:00,23.7
2022/5/30,15:00,23.2
2022/5/30,16:00,22.4
2022/5/30,17:00,19.3
2022/5/30,18:00,18.5
2022/5/30,19:00,17.9
2022/5/30,20:00,17.6
2022/5/30,21:00,17
2022/5/30,22:00,17.1
2022/5/30,23:00,16.9
2022/5/31,0:00,16.7
2022/5/31,1:00,16.1
2022/5/31,2:00,15.8
2022/5/31,3:00,15.8
2022/5/31,4:00,15.6
2022/5/31,5:00,16
2022/5/31,6:00,16.3
2022/5/31,7:00,16.7
2022/5/31,8:00,17.3
2022/5/31,9:00,17.8
2022/5/31,10:00,18.6
2022/5/31,11:00,19.7
2022/5/31,12:00,19.8
2022/5/31,13:00,20.3
2022/5/31,14:00,20.4
2022/5/31,15:00,20.1
2022/5/31,16:00,20.3
2022/5/31,17:00,19.7
2022/5/31,18:00,19.4
2022/5/31,19:00,18.8
2022/5/31,20:00,18.7
2022/5/31,21:00,18.8
2022/5/31,22:00,18.9
2022/5/31,23:00,18.5
2022/6/1,0:00,18.4
2022/6/1,1:00,17.8
2022/6/1,2:00,18.1
2022/6/1,3:00,18
2022/6/1,4:00,15.8
2022/6/1,5:00,14.3
2022/6/1,6:00,16.6
2022/6/1,7:00,18.3
2022/6/1,8:00,18.7
2022/6/1,9:00,19.5
2022/6/1,10:00,19.7
2022/6/1,11:00,20.8
2022/6/1,12:00,21.2
2022/6/1,13:00,20.2
2022/6/1,14:00,21.1
2022/6/1,15:00,18.1
2022/6/1,16:00,17.9
2022/6/1,17:00,17.9
2022/6/1,18:00,16.9
2022/6/1,19:00,16.4
2022/6/1,20:00,17.2
2022/6/1,21:00,17.5
2022/6/1,22:00,17.9
2022/6/1,23:00,18.5
2022/6/2,0:00,18.2
2022/6/2,1:00,16.6
2022/6/2,2:00,15.6
2022/6/2,3:00,15.4
2022/6/2,4:00,14.8
2022/6/2,5:00,15
2022/6/2,6:00,16.9
2022/6/2,7:00,18.8
2022/6/2,8:00,20.2
2022/6/2,9:00,21.4
2022/6/2,10:00,22.5
2022/6/2,11:00,23.5
2022/6/2,12:00,24.7
2022/6/2,13:00,24.9
2022/6/2,14:00,25
2022/6/2,15:00,25.3
2022/6/2,16:00,23.9
2022/6/2,17:00,22.7
2022/6/2,18:00,21.7
2022/6/2,19:00,20.4
2022/6/2,20:00,19.9
2022/6/2,21:00,19.8
2022/6/2,22:00,18.7
2022/6/2,23:00,18.4
2022/6/3,0:00,18.2
2022/6/3,1:00,18.2
2022/6/3,2:00,18
2022/6/3,3:00,17.7
2022/6/3,4:00,17.3
2022/6/3,5:00,17.1
2022/6/3,6:00,18.1
2022/6/3,7:00,20.6
2022/6/3,8:00,21.5
2022/6/3,9:00,22.9
2022/6/3,10:00,23.6
2022/6/3,11:00,24.3
2022/6/3,12:00,22.6
2022/6/3,13:00,22.6
2022/6/3,14:00,22.6
2022/6/3,15:00,24.9
2022/6/3,16:00,17.5
2022/6/3,17:00,19.1
2022/6/3,18:00,19
2022/6/3,19:00,18.1
2022/6/3,20:00,17.7
2022/6/3,21:00,17.1
2022/6/3,22:00,17.2
2022/6/3,23:00,17.1
2022/6/4,0:00,16.9
2022/6/4,1:00,16.5
2022/6/4,2:00,16.7
2022/6/4,3:00,16.5
2022/6/4,4:00,15.8
2022/6/4,5:00,16.2
2022/6/4,6:00,18.2
2022/6/4,7:00,19.6
2022/6/4,8:00,19.9
2022/6/4,9:00,20.1
2022/6/4,10:00,20.5
2022/6/4,11:00,20.6
2022/6/4,12:00,21.7
2022/6/4,13:00,21.5
2022/6/4,14:00,22.3
2022/6/4,15:00,21.4
2022/6/4,16:00,19.1
2022/6/4,17:00,21.2
2022/6/4,18:00,19.2
2022/6/4,19:00,17.1
2022/6/4,20:00,16.9
2022/6/4,21:00,16.8
2022/6/4,22:00,17.2
2022/6/4,23:00,17.2
2022/6/5,0:00,17.4
2022/6/5,1:00,17.6
2022/6/5,2:00,17.3
2022/6/5,3:00,17
2022/6/5,4:00,16.5
2022/6/5,5:00,16.9
2022/6/5,6:00,17.2
2022/6/5,7:00,17.9
2022/6/5,8:00,21.1
2022/6/5,9:00,22
2022/6/5,10:00,22.3
2022/6/5,11:00,20.8
2022/6/5,12:00,22.9
2022/6/5,13:00,22.1
2022/6/5,14:00,22.1
2022/6/5,15:00,21.5
2022/6/5,16:00,21.4
2022/6/5,17:00,20.4
2022/6/5,18:00,19.1
2022/6/5,19:00,18.5
2022/6/5,20:00,18
2022/6/5,21:00,17.8
2022/6/5,22:00,17.5
2022/6/5,23:00,16.9
2022/6/6,0:00,16.1
2022/6/6,1:00,15.7
2022/6/6,2:00,15.4
2022/6/6,3:00,15
2022/6/6,4:00,15.1
2022/6/6,5:00,15.5
2022/6/6,6:00,15.9
2022/6/6,7:00,15.5
2022/6/6,8:00,15.8
2022/6/6,9:00,16.2
2022/6/6,10:00,17.2
2022/6/6,11:00,17.2
2022/6/6,12:00,16.9
2022/6/6,13:00,16.7
2022/6/6,14:00,17
2022/6/6,15:00,17.3
2022/6/6,16:00,17.1
2022/6/6,17:00,16.9
2022/6/6,18:00,17
2022/6/6,19:00,16.4
2022/6/6,20:00,16.1
2022/6/6,21:00,15.2
2022/6/6,22:00,15.2
2022/6/6,23:00,15.3
2022/6/7,0:00,15.5
2022/6/7,1:00,15.4
2022/6/7,2:00,15.5
2022/6/7,3:00,15.5
2022/6/7,4:00,15.5
2022/6/7,5:00,15.7
2022/6/7,6:00,15.8
2022/6/7,7:00,16.3
2022/6/7,8:00,16.7
2022/6/7,9:00,17.6
2022/6/7,10:00,17.4
2022/6/7,11:00,17.9
2022/6/7,12:00,20.5
2022/6/7,13:00,18.5
2022/6/7,14:00,18.1
2022/6/7,15:00,18.3
2022/6/7,16:00,17.7
2022/6/7,17:00,17.2
2022/6/7,18:00,16.5
2022/6/7,19:00,16.2
2022/6/7,20:00,15.9
2022/6/7,21:00,15.1
2022/6/7,22:00,14.9
2022/6/7,23:00,15.1
2022/6/8,0:00,14.6
2022/6/8,1:00,14.5
2022/6/8,2:00,14.1
2022/6/8,3:00,14
2022/6/8,4:00,14.1
2022/6/8,5:00,13.8
2022/6/8,6:00,14.4
2022/6/8,7:00,15
2022/6/8,8:00,15.4
2022/6/8,9:00,16.1
2022/6/8,10:00,16.6
2022/6/8,11:00,17.4
2022/6/8,12:00,18
2022/6/8,13:00,18
2022/6/8,14:00,18.2
2022/6/8,15:00,18.4
2022/6/8,16:00,17.9
2022/6/8,17:00,17.2
2022/6/8,18:00,16.8
2022/6/8,19:00,16.4
2022/6/8,20:00,16.1
2022/6/8,21:00,16.1
2022/6/8,22:00,16
2022/6/8,23:00,15.9
2022/6/9,0:00,15.8
2022/6/9,1:00,15.8
2022/6/9,2:00,15.7
2022/6/9,3:00,15.8
2022/6/9,4:00,15.8
2022/6/9,5:00,16
2022/6/9,6:00,16.6
2022/6/9,7:00,17.2
2022/6/9,8:00,17.4
2022/6/9,9:00,18.2
2022/6/9,10:00,18.3
2022/6/9,11:00,19
2022/6/9,12:00,19.9
2022/6/9,13:00,21.9
2022/6/9,14:00,22.3
2022/6/9,15:00,22.7
2022/6/9,16:00,22
2022/6/9,17:00,19.8
2022/6/9,18:00,19.6
2022/6/9,19:00,19
2022/6/9,20:00,18.5
2022/6/9,21:00,18.2
2022/6/9,22:00,17.9
2022/6/9,23:00,17.6
2022/6/10,0:00,17.5
2022/6/10,1:00,17.4
2022/6/10,2:00,17.5
2022/6/10,3:00,17.3
2022/6/10,4:00,17.1
2022/6/10,5:00,17.3
2022/6/10,6:00,18
2022/6/10,7:00,18.4
2022/6/10,8:00,19.1
2022/6/10,9:00,20.1
2022/6/10,10:00,21
2022/6/10,11:00,21.5
2022/6/10,12:00,21.5
2022/6/10,13:00,21.7
2022/6/10,14:00,22.4
2022/6/10,15:00,21.3
2022/6/10,16:00,21.8
2022/6/10,17:00,21.1
2022/6/10,18:00,21
2022/6/10,19:00,19.7
2022/6/10,20:00,19.9
2022/6/10,21:00,19.9
2022/6/10,22:00,20.2
2022/6/10,23:00,19.7
2022/6/11,0:00,19.8
2022/6/11,1:00,19.8
2022/6/11,2:00,19.6
2022/6/11,3:00,19.6
2022/6/11,4:00,19.6
2022/6/11,5:00,20.1
2022/6/11,6:00,20.6
2022/6/11,7:00,20.9
2022/6/11,8:00,21.5
2022/6/11,9:00,21.7
2022/6/11,10:00,22.3
2022/6/11,11:00,22.7
2022/6/11,12:00,23.3
2022/6/11,13:00,21.2
2022/6/11,14:00,22.7
2022/6/11,15:00,23.3
2022/6/11,16:00,21.6
2022/6/11,17:00,21.3
2022/6/11,18:00,20.3
2022/6/11,19:00,19.8
2022/6/11,20:00,19.3
2022/6/11,21:00,19.2
2022/6/11,22:00,19.8
2022/6/11,23:00,19.7
2022/6/12,0:00,19.8
2022/6/12,1:00,19.6
2022/6/12,2:00,19.4
2022/6/12,3:00,17.9
2022/6/12,4:00,18.1
2022/6/12,5:00,19
2022/6/12,6:00,18.9
2022/6/12,7:00,19.2
2022/6/12,8:00,20.5
2022/6/12,9:00,23.9
2022/6/12,10:00,23.5
2022/6/12,11:00,22.1
2022/6/12,12:00,24.2
2022/6/12,13:00,21.7
2022/6/12,14:00,24.3
2022/6/12,15:00,24.3
2022/6/12,16:00,23.9
2022/6/12,17:00,22.8
2022/6/12,18:00,19.7
2022/6/12,19:00,16.7
2022/6/12,20:00,15.9
2022/6/12,21:00,15.1
2022/6/12,22:00,14.7
2022/6/12,23:00,14.5
2022/6/13,0:00,14.1
2022/6/13,1:00,13.6
2022/6/13,2:00,13.6
2022/6/13,3:00,13.2
2022/6/13,4:00,13.3
2022/6/13,5:00,14
2022/6/13,6:00,15.8
2022/6/13,7:00,18.9
2022/6/13,8:00,19.9
2022/6/13,9:00,18.2
2022/6/13,10:00,21
2022/6/13,11:00,22.1
2022/6/13,12:00,23.1
2022/6/13,13:00,21.8
2022/6/13,14:00,22.4
2022/6/13,15:00,21.9
2022/6/13,16:00,19.3
2022/6/13,17:00,18.5
2022/6/13,18:00,17.5
2022/6/13,19:00,16.2
2022/6/13,20:00,15.5
2022/6/13,21:00,15.5
2022/6/13,22:00,15.6
2022/6/13,23:00,15.7
2022/6/14,0:00,15.8
2022/6/14,1:00,16
2022/6/14,2:00,16.1
2022/6/14,3:00,15.7
2022/6/14,4:00,15.3
2022/6/14,5:00,15.6
2022/6/14,6:00,16.3
2022/6/14,7:00,16.3
2022/6/14,8:00,16.9
2022/6/14,9:00,17.2
2022/6/14,10:00,17.8
2022/6/14,11:00,17.6
2022/6/14,12:00,17.6
2022/6/14,13:00,17.2
2022/6/14,14:00,17.2
2022/6/14,15:00,16.9
2022/6/14,16:00,16.7
2022/6/14,17:00,16.5
2022/6/14,18:00,15.6
2022/6/14,19:00,15
2022/6/14,20:00,15
2022/6/14,21:00,14.9
2022/6/14,22:00,14.9
2022/6/14,23:00,14.9
2022/6/15,0:00,15
2022/6/15,1:00,14.9
2022/6/15,2:00,14.8
2022/6/15,3:00,14.7
2022/6/15,4:00,14.7
2022/6/15,5:00,15
2022/6/15,6:00,15.7
2022/6/15,7:00,16.5
2022/6/15,8:00,17.6
2022/6/15,9:00,17.2
2022/6/15,10:00,18
2022/6/15,11:00,18
2022/6/15,12:00,18.5
2022/6/15,13:00,18
2022/6/15,14:00,18.4
2022/6/15,15:00,18.2
2022/6/15,16:00,18
2022/6/15,17:00,18.1
2022/6/15,18:00,17.7
2022/6/15,19:00,17.5
2022/6/15,20:00,17.6
2022/6/15,21:00,17.6
2022/6/15,22:00,17.2
2022/6/15,23:00,17.2
2022/6/16,0:00,17.1
2022/6/16,1:00,17.1
2022/6/16,2:00,17.2
2022/6/16,3:00,17.3
2022/6/16,4:00,17.3
2022/6/16,5:00,17.7
2022/6/16,6:00,18.1
2022/6/16,7:00,18.5
2022/6/16,8:00,18.7
2022/6/16,9:00,19.6
2022/6/16,10:00,19.7
2022/6/16,11:00,20.1
2022/6/16,12:00,20.4
2022/6/16,13:00,21
2022/6/16,14:00,21.6
2022/6/16,15:00,22.1
2022/6/16,16:00,22.2
2022/6/16,17:00,21.9
2022/6/16,18:00,21.5
2022/6/16,19:00,20.8
2022/6/16,20:00,20.6
2022/6/16,21:00,20.2
2022/6/16,22:00,19.8
2022/6/16,23:00,19.4
2022/6/17,0:00,19.2
2022/6/17,1:00,19.1
2022/6/17,2:00,18.7
2022/6/17,3:00,18.4
2022/6/17,4:00,18.6
2022/6/17,5:00,18.6
2022/6/17,6:00,19.6
2022/6/17,7:00,20.4
2022/6/17,8:00,21.6
2022/6/17,9:00,22
2022/6/17,10:00,22.7
2022/6/17,11:00,23.1
2022/6/17,12:00,23.3
2022/6/17,13:00,24.2
2022/6/17,14:00,26
2022/6/17,15:00,26.6
2022/6/17,16:00,25.8
2022/6/17,17:00,25.3
2022/6/17,18:00,23.2
2022/6/17,19:00,21.7
2022/6/17,20:00,21.9
2022/6/17,21:00,21.6
2022/6/17,22:00,21.5
2022/6/17,23:00,21.4
2022/6/18,0:00,20.6
2022/6/18,1:00,20.3
2022/6/18,2:00,20
2022/6/18,3:00,19.4
2022/6/18,4:00,19.1
2022/6/18,5:00,19.5
2022/6/18,6:00,21.7
2022/6/18,7:00,21.9
2022/6/18,8:00,22.6
2022/6/18,9:00,23.3
2022/6/18,10:00,23.8
2022/6/18,11:00,24.8
2022/6/18,12:00,24.6
2022/6/18,13:00,24.4
2022/6/18,14:00,25
2022/6/18,15:00,24.8
2022/6/18,16:00,24.1
2022/6/18,17:00,23.6
2022/6/18,18:00,23.1
2022/6/18,19:00,22.4
2022/6/18,20:00,22.2
2022/6/18,21:00,22.2
2022/6/18,22:00,22
2022/6/18,23:00,21.3
2022/6/19,0:00,20.3
2022/6/19,1:00,20.3
2022/6/19,2:00,20.1
2022/6/19,3:00,20.1
2022/6/19,4:00,19.9
2022/6/19,5:00,19.7
2022/6/19,6:00,22.2
2022/6/19,7:00,24
2022/6/19,8:00,25.4
2022/6/19,9:00,26.5
2022/6/19,10:00,26.5
2022/6/19,11:00,28
2022/6/19,12:00,27.8
2022/6/19,13:00,27.3
2022/6/19,14:00,27.6
2022/6/19,15:00,27.2
2022/6/19,16:00,26.9
2022/6/19,17:00,24.6
2022/6/19,18:00,23.8
2022/6/19,19:00,23.1
2022/6/19,20:00,22.7
2022/6/19,21:00,22.8
2022/6/19,22:00,22.6
2022/6/19,23:00,22.4
2022/6/20,0:00,21.9
2022/6/20,1:00,22
2022/6/20,2:00,21.9
2022/6/20,3:00,21.6
2022/6/20,4:00,21.4
2022/6/20,5:00,21.5
2022/6/20,6:00,22.4
2022/6/20,7:00,23.2
2022/6/20,8:00,26.1
2022/6/20,9:00,27
2022/6/20,10:00,28.2
2022/6/20,11:00,26.4
2022/6/20,12:00,28.6
2022/6/20,13:00,28.5
2022/6/20,14:00,28.9
2022/6/20,15:00,26.9
2022/6/20,16:00,25.9
2022/6/20,17:00,25.4
2022/6/20,18:00,25.1
2022/6/20,19:00,24.2
2022/6/20,20:00,23.7
2022/6/20,21:00,24.1
2022/6/20,22:00,23.9
2022/6/20,23:00,23.4
2022/6/21,0:00,23.3
2022/6/21,1:00,23.2
2022/6/21,2:00,23.1
2022/6/21,3:00,23
2022/6/21,4:00,22.8
2022/6/21,5:00,22.7
2022/6/21,6:00,23.3
2022/6/21,7:00,23.1
2022/6/21,8:00,23.9
2022/6/21,9:00,24.2
2022/6/21,10:00,26.2
2022/6/21,11:00,26.9
2022/6/21,12:00,25.6
2022/6/21,13:00,25.5
2022/6/21,14:00,25.8
2022/6/21,15:00,25.2
2022/6/21,16:00,25
2022/6/21,17:00,25.2
2022/6/21,18:00,24.4
2022/6/21,19:00,23.7
2022/6/21,20:00,23.1
2022/6/21,21:00,23.1
2022/6/21,22:00,23
2022/6/21,23:00,22.6
2022/6/22,0:00,22.4
2022/6/22,1:00,22.3
2022/6/22,2:00,22.3
2022/6/22,3:00,22.3
2022/6/22,4:00,22.3
2022/6/22,5:00,21.9
2022/6/22,6:00,22
2022/6/22,7:00,22.7
2022/6/22,8:00,23.3
2022/6/22,9:00,24.2
2022/6/22,10:00,24.9
2022/6/22,11:00,24.6
2022/6/22,12:00,25.2
2022/6/22,13:00,27
2022/6/22,14:00,27.1
2022/6/22,15:00,25.2
2022/6/22,16:00,24.4
2022/6/22,17:00,24.3
2022/6/22,18:00,23
2022/6/22,19:00,22.6
2022/6/22,20:00,22.3
2022/6/22,21:00,22
2022/6/22,22:00,21.9
2022/6/22,23:00,21.7
2022/6/23,0:00,21.5
2022/6/23,1:00,21.5
2022/6/23,2:00,21.4
2022/6/23,3:00,21.4
2022/6/23,4:00,21.3
2022/6/23,5:00,21.5
2022/6/23,6:00,21.9
2022/6/23,7:00,22.7
2022/6/23,8:00,23
2022/6/23,9:00,23.6
2022/6/23,10:00,24
2022/6/23,11:00,24.5
2022/6/23,12:00,25
2022/6/23,13:00,24.9
2022/6/23,14:00,24.9
2022/6/23,15:00,24.9
2022/6/23,16:00,24.3
2022/6/23,17:00,24
2022/6/23,18:00,23.4
2022/6/23,19:00,23.1
2022/6/23,20:00,22.8
2022/6/23,21:00,23.1
2022/6/23,22:00,22.8
2022/6/23,23:00,22.4
2022/6/24,0:00,22.5
2022/6/24,1:00,22.6
2022/6/24,2:00,22.6
2022/6/24,3:00,22.7
2022/6/24,4:00,22.7
2022/6/24,5:00,23.1
2022/6/24,6:00,23.7
2022/6/24,7:00,24.5
2022/6/24,8:00,24.6
2022/6/24,9:00,25.6
2022/6/24,10:00,26.6
2022/6/24,11:00,29.3
2022/6/24,12:00,29.9
2022/6/24,13:00,30.2
2022/6/24,14:00,29.9
2022/6/24,15:00,29.3
2022/6/24,16:00,27.5
2022/6/24,17:00,26.8
2022/6/24,18:00,25.9
2022/6/24,19:00,25.2
2022/6/24,20:00,24.7
2022/6/24,21:00,24.7
2022/6/24,22:00,24.5
2022/6/24,23:00,24.4
2022/6/25,0:00,24.3
2022/6/25,1:00,24.3
2022/6/25,2:00,24.3
2022/6/25,3:00,24.3
2022/6/25,4:00,24.6
2022/6/25,5:00,25
2022/6/25,6:00,27.2
2022/6/25,7:00,28.4
2022/6/25,8:00,29.6
2022/6/25,9:00,30.3
2022/6/25,10:00,30.8
2022/6/25,11:00,31.4
2022/6/25,12:00,30.9
2022/6/25,13:00,31.6
2022/6/25,14:00,31.7
2022/6/25,15:00,31.8
2022/6/25,16:00,31.3
2022/6/25,17:00,28.3
2022/6/25,18:00,27.4
2022/6/25,19:00,26.6
2022/6/25,20:00,26.3
2022/6/25,21:00,25.9
2022/6/25,22:00,25.7
2022/6/25,23:00,25.7
2022/6/26,0:00,25.3
2022/6/26,1:00,24.8
2022/6/26,2:00,23.8
2022/6/26,3:00,23.6
2022/6/26,4:00,23.7
2022/6/26,5:00,23.7
2022/6/26,6:00,24.7
2022/6/26,7:00,27.3
2022/6/26,8:00,28.1
2022/6/26,9:00,28.8
2022/6/26,10:00,29.1
2022/6/26,11:00,29.8
2022/6/26,12:00,30.1
2022/6/26,13:00,28.2
2022/6/26,14:00,28
2022/6/26,15:00,27.1
2022/6/26,16:00,26.5
2022/6/26,17:00,28.5
2022/6/26,18:00,27
2022/6/26,19:00,25.5
2022/6/26,20:00,25.1
2022/6/26,21:00,24.9
2022/6/26,22:00,24.5
2022/6/26,23:00,23.8
2022/6/27,0:00,23.1
2022/6/27,1:00,23.4
2022/6/27,2:00,23.5
2022/6/27,3:00,23.4
2022/6/27,4:00,23.3
2022/6/27,5:00,23.2
2022/6/27,6:00,25.9
2022/6/27,7:00,27.4
2022/6/27,8:00,28.4
2022/6/27,9:00,29.1
2022/6/27,10:00,29.9
2022/6/27,11:00,30.1
2022/6/27,12:00,29.8
2022/6/27,13:00,30.8
2022/6/27,14:00,31.5
2022/6/27,15:00,28.5
2022/6/27,16:00,30.9
2022/6/27,17:00,29.2
2022/6/27,18:00,26.8
2022/6/27,19:00,27.2
2022/6/27,20:00,26.7
2022/6/27,21:00,24.8
2022/6/27,22:00,24.1
2022/6/27,23:00,24
2022/6/28,0:00,24.1
2022/6/28,1:00,24
2022/6/28,2:00,23.7
2022/6/28,3:00,23.9
2022/6/28,4:00,23.5
2022/6/28,5:00,24.6
2022/6/28,6:00,26.6
2022/6/28,7:00,28.3
2022/6/28,8:00,28.9
2022/6/28,9:00,30.2
2022/6/28,10:00,30.9
2022/6/28,11:00,30.5
2022/6/28,12:00,31.4
2022/6/28,13:00,31.2
2022/6/28,14:00,31
2022/6/28,15:00,31.3
2022/6/28,16:00,31.5
2022/6/28,17:00,30.7
2022/6/28,18:00,29
2022/6/28,19:00,26.9
2022/6/28,20:00,26.5
2022/6/28,21:00,26.3
2022/6/28,22:00,26
2022/6/28,23:00,25.7
2022/6/29,0:00,25.2
2022/6/29,1:00,24.8
2022/6/29,2:00,24.5
2022/6/29,3:00,24.4
2022/6/29,4:00,24.4
2022/6/29,5:00,24.7
2022/6/29,6:00,27.2
2022/6/29,7:00,29.5
2022/6/29,8:00,30.4
2022/6/29,9:00,29.9
2022/6/29,10:00,30.6
2022/6/29,11:00,30.8
2022/6/29,12:00,30.7
2022/6/29,13:00,31.3
2022/6/29,14:00,31.3
2022/6/29,15:00,31.9
2022/6/29,16:00,31.3
2022/6/29,17:00,29.8
2022/6/29,18:00,29.1
2022/6/29,19:00,27.4
2022/6/29,20:00,27
2022/6/29,21:00,26.2
2022/6/29,22:00,26
2022/6/29,23:00,25.8
2022/6/30,0:00,25.2
2022/6/30,1:00,24.9
2022/6/30,2:00,24.8
2022/6/30,3:00,25
2022/6/30,4:00,25
2022/6/30,5:00,24.8
2022/6/30,6:00,27.6
2022/6/30,7:00,29.1
2022/6/30,8:00,30.3
2022/6/30,9:00,30.5
2022/6/30,10:00,31.1
2022/6/30,11:00,30.6
2022/6/30,12:00,30.5
2022/6/30,13:00,30.6
2022/6/30,14:00,30.4
2022/6/30,15:00,32.2
2022/6/30,16:00,31.2
2022/6/30,17:00,30.4
2022/6/30,18:00,28.3
2022/6/30,19:00,27.3
2022/6/30,20:00,27.5
2022/6/30,21:00,26.8
2022/6/30,22:00,26.5
2022/6/30,23:00,26.3
2022/7/1,0:00,25.7
2022/7/1,1:00,25.5
2022/7/1,2:00,25
2022/7/1,3:00,24.9
2022/7/1,4:00,24.9
2022/7/1,5:00,25
2022/7/1,6:00,27.7
2022/7/1,7:00,28.9
2022/7/1,8:00,29.5
2022/7/1,9:00,30.2
2022/7/1,10:00,31
2022/7/1,11:00,31.8
2022/7/1,12:00,31
2022/7/1,13:00,30
2022/7/1,14:00,30
2022/7/1,15:00,32.4
2022/7/1,16:00,31.2
2022/7/1,17:00,28.1
2022/7/1,18:00,27.5
2022/7/1,19:00,26.2
2022/7/1,20:00,26.5
2022/7/1,21:00,26.5
2022/7/1,22:00,26.5
2022/7/1,23:00,26.1
2022/7/2,0:00,26.3
2022/7/2,1:00,26.1
2022/7/2,2:00,25.7
2022/7/2,3:00,25.6
2022/7/2,4:00,25.4
2022/7/2,5:00,25.5
2022/7/2,6:00,26.9
2022/7/2,7:00,29.5
2022/7/2,8:00,30.2
2022/7/2,9:00,30.5
2022/7/2,10:00,31.4
2022/7/2,11:00,32
2022/7/2,12:00,32.3
2022/7/2,13:00,33.1
2022/7/2,14:00,31.7
2022/7/2,15:00,31.6
2022/7/2,16:00,28.8
2022/7/2,17:00,29.9
2022/7/2,18:00,27.7
2022/7/2,19:00,26.7
2022/7/2,20:00,26.5
2022/7/2,21:00,26.3
2022/7/2,22:00,25.1
2022/7/2,23:00,25.1
2022/7/3,0:00,24.5
2022/7/3,1:00,25.3
2022/7/3,2:00,24.7
2022/7/3,3:00,24.9
2022/7/3,4:00,24.5
2022/7/3,5:00,25.2
2022/7/3,6:00,26
2022/7/3,7:00,26.8
2022/7/3,8:00,27.4
2022/7/3,9:00,29.8
2022/7/3,10:00,28.6
2022/7/3,11:00,29.4
2022/7/3,12:00,29.6
2022/7/3,13:00,29.1
2022/7/3,14:00,27.5
2022/7/3,15:00,27.1
2022/7/3,16:00,26.3
2022/7/3,17:00,25.7
2022/7/3,18:00,25.6
2022/7/3,19:00,25.2
2022/7/3,20:00,25
2022/7/3,21:00,24.8
2022/7/3,22:00,25
2022/7/3,23:00,24
2022/7/4,0:00,24.1
2022/7/4,1:00,24.1
2022/7/4,2:00,24.2
2022/7/4,3:00,24.3
2022/7/4,4:00,24.3
2022/7/4,5:00,24.4
2022/7/4,6:00,24.9
2022/7/4,7:00,25.2
2022/7/4,8:00,25.9
2022/7/4,9:00,26.2
2022/7/4,10:00,26.7
2022/7/4,11:00,27.4
2022/7/4,12:00,26.6
2022/7/4,13:00,27.5
2022/7/4,14:00,26.9
2022/7/4,15:00,26.6
2022/7/4,16:00,26.4
2022/7/4,17:00,26.6
2022/7/4,18:00,25.9
2022/7/4,19:00,25.4
2022/7/4,20:00,24.2
2022/7/4,21:00,24.3
2022/7/4,22:00,23.9
2022/7/4,23:00,23.4
2022/7/5,0:00,23.1
2022/7/5,1:00,23.2
2022/7/5,2:00,23.4
2022/7/5,3:00,23.4
2022/7/5,4:00,23.1
2022/7/5,5:00,23.4
2022/7/5,6:00,24.6
2022/7/5,7:00,26.8
2022/7/5,8:00,28
2022/7/5,9:00,28.4
2022/7/5,10:00,28.7
2022/7/5,11:00,29.6
2022/7/5,12:00,27.7
2022/7/5,13:00,27.1
2022/7/5,14:00,26
2022/7/5,15:00,25.9
2022/7/5,16:00,25.4
2022/7/5,17:00,25.1
2022/7/5,18:00,24.5
2022/7/5,19:00,24.3
2022/7/5,20:00,24.2
2022/7/5,21:00,24.2
2022/7/5,22:00,24.1
2022/7/5,23:00,24.1
2022/7/6,0:00,24
2022/7/6,1:00,23.9
2022/7/6,2:00,23.6
2022/7/6,3:00,23.7
2022/7/6,4:00,23.6
2022/7/6,5:00,23.9
2022/7/6,6:00,24.5
2022/7/6,7:00,25
2022/7/6,8:00,25.5
2022/7/6,9:00,26.2
2022/7/6,10:00,26.4
2022/7/6,11:00,27.2
2022/7/6,12:00,27.3
2022/7/6,13:00,26.8
2022/7/6,14:00,27.1
2022/7/6,15:00,26.7
2022/7/6,16:00,26.4
2022/7/6,17:00,26.1
2022/7/6,18:00,24.7
2022/7/6,19:00,23.7
2022/7/6,20:00,23.3
2022/7/6,21:00,22.9
2022/7/6,22:00,22.8
2022/7/6,23:00,22.8
2022/7/7,0:00,22.9
2022/7/7,1:00,22.4
2022/7/7,2:00,22.8
2022/7/7,3:00,22.8
2022/7/7,4:00,22.7
2022/7/7,5:00,22.8
2022/7/7,6:00,23.9
2022/7/7,7:00,24.4
2022/7/7,8:00,25
2022/7/7,9:00,25.1
2022/7/7,10:00,25.6
2022/7/7,11:00,26.3
2022/7/7,12:00,26.1
2022/7/7,13:00,27.8
2022/7/7,14:00,27.9
2022/7/7,15:00,28.6
2022/7/7,16:00,27.3
2022/7/7,17:00,26.7
2022/7/7,18:00,24.8
2022/7/7,19:00,23.2
2022/7/7,20:00,22.8
2022/7/7,21:00,22.5
2022/7/7,22:00,22.3
2022/7/7,23:00,22.3
2022/7/8,0:00,22
2022/7/8,1:00,22.2
2022/7/8,2:00,22.3
2022/7/8,3:00,22.2
2022/7/8,4:00,22
2022/7/8,5:00,22.2
2022/7/8,6:00,22.4
2022/7/8,7:00,24.9
2022/7/8,8:00,23.1
2022/7/8,9:00,26.1
2022/7/8,10:00,24.8
2022/7/8,11:00,25.1
2022/7/8,12:00,25.6
2022/7/8,13:00,25.6
2022/7/8,14:00,27.5
2022/7/8,15:00,28.2
2022/7/8,16:00,27.7
2022/7/8,17:00,24.6
2022/7/8,18:00,24.3
2022/7/8,19:00,22.5
2022/7/8,20:00,22.1
2022/7/8,21:00,22
2022/7/8,22:00,21.8
2022/7/8,23:00,22.1
2022/7/9,0:00,22.1
2022/7/9,1:00,21.2
2022/7/9,2:00,20.4
2022/7/9,3:00,20.1
2022/7/9,4:00,20
2022/7/9,5:00,20.2
2022/7/9,6:00,21.2
2022/7/9,7:00,24.4
2022/7/9,8:00,25.6
2022/7/9,9:00,27
2022/7/9,10:00,27.4
2022/7/9,11:00,27.3
2022/7/9,12:00,28.9
2022/7/9,13:00,28.3
2022/7/9,14:00,29.2
2022/7/9,15:00,28.2
2022/7/9,16:00,27.6
2022/7/9,17:00,26
2022/7/9,18:00,24.6
2022/7/9,19:00,24.4
2022/7/9,20:00,24.1
2022/7/9,21:00,24.5
2022/7/9,22:00,24.3
2022/7/9,23:00,24.5
2022/7/10,0:00,24.2
2022/7/10,1:00,24.2
2022/7/10,2:00,24.3
2022/7/10,3:00,23.8
2022/7/10,4:00,23.8
2022/7/10,5:00,23.8
2022/7/10,6:00,24.5
2022/7/10,7:00,25
2022/7/10,8:00,25.8
2022/7/10,9:00,26.2
2022/7/10,10:00,28.4
2022/7/10,11:00,28.6
2022/7/10,12:00,29.4
2022/7/10,13:00,29.9
2022/7/10,14:00,30.1
2022/7/10,15:00,29.9
2022/7/10,16:00,29.3
2022/7/10,17:00,28.1
2022/7/10,18:00,26.8
2022/7/10,19:00,25
2022/7/10,20:00,24.7
2022/7/10,21:00,24.6
2022/7/10,22:00,24.5
2022/7/10,23:00,24.6
2022/7/11,0:00,24.8
2022/7/11,1:00,24.9
2022/7/11,2:00,25
2022/7/11,3:00,24.8
2022/7/11,4:00,24.4
2022/7/11,5:00,24.6
2022/7/11,6:00,25.6
2022/7/11,7:00,28
2022/7/11,8:00,26.5
2022/7/11,9:00,29.3
2022/7/11,10:00,30.1
2022/7/11,11:00,30.5
2022/7/11,12:00,30.6
2022/7/11,13:00,28.6
2022/7/11,14:00,27.7
2022/7/11,15:00,30
2022/7/11,16:00,27.9
2022/7/11,17:00,27.3
2022/7/11,18:00,26.6
2022/7/11,19:00,26.1
2022/7/11,20:00,25.5
2022/7/11,21:00,25.2
2022/7/11,22:00,24.8
2022/7/11,23:00,24.7
2022/7/12,0:00,24.4
2022/7/12,1:00,24.2
2022/7/12,2:00,23.9
2022/7/12,3:00,23.8
2022/7/12,4:00,23.7
2022/7/12,5:00,24.2
2022/7/12,6:00,24.6
2022/7/12,7:00,25.2
2022/7/12,8:00,25.7
2022/7/12,9:00,26
2022/7/12,10:00,26.4
2022/7/12,11:00,26.9
2022/7/12,12:00,26.7
2022/7/12,13:00,26.7
2022/7/12,14:00,26.5
2022/7/12,15:00,26.5
2022/7/12,16:00,26.2
2022/7/12,17:00,25
2022/7/12,18:00,24.8
2022/7/12,19:00,24.4
2022/7/12,20:00,23.8
2022/7/12,21:00,23.8
2022/7/12,22:00,23.8
2022/7/12,23:00,22.9
2022/7/13,0:00,23.1
2022/7/13,1:00,23.1
2022/7/13,2:00,22.7
2022/7/13,3:00,22.7
2022/7/13,4:00,22.8
2022/7/13,5:00,22.8
2022/7/13,6:00,23.1
2022/7/13,7:00,23.7
2022/7/13,8:00,24.1
2022/7/13,9:00,24.8
2022/7/13,10:00,25.1
2022/7/13,11:00,25.3
2022/7/13,12:00,25.9
2022/7/13,13:00,26.3
2022/7/13,14:00,26.3
2022/7/13,15:00,26.6
2022/7/13,16:00,25.3
2022/7/13,17:00,24.7
2022/7/13,18:00,24.2
2022/7/13,19:00,23.8
2022/7/13,20:00,23.5
2022/7/13,21:00,23.5
2022/7/13,22:00,23.4
2022/7/13,23:00,23.2
2022/7/14,0:00,23.1
2022/7/14,1:00,22.8
2022/7/14,2:00,22.8
2022/7/14,3:00,22.7
2022/7/14,4:00,22.7
2022/7/14,5:00,22.8
2022/7/14,6:00,23.3
2022/7/14,7:00,23.8
2022/7/14,8:00,24.5
2022/7/14,9:00,24.7
2022/7/14,10:00,24.7
2022/7/14,11:00,25
2022/7/14,12:00,25.8
2022/7/14,13:00,25.8
2022/7/14,14:00,25.7
2022/7/14,15:00,25.1
2022/7/14,16:00,24.7
2022/7/14,17:00,24.2
2022/7/14,18:00,23.4
2022/7/14,19:00,23.1
2022/7/14,20:00,23.1
2022/7/14,21:00,22.9
2022/7/14,22:00,22.9
2022/7/14,23:00,23
2022/7/15,0:00,22.9
2022/7/15,1:00,23.1
2022/7/15,2:00,23.2
2022/7/15,3:00,23.2
2022/7/15,4:00,23
2022/7/15,5:00,23.5
2022/7/15,6:00,24.1
2022/7/15,7:00,24.4
2022/7/15,8:00,24.9
2022/7/15,9:00,25.3
2022/7/15,10:00,24.4
2022/7/15,11:00,25.4
2022/7/15,12:00,25.6
2022/7/15,13:00,25.9
2022/7/15,14:00,25.7
2022/7/15,15:00,25.7
2022/7/15,16:00,25.6
2022/7/15,17:00,24.9
2022/7/15,18:00,24.3
2022/7/15,19:00,23.9
2022/7/15,20:00,23.8
2022/7/15,21:00,23.8
2022/7/15,22:00,24
2022/7/15,23:00,23.9
2022/7/16,0:00,23.9
2022/7/16,1:00,23.8
2022/7/16,2:00,23.7
2022/7/16,3:00,22.9
2022/7/16,4:00,22.2
2022/7/16,5:00,22.3
2022/7/16,6:00,22.8
2022/7/16,7:00,23.3
2022/7/16,8:00,23.8
2022/7/16,9:00,23.6
2022/7/16,10:00,23.5
2022/7/16,11:00,24.4
2022/7/16,12:00,24.4
2022/7/16,13:00,24.5
2022/7/16,14:00,24.5
2022/7/16,15:00,24.9
2022/7/16,16:00,24.4
2022/7/16,17:00,24.8
2022/7/16,18:00,24.6
2022/7/16,19:00,24.2
2022/7/16,20:00,24
2022/7/16,21:00,23.4
2022/7/16,22:00,23
2022/7/16,23:00,23
2022/7/17,0:00,23.2
2022/7/17,1:00,23.2
2022/7/17,2:00,23.4
2022/7/17,3:00,23.4
2022/7/17,4:00,23
2022/7/17,5:00,23.4
2022/7/17,6:00,24
2022/7/17,7:00,24.2
2022/7/17,8:00,24.5
2022/7/17,9:00,24.3
2022/7/17,10:00,27.2
2022/7/17,11:00,28.1
2022/7/17,12:00,29
2022/7/17,13:00,27.7
2022/7/17,14:00,29.2
2022/7/17,15:00,29.9
2022/7/17,16:00,28.8
2022/7/17,17:00,27.4
2022/7/17,18:00,26.7
2022/7/17,19:00,26.1
2022/7/17,20:00,25.8
2022/7/17,21:00,23.6
2022/7/17,22:00,23.8
2022/7/17,23:00,23.5
2022/7/18,0:00,23.6
2022/7/18,1:00,23.3
2022/7/18,2:00,23.3
2022/7/18,3:00,22.7
2022/7/18,4:00,23.1
2022/7/18,5:00,23.2
2022/7/18,6:00,24
2022/7/18,7:00,24.8
2022/7/18,8:00,25.7
2022/7/18,9:00,26.3
2022/7/18,10:00,29.2
2022/7/18,11:00,29.5
2022/7/18,12:00,29.3
2022/7/18,13:00,30.2
2022/7/18,14:00,30.2
2022/7/18,15:00,30.7
2022/7/18,16:00,29.8
2022/7/18,17:00,27.1
2022/7/18,18:00,26.7
2022/7/18,19:00,25.8
2022/7/18,20:00,25.9
2022/7/18,21:00,25.7
2022/7/18,22:00,25.7
2022/7/18,23:00,25.7
2022/7/19,0:00,25.7
2022/7/19,1:00,25.5
2022/7/19,2:00,25.3
2022/7/19,3:00,25.2
2022/7/19,4:00,25.1
2022/7/19,5:00,25.1
2022/7/19,6:00,25.5
2022/7/19,7:00,26.1
2022/7/19,8:00,26.6
2022/7/19,9:00,27.4
2022/7/19,10:00,27.7
2022/7/19,11:00,28.1
2022/7/19,12:00,27.8
2022/7/19,13:00,28.2
2022/7/19,14:00,27.8
2022/7/19,15:00,27.6
2022/7/19,16:00,27.4
2022/7/19,17:00,26.6
2022/7/19,18:00,26.5
2022/7/19,19:00,25.9
2022/7/19,20:00,25.8
2022/7/19,21:00,25.9
2022/7/19,22:00,25.5
2022/7/19,23:00,25.6
2022/7/20,0:00,25.4
2022/7/20,1:00,25.5
2022/7/20,2:00,24.9
2022/7/20,3:00,24.6
2022/7/20,4:00,24.6
2022/7/20,5:00,24.5
2022/7/20,6:00,26.6
2022/7/20,7:00,27.7
2022/7/20,8:00,28.4
2022/7/20,9:00,28.7
2022/7/20,10:00,28.6
2022/7/20,11:00,28.9
2022/7/20,12:00,28.5
2022/7/20,13:00,28.3
2022/7/20,14:00,28.5
2022/7/20,15:00,28.7
2022/7/20,16:00,28.4
2022/7/20,17:00,25.3
2022/7/20,18:00,24.7
2022/7/20,19:00,23.7
2022/7/20,20:00,23.6
2022/7/20,21:00,23.3
2022/7/20,22:00,23.2
2022/7/20,23:00,22.9
2022/7/21,0:00,22.7
2022/7/21,1:00,22.4
2022/7/21,2:00,22.6
2022/7/21,3:00,22.9
2022/7/21,4:00,23
2022/7/21,5:00,23.3
2022/7/21,6:00,23.7
2022/7/21,7:00,24.7
2022/7/21,8:00,25.4
2022/7/21,9:00,28.4
2022/7/21,10:00,29.6
2022/7/21,11:00,27.5
2022/7/21,12:00,27.7
2022/7/21,13:00,27.2
2022/7/21,14:00,27.9
2022/7/21,15:00,27.6
2022/7/21,16:00,27.7
2022/7/21,17:00,26.6
2022/7/21,18:00,26
2022/7/21,19:00,26
2022/7/21,20:00,25.8
2022/7/21,21:00,25.9
2022/7/21,22:00,25.7
2022/7/21,23:00,25.8
2022/7/22,0:00,25.7
2022/7/22,1:00,25.7
2022/7/22,2:00,25.5
2022/7/22,3:00,25.3
2022/7/22,4:00,25.2
2022/7/22,5:00,25.3
2022/7/22,6:00,25.6
2022/7/22,7:00,25.9
2022/7/22,8:00,26.6
2022/7/22,9:00,27
2022/7/22,10:00,27.4
2022/7/22,11:00,27.7
2022/7/22,12:00,29
2022/7/22,13:00,29.2
2022/7/22,14:00,31
2022/7/22,15:00,31.3
2022/7/22,16:00,29.7
2022/7/22,17:00,29.9
2022/7/22,18:00,27.9
2022/7/22,19:00,26.5
2022/7/22,20:00,26
2022/7/22,21:00,25.8
2022/7/22,22:00,25.6
2022/7/22,23:00,25.2
2022/7/23,0:00,25
2022/7/23,1:00,25
2022/7/23,2:00,24.9
2022/7/23,3:00,24.8
2022/7/23,4:00,24.8
2022/7/23,5:00,24.4
2022/7/23,6:00,24.7
2022/7/23,7:00,27.5
2022/7/23,8:00,28.4
2022/7/23,9:00,29.9
2022/7/23,10:00,29.4
2022/7/23,11:00,29.8
2022/7/23,12:00,30.2
2022/7/23,13:00,30.6
2022/7/23,14:00,30.7
2022/7/23,15:00,28.5
2022/7/23,16:00,30.1
2022/7/23,17:00,27.3
2022/7/23,18:00,26.1
2022/7/23,19:00,25.3
2022/7/23,20:00,25.4
2022/7/23,21:00,25.6
2022/7/23,22:00,24.8
2022/7/23,23:00,25.2
2022/7/24,0:00,25.4
2022/7/24,1:00,24.8
2022/7/24,2:00,24.7
2022/7/24,3:00,24.6
2022/7/24,4:00,24.1
2022/7/24,5:00,24.2
2022/7/24,6:00,24.5
2022/7/24,7:00,25.4
2022/7/24,8:00,26.2
2022/7/24,9:00,28
2022/7/24,10:00,29.3
2022/7/24,11:00,29.2
2022/7/24,12:00,30.3
2022/7/24,13:00,29.2
2022/7/24,14:00,30.2
2022/7/24,15:00,29.7
2022/7/24,16:00,29.5
2022/7/24,17:00,28.4
2022/7/24,18:00,25.9
2022/7/24,19:00,25.2
2022/7/24,20:00,24.7
2022/7/24,21:00,24.8
2022/7/24,22:00,24.8
2022/7/24,23:00,24.6
2022/7/25,0:00,24.5
2022/7/25,1:00,24.5
2022/7/25,2:00,24.2
2022/7/25,3:00,24
2022/7/25,4:00,23.8
2022/7/25,5:00,23.8
2022/7/25,6:00,26.6
2022/7/25,7:00,27.6
2022/7/25,8:00,28.8
2022/7/25,9:00,28.7
2022/7/25,10:00,29.7
2022/7/25,11:00,30.2
2022/7/25,12:00,29.6
2022/7/25,13:00,31.3
2022/7/25,14:00,30.7
2022/7/25,15:00,31
2022/7/25,16:00,30.5
2022/7/25,17:00,30
2022/7/25,18:00,28.1
2022/7/25,19:00,26.7
2022/7/25,20:00,26.6
2022/7/25,21:00,26.3
2022/7/25,22:00,26.7
2022/7/25,23:00,26.7
2022/7/26,0:00,26.6
2022/7/26,1:00,26.5
2022/7/26,2:00,26.4
2022/7/26,3:00,26.3
2022/7/26,4:00,26.2
2022/7/26,5:00,26.3
2022/7/26,6:00,26.8
2022/7/26,7:00,27.6
2022/7/26,8:00,27.9
2022/7/26,9:00,28.4
2022/7/26,10:00,27.9
2022/7/26,11:00,28
2022/7/26,12:00,28.2
2022/7/26,13:00,27.7
2022/7/26,14:00,28.6
2022/7/26,15:00,28.2
2022/7/26,16:00,27.9
2022/7/26,17:00,27.4
2022/7/26,18:00,27.1
2022/7/26,19:00,26.7
2022/7/26,20:00,26.6
2022/7/26,21:00,26.4
2022/7/26,22:00,26.3
2022/7/26,23:00,26.2
2022/7/27,0:00,26.1
2022/7/27,1:00,26
2022/7/27,2:00,25.7
2022/7/27,3:00,25.8
2022/7/27,4:00,25.8
2022/7/27,5:00,25.5
2022/7/27,6:00,26.2
2022/7/27,7:00,28.5
2022/7/27,8:00,29.6
2022/7/27,9:00,30.2
2022/7/27,10:00,31.2
2022/7/27,11:00,31.4
2022/7/27,12:00,29.9
2022/7/27,13:00,32.3
2022/7/27,14:00,31.6
2022/7/27,15:00,31.9
2022/7/27,16:00,31.4
2022/7/27,17:00,29.5
2022/7/27,18:00,27.7
2022/7/27,19:00,26.7
2022/7/27,20:00,26.7
2022/7/27,21:00,26.6
2022/7/27,22:00,26.5
2022/7/27,23:00,26.3
2022/7/28,0:00,25.8
2022/7/28,1:00,25.9
2022/7/28,2:00,25.1
2022/7/28,3:00,24.9
2022/7/28,4:00,24.9
2022/7/28,5:00,25
2022/7/28,6:00,27.2
2022/7/28,7:00,28.5
2022/7/28,8:00,27.7
2022/7/28,9:00,30
2022/7/28,10:00,28.7
2022/7/28,11:00,31.1
2022/7/28,12:00,31.2
2022/7/28,13:00,31.3
2022/7/28,14:00,31.3
2022/7/28,15:00,31.2
2022/7/28,16:00,31.1
2022/7/28,17:00,27.9
2022/7/28,18:00,26.9
2022/7/28,19:00,26.3
2022/7/28,20:00,24.5
2022/7/28,21:00,25.2
2022/7/28,22:00,25.2
2022/7/28,23:00,24.2
2022/7/29,0:00,24.4
2022/7/29,1:00,24.1
2022/7/29,2:00,24
2022/7/29,3:00,23.9
2022/7/29,4:00,23.8
2022/7/29,5:00,23.3
2022/7/29,6:00,24.2
2022/7/29,7:00,26.7
2022/7/29,8:00,28.5
2022/7/29,9:00,29.2
2022/7/29,10:00,29.8
2022/7/29,11:00,31
2022/7/29,12:00,30.8
2022/7/29,13:00,31.8
2022/7/29,14:00,32.1
2022/7/29,15:00,32
2022/7/29,16:00,31.3
2022/7/29,17:00,30.2
2022/7/29,18:00,27.7
2022/7/29,19:00,26.7
2022/7/29,20:00,26.6
2022/7/29,21:00,26.6
2022/7/29,22:00,26.6
2022/7/29,23:00,26.4
2022/7/30,0:00,26
2022/7/30,1:00,26
2022/7/30,2:00,26.3
2022/7/30,3:00,25.9
2022/7/30,4:00,25.6
2022/7/30,5:00,25.6
2022/7/30,6:00,26.3
2022/7/30,7:00,29.1
2022/7/30,8:00,30.4
2022/7/30,9:00,31
2022/7/30,10:00,31.9
2022/7/30,11:00,31.3
2022/7/30,12:00,33
2022/7/30,13:00,31.9
2022/7/30,14:00,32.3
2022/7/30,15:00,32.2
2022/7/30,16:00,30.9
2022/7/30,17:00,28.5
2022/7/30,18:00,27.9
2022/7/30,19:00,27.5
2022/7/30,20:00,26.8
2022/7/30,21:00,26.3
2022/7/30,22:00,25.8
2022/7/30,23:00,26
2022/7/31,0:00,26
2022/7/31,1:00,25.9
2022/7/31,2:00,25.8
2022/7/31,3:00,25.8
2022/7/31,4:00,25.9
2022/7/31,5:00,26
2022/7/31,6:00,26.7
2022/7/31,7:00,27.6
2022/7/31,8:00,28.1
2022/7/31,9:00,29.2
2022/7/31,10:00,32.1
2022/7/31,11:00,31
2022/7/31,12:00,31.9
2022/7/31,13:00,32.1
2022/7/31,14:00,32.4
2022/7/31,15:00,32.3
2022/7/31,16:00,29.7
2022/7/31,17:00,29
2022/7/31,18:00,28.6
2022/7/31,19:00,28
2022/7/31,20:00,28.2
2022/7/31,21:00,27.5
2022/7/31,22:00,27.2
2022/7/31,23:00,26.1
2022/8/1,0:00,25.4
2022/8/1,1:00,25.1
2022/8/1,2:00,25.2
2022/8/1,3:00,25.5
2022/8/1,4:00,25.4
2022/8/1,5:00,25.5
2022/8/1,6:00,26.3
2022/8/1,7:00,28.3
2022/8/1,8:00,30.3
2022/8/1,9:00,30.6
2022/8/1,10:00,31
2022/8/1,11:00,31.7
2022/8/1,12:00,32.3
2022/8/1,13:00,32.4
2022/8/1,14:00,33.5
2022/8/1,15:00,32.8
2022/8/1,16:00,32.3
2022/8/1,17:00,31.1
2022/8/1,18:00,28.7
2022/8/1,19:00,28.2
2022/8/1,20:00,28.3
2022/8/1,21:00,27.8
2022/8/1,22:00,27.9
2022/8/1,23:00,26.8
2022/8/2,0:00,25.8
2022/8/2,1:00,25.5
2022/8/2,2:00,25.6
2022/8/2,3:00,25.9
2022/8/2,4:00,25.7
2022/8/2,5:00,25.8
2022/8/2,6:00,26.7
2022/8/2,7:00,27.7
2022/8/2,8:00,30.3
2022/8/2,9:00,31.1
2022/8/2,10:00,31.8
2022/8/2,11:00,31.8
2022/8/2,12:00,31.7
2022/8/2,13:00,32.5
2022/8/2,14:00,31.2
2022/8/2,15:00,32.1
2022/8/2,16:00,31.6
2022/8/2,17:00,32.1
2022/8/2,18:00,29.7
2022/8/2,19:00,28.5
2022/8/2,20:00,28.2
2022/8/2,21:00,27.7
2022/8/2,22:00,28.1
2022/8/2,23:00,28
2022/8/3,0:00,27.7
2022/8/3,1:00,27.2
2022/8/3,2:00,26.7
2022/8/3,3:00,26.2
2022/8/3,4:00,25.8
2022/8/3,5:00,26
2022/8/3,6:00,27.4
2022/8/3,7:00,29.7
2022/8/3,8:00,31.1
2022/8/3,9:00,31.6
2022/8/3,10:00,32.2
2022/8/3,11:00,33.2
2022/8/3,12:00,33.5
2022/8/3,13:00,32.4
2022/8/3,14:00,32.6
2022/8/3,15:00,30.2
2022/8/3,16:00,29.9
2022/8/3,17:00,31.1
2022/8/3,18:00,28.8
2022/8/3,19:00,27.7
2022/8/3,20:00,28.9
2022/8/3,21:00,28
2022/8/3,22:00,27.2
2022/8/3,23:00,26.7
2022/8/4,0:00,26.2
2022/8/4,1:00,25.9
2022/8/4,2:00,25.9
2022/8/4,3:00,24
2022/8/4,4:00,23.3
2022/8/4,5:00,22.7
2022/8/4,6:00,23.2
2022/8/4,7:00,23.7
2022/8/4,8:00,24.2
2022/8/4,9:00,24.6
2022/8/4,10:00,25.4
2022/8/4,11:00,25.9
2022/8/4,12:00,26
2022/8/4,13:00,25.4
2022/8/4,14:00,25.4
2022/8/4,15:00,25.3
2022/8/4,16:00,25.1
2022/8/4,17:00,25
2022/8/4,18:00,23.4
2022/8/4,19:00,22.8
2022/8/4,20:00,22.6
2022/8/4,21:00,22.7
2022/8/4,22:00,22.3
2022/8/4,23:00,22.5
2022/8/5,0:00,22.3
2022/8/5,1:00,22
2022/8/5,2:00,21.7
2022/8/5,3:00,22
2022/8/5,4:00,22
2022/8/5,5:00,21.8
2022/8/5,6:00,22
2022/8/5,7:00,23
2022/8/5,8:00,22.7
2022/8/5,9:00,23.3
2022/8/5,10:00,24
2022/8/5,11:00,24.3
2022/8/5,12:00,25.5
2022/8/5,13:00,25
2022/8/5,14:00,24.9
2022/8/5,15:00,24.3
2022/8/5,16:00,24.3
2022/8/5,17:00,23.4
2022/8/5,18:00,23
2022/8/5,19:00,22.4
2022/8/5,20:00,21.8
2022/8/5,21:00,21.6
2022/8/5,22:00,21.5
2022/8/5,23:00,21.4
2022/8/6,0:00,21.5
2022/8/6,1:00,21.1
2022/8/6,2:00,21.1
2022/8/6,3:00,21.1
2022/8/6,4:00,20.9
2022/8/6,5:00,20.8
2022/8/6,6:00,21.2
2022/8/6,7:00,21.7
2022/8/6,8:00,22.3
2022/8/6,9:00,23
2022/8/6,10:00,23.8
2022/8/6,11:00,23.6
2022/8/6,12:00,24.5
2022/8/6,13:00,26.4
2022/8/6,14:00,27
2022/8/6,15:00,25.1
2022/8/6,16:00,27.3
2022/8/6,17:00,24.9
2022/8/6,18:00,24.2
2022/8/6,19:00,23.1
2022/8/6,20:00,23.1
2022/8/6,21:00,23.2
2022/8/6,22:00,23.6
2022/8/6,23:00,23.5
2022/8/7,0:00,23.7
2022/8/7,1:00,23.3
2022/8/7,2:00,23.3
2022/8/7,3:00,23.4
2022/8/7,4:00,23.2
2022/8/7,5:00,23.4
2022/8/7,6:00,23.9
2022/8/7,7:00,24.8
2022/8/7,8:00,27.3
2022/8/7,9:00,28
2022/8/7,10:00,26.3
2022/8/7,11:00,26.7
2022/8/7,12:00,27.6
2022/8/7,13:00,30.1
2022/8/7,14:00,28.4
2022/8/7,15:00,29.3
2022/8/7,16:00,29.9
2022/8/7,17:00,27.9
2022/8/7,18:00,27.2
2022/8/7,19:00,27
2022/8/7,20:00,26
2022/8/7,21:00,26.1
2022/8/7,22:00,26.4
2022/8/7,23:00,26.4
2022/8/8,0:00,26.5
2022/8/8,1:00,26.2
2022/8/8,2:00,25.7
2022/8/8,3:00,25.7
2022/8/8,4:00,25.4
2022/8/8,5:00,25.2
2022/8/8,6:00,27.4
2022/8/8,7:00,28.7
2022/8/8,8:00,30.1
2022/8/8,9:00,30.1
2022/8/8,10:00,31.1
2022/8/8,11:00,31.1
2022/8/8,12:00,31.7
2022/8/8,13:00,33.1
2022/8/8,14:00,32
2022/8/8,15:00,32
2022/8/8,16:00,31.4
2022/8/8,17:00,29.7
2022/8/8,18:00,27.8
2022/8/8,19:00,27.2
2022/8/8,20:00,27.1
2022/8/8,21:00,26.9
2022/8/8,22:00,27
2022/8/8,23:00,26.7
2022/8/9,0:00,26.5
2022/8/9,1:00,26.3
2022/8/9,2:00,26.2
2022/8/9,3:00,26.1
2022/8/9,4:00,25.7
2022/8/9,5:00,25.7
2022/8/9,6:00,27.8
2022/8/9,7:00,29.5
2022/8/9,8:00,30.9
2022/8/9,9:00,31.2
2022/8/9,10:00,32.1
2022/8/9,11:00,32.8
2022/8/9,12:00,32.2
2022/8/9,13:00,32.8
2022/8/9,14:00,33.3
2022/8/9,15:00,32.6
2022/8/9,16:00,31.8
2022/8/9,17:00,30.5
2022/8/9,18:00,28.2
2022/8/9,19:00,27.6
2022/8/9,20:00,27.1
2022/8/9,21:00,26.9
2022/8/9,22:00,26.9
2022/8/9,23:00,26.8
2022/8/10,0:00,26.6
2022/8/10,1:00,26.3
2022/8/10,2:00,26
2022/8/10,3:00,26
2022/8/10,4:00,26
2022/8/10,5:00,25.7
2022/8/10,6:00,27.8
2022/8/10,7:00,29.3
2022/8/10,8:00,30.3
2022/8/10,9:00,30.6
2022/8/10,10:00,31.4
2022/8/10,11:00,31.8
2022/8/10,12:00,32
2022/8/10,13:00,32.3
2022/8/10,14:00,32
2022/8/10,15:00,32.2
2022/8/10,16:00,31.3
2022/8/10,17:00,30.1
2022/8/10,18:00,28
2022/8/10,19:00,27.4
2022/8/10,20:00,27.2
2022/8/10,21:00,27.1
2022/8/10,22:00,26.8
2022/8/10,23:00,26.8
2022/8/11,0:00,26.2
2022/8/11,1:00,26.1
2022/8/11,2:00,26.2
2022/8/11,3:00,25.9
2022/8/11,4:00,25.6
2022/8/11,5:00,25.5
2022/8/11,6:00,26.2
2022/8/11,7:00,28.5
2022/8/11,8:00,27.5
2022/8/11,9:00,30.1
2022/8/11,10:00,30.8
2022/8/11,11:00,31.1
2022/8/11,12:00,30.9
2022/8/11,13:00,31.6
2022/8/11,14:00,31.5
2022/8/11,15:00,30.9
2022/8/11,16:00,28.1
2022/8/11,17:00,29.2
2022/8/11,18:00,26.8
2022/8/11,19:00,26.4
2022/8/11,20:00,26.2
2022/8/11,21:00,26
2022/8/11,22:00,26.1
2022/8/11,23:00,25.9
2022/8/12,0:00,26.2
2022/8/12,1:00,26
2022/8/12,2:00,26
2022/8/12,3:00,25.7
2022/8/12,4:00,25.7
2022/8/12,5:00,26
2022/8/12,6:00,27.5
2022/8/12,7:00,28.5
2022/8/12,8:00,29.8
2022/8/12,9:00,27.5
2022/8/12,10:00,30.6
2022/8/12,11:00,31
2022/8/12,12:00,27.7
2022/8/12,13:00,30.8
2022/8/12,14:00,30.2
2022/8/12,15:00,28
2022/8/12,16:00,27.5
2022/8/12,17:00,27.2
2022/8/12,18:00,26.6
2022/8/12,19:00,26.2
2022/8/12,20:00,26.2
2022/8/12,21:00,25.4
2022/8/12,22:00,25.8
2022/8/12,23:00,25.6
2022/8/13,0:00,26
2022/8/13,1:00,25.9
2022/8/13,2:00,25.9
2022/8/13,3:00,25.8
2022/8/13,4:00,25.1
2022/8/13,5:00,24.5
2022/8/13,6:00,24.9
2022/8/13,7:00,25.6
2022/8/13,8:00,27.7
2022/8/13,9:00,28.1
2022/8/13,10:00,27.5
2022/8/13,11:00,26.8
2022/8/13,12:00,26.1
2022/8/13,13:00,26.2
2022/8/13,14:00,26.5
2022/8/13,15:00,26.1
2022/8/13,16:00,25.7
2022/8/13,17:00,25.3
2022/8/13,18:00,24.7
2022/8/13,19:00,24.4
2022/8/13,20:00,24.4
2022/8/13,21:00,24.2
2022/8/13,22:00,24.3
2022/8/13,23:00,24
2022/8/14,0:00,24
2022/8/14,1:00,23.9
2022/8/14,2:00,23.9
2022/8/14,3:00,23.8
2022/8/14,4:00,23.8
2022/8/14,5:00,23.6
2022/8/14,6:00,24.5
2022/8/14,7:00,25.3
2022/8/14,8:00,25.7
2022/8/14,9:00,26.5
2022/8/14,10:00,27.5
2022/8/14,11:00,29.8
2022/8/14,12:00,30.1
2022/8/14,13:00,29.8
2022/8/14,14:00,28.9
2022/8/14,15:00,28.7
2022/8/14,16:00,29.5
2022/8/14,17:00,29.6
2022/8/14,18:00,27
2022/8/14,19:00,27
2022/8/14,20:00,27.3
2022/8/14,21:00,27.1
2022/8/14,22:00,26.4
2022/8/14,23:00,26.4
2022/8/15,0:00,26
2022/8/15,1:00,25.8
2022/8/15,2:00,26.2
2022/8/15,3:00,26.2
2022/8/15,4:00,25.9
2022/8/15,5:00,26
2022/8/15,6:00,26.3
2022/8/15,7:00,26.8
2022/8/15,8:00,26.7
2022/8/15,9:00,29.7
2022/8/15,10:00,30.8
2022/8/15,11:00,29.3
2022/8/15,12:00,31.6
2022/8/15,13:00,29.7
2022/8/15,14:00,32
2022/8/15,15:00,31.7
2022/8/15,16:00,31.8
2022/8/15,17:00,29.8
2022/8/15,18:00,28.2
2022/8/15,19:00,27.5
2022/8/15,20:00,27.5
2022/8/15,21:00,27.4
2022/8/15,22:00,27
2022/8/15,23:00,26.9
2022/8/16,0:00,26.7
2022/8/16,1:00,26.5
2022/8/16,2:00,26.3
2022/8/16,3:00,25.9
2022/8/16,4:00,25.6
2022/8/16,5:00,25.6
2022/8/16,6:00,26.3
2022/8/16,7:00,27.2
2022/8/16,8:00,28.2
2022/8/16,9:00,28.8
2022/8/16,10:00,31.1
2022/8/16,11:00,31.8
2022/8/16,12:00,32.5
2022/8/16,13:00,32.5
2022/8/16,14:00,32.5
2022/8/16,15:00,31.7
2022/8/16,16:00,31.2
2022/8/16,17:00,30.1
2022/8/16,18:00,28
2022/8/16,19:00,27.6
2022/8/16,20:00,27.3
2022/8/16,21:00,27.1
2022/8/16,22:00,27.4
2022/8/16,23:00,26.3
2022/8/17,0:00,26.3
2022/8/17,1:00,26.2
2022/8/17,2:00,25.9
2022/8/17,3:00,25.9
2022/8/17,4:00,25.6
2022/8/17,5:00,25.1
2022/8/17,6:00,25.6
2022/8/17,7:00,26.8
2022/8/17,8:00,25.8
2022/8/17,9:00,26
2022/8/17,10:00,26.4
2022/8/17,11:00,27.9
2022/8/17,12:00,28.4
2022/8/17,13:00,29.4
2022/8/17,14:00,29.3
2022/8/17,15:00,26.7
2022/8/17,16:00,25.9
2022/8/17,17:00,25
2022/8/17,18:00,24.4
2022/8/17,19:00,24.3
2022/8/17,20:00,24.3
2022/8/17,21:00,23.9
2022/8/17,22:00,24
2022/8/17,23:00,22.7
2022/8/18,0:00,22.8
2022/8/18,1:00,22.9
2022/8/18,2:00,22.9
2022/8/18,3:00,22.7
2022/8/18,4:00,23
2022/8/18,5:00,23
2022/8/18,6:00,23.3
2022/8/18,7:00,23.9
2022/8/18,8:00,24.6
2022/8/18,9:00,24.7
2022/8/18,10:00,25.5
2022/8/18,11:00,25.5
2022/8/18,12:00,25.8
2022/8/18,13:00,24.6
2022/8/18,14:00,28.2
2022/8/18,15:00,28.7
2022/8/18,16:00,29.2
2022/8/18,17:00,28.2
2022/8/18,18:00,26.1
2022/8/18,19:00,24.2
2022/8/18,20:00,23.5
2022/8/18,21:00,22.6
2022/8/18,22:00,22.1
2022/8/18,23:00,21.7
2022/8/19,0:00,21.6
2022/8/19,1:00,21.3
2022/8/19,2:00,21.2
2022/8/19,3:00,21.1
2022/8/19,4:00,20.6
2022/8/19,5:00,20.1
2022/8/19,6:00,22.4
2022/8/19,7:00,24.3
2022/8/19,8:00,25.1
2022/8/19,9:00,26.2
2022/8/19,10:00,26.6
2022/8/19,11:00,26.8
2022/8/19,12:00,27.5
2022/8/19,13:00,28.1
2022/8/19,14:00,29
2022/8/19,15:00,28.5
2022/8/19,16:00,28.2
2022/8/19,17:00,25.9
2022/8/19,18:00,25.5
2022/8/19,19:00,24.1
2022/8/19,20:00,24
2022/8/19,21:00,23.7
2022/8/19,22:00,23.5
2022/8/19,23:00,23.2
2022/8/20,0:00,22.8
2022/8/20,1:00,22.7
2022/8/20,2:00,22
2022/8/20,3:00,21.8
2022/8/20,4:00,21.8
2022/8/20,5:00,21.6
2022/8/20,6:00,22.6
2022/8/20,7:00,25.8
2022/8/20,8:00,26.5
2022/8/20,9:00,27.8
2022/8/20,10:00,26.3
2022/8/20,11:00,27.1
2022/8/20,12:00,26.6
2022/8/20,13:00,27.3
2022/8/20,14:00,26.8
2022/8/20,15:00,26.8
2022/8/20,16:00,26.1
2022/8/20,17:00,25.7
2022/8/20,18:00,25
2022/8/20,19:00,24.4
2022/8/20,20:00,24.7
2022/8/20,21:00,24.8
2022/8/20,22:00,24.2
2022/8/20,23:00,23.9
2022/8/21,0:00,23.6
2022/8/21,1:00,23.6
2022/8/21,2:00,23.8
2022/8/21,3:00,23.7
2022/8/21,4:00,23.9
2022/8/21,5:00,24
2022/8/21,6:00,24.1
2022/8/21,7:00,25
2022/8/21,8:00,25.8
2022/8/21,9:00,26.4
2022/8/21,10:00,26.8
2022/8/21,11:00,27.5
2022/8/21,12:00,27.5
2022/8/21,13:00,27.1
2022/8/21,14:00,26.7
2022/8/21,15:00,25.1
2022/8/21,16:00,26.6
2022/8/21,17:00,24.8
2022/8/21,18:00,24
2022/8/21,19:00,24
2022/8/21,20:00,23.5
2022/8/21,21:00,23.4
2022/8/21,22:00,23.2
2022/8/21,23:00,22.6
2022/8/22,0:00,22.8
2022/8/22,1:00,22.5
2022/8/22,2:00,23.4
2022/8/22,3:00,23.5
2022/8/22,4:00,22.7
2022/8/22,5:00,23
2022/8/22,6:00,24.1
2022/8/22,7:00,23.9
2022/8/22,8:00,24.7
2022/8/22,9:00,25.1
2022/8/22,10:00,25.1
2022/8/22,11:00,25.6
2022/8/22,12:00,26
2022/8/22,13:00,26.7
2022/8/22,14:00,29.2
2022/8/22,15:00,27.2
2022/8/22,16:00,27.3
2022/8/22,17:00,28.1
2022/8/22,18:00,26.4
2022/8/22,19:00,25.5
2022/8/22,20:00,25.3
2022/8/22,21:00,25.3
2022/8/22,22:00,25
2022/8/22,23:00,24.7
2022/8/23,0:00,24.8
2022/8/23,1:00,24.7
2022/8/23,2:00,24.5
2022/8/23,3:00,25.1
2022/8/23,4:00,24.6
2022/8/23,5:00,24.6
2022/8/23,6:00,25.1
2022/8/23,7:00,26.3
2022/8/23,8:00,27
2022/8/23,9:00,27.2
2022/8/23,10:00,28.7
2022/8/23,11:00,31
2022/8/23,12:00,32
2022/8/23,13:00,31.9
2022/8/23,14:00,32.2
2022/8/23,15:00,32
2022/8/23,16:00,31.3
2022/8/23,17:00,30.1
2022/8/23,18:00,28.2
2022/8/23,19:00,27.4
2022/8/23,20:00,27.5
2022/8/23,21:00,27.1
2022/8/23,22:00,26.9
2022/8/23,23:00,26.8
2022/8/24,0:00,26.6
2022/8/24,1:00,26.5
2022/8/24,2:00,26.3
2022/8/24,3:00,26
2022/8/24,4:00,25.8
2022/8/24,5:00,25.6
2022/8/24,6:00,26.7
2022/8/24,7:00,28.1
2022/8/24,8:00,31.4
2022/8/24,9:00,29
2022/8/24,10:00,30.3
2022/8/24,11:00,29.3
2022/8/24,12:00,28.6
2022/8/24,13:00,30.7
2022/8/24,14:00,29.3
2022/8/24,15:00,26.8
2022/8/24,16:00,25.9
2022/8/24,17:00,25.1
2022/8/24,18:00,23.4
2022/8/24,19:00,23.4
2022/8/24,20:00,22.7
2022/8/24,21:00,22.4
2022/8/24,22:00,22.1
2022/8/24,23:00,22.7
2022/8/25,0:00,22.2
2022/8/25,1:00,22.1
2022/8/25,2:00,21.8
2022/8/25,3:00,21.6
2022/8/25,4:00,21.2
2022/8/25,5:00,22.1
2022/8/25,6:00,22.5
2022/8/25,7:00,23.1
2022/8/25,8:00,23.6
2022/8/25,9:00,23.7
2022/8/25,10:00,23.7
2022/8/25,11:00,23.2
2022/8/25,12:00,25.3
2022/8/25,13:00,24
2022/8/25,14:00,24.3
2022/8/25,15:00,25.1
2022/8/25,16:00,25.3
2022/8/25,17:00,24.6
2022/8/25,18:00,24.6
2022/8/25,19:00,23.9
2022/8/25,20:00,23.7
2022/8/25,21:00,23.7
2022/8/25,22:00,23.7
2022/8/25,23:00,23.8
2022/8/26,0:00,23.7
2022/8/26,1:00,23.8
2022/8/26,2:00,23.8
2022/8/26,3:00,23.7
2022/8/26,4:00,23.6
2022/8/26,5:00,23.7
2022/8/26,6:00,24.6
2022/8/26,7:00,24.7
2022/8/26,8:00,25.3
2022/8/26,9:00,26.1
2022/8/26,10:00,26.5
2022/8/26,11:00,27.2
2022/8/26,12:00,27.1
2022/8/26,13:00,28.3
2022/8/26,14:00,28.5
2022/8/26,15:00,28.3
2022/8/26,16:00,28.4
2022/8/26,17:00,27.8
2022/8/26,18:00,27.1
2022/8/26,19:00,26
2022/8/26,20:00,25.3
2022/8/26,21:00,25.2
2022/8/26,22:00,25.2
2022/8/26,23:00,25.1
2022/8/27,0:00,25
2022/8/27,1:00,25.1
2022/8/27,2:00,25.1
2022/8/27,3:00,24.8
2022/8/27,4:00,25
2022/8/27,5:00,25
2022/8/27,6:00,25.5
2022/8/27,7:00,25.6
2022/8/27,8:00,26.5
2022/8/27,9:00,28.8
2022/8/27,10:00,29.8
2022/8/27,11:00,30.5
2022/8/27,12:00,31.1
2022/8/27,13:00,31
2022/8/27,14:00,31.1
2022/8/27,15:00,30.7
2022/8/27,16:00,29.8
2022/8/27,17:00,26.7
2022/8/27,18:00,25.5
2022/8/27,19:00,25.7
2022/8/27,20:00,26.2
2022/8/27,21:00,26.5
2022/8/27,22:00,25.1
2022/8/27,23:00,25
2022/8/28,0:00,24.8
2022/8/28,1:00,24.6
2022/8/28,2:00,24.3
2022/8/28,3:00,24.4
2022/8/28,4:00,24.4
2022/8/28,5:00,24
2022/8/28,6:00,24
2022/8/28,7:00,23.8
2022/8/28,8:00,23.6
2022/8/28,9:00,23.3
2022/8/28,10:00,23.5
2022/8/28,11:00,24.2
2022/8/28,12:00,23.4
2022/8/28,13:00,22.7
2022/8/28,14:00,23.6
2022/8/28,15:00,22.8
2022/8/28,16:00,23.1
2022/8/28,17:00,22.5
2022/8/28,18:00,21.8
2022/8/28,19:00,21.1
2022/8/28,20:00,20.9
2022/8/28,21:00,20.7
2022/8/28,22:00,20.9
2022/8/28,23:00,20.7
2022/8/29,0:00,20.4
2022/8/29,1:00,20.4
2022/8/29,2:00,20.3
2022/8/29,3:00,20.2
2022/8/29,4:00,20.1
2022/8/29,5:00,19.9
2022/8/29,6:00,20.2
2022/8/29,7:00,22.3
2022/8/29,8:00,23.9
2022/8/29,9:00,22.2
2022/8/29,10:00,24.5
2022/8/29,11:00,25.1
2022/8/29,12:00,23.1
2022/8/29,13:00,23.2
2022/8/29,14:00,23.9
2022/8/29,15:00,22.5
2022/8/29,16:00,21.3
2022/8/29,17:00,20.4
2022/8/29,18:00,20.2
2022/8/29,19:00,21.1
2022/8/29,20:00,20.3
2022/8/29,21:00,19.7
2022/8/29,22:00,19.9
2022/8/29,23:00,19.6
2022/8/30,0:00,19.4
2022/8/30,1:00,19.1
2022/8/30,2:00,19.3
2022/8/30,3:00,19
2022/8/30,4:00,19.5
2022/8/30,5:00,19.4
2022/8/30,6:00,19.9
2022/8/30,7:00,20.8
2022/8/30,8:00,21.1
2022/8/30,9:00,22
2022/8/30,10:00,22.9
2022/8/30,11:00,22.9
2022/8/30,12:00,23.9
2022/8/30,13:00,24.5
2022/8/30,14:00,24.6
2022/8/30,15:00,24.5
2022/8/30,16:00,24.7
2022/8/30,17:00,24
2022/8/30,18:00,23.4
2022/8/30,19:00,23.2
2022/8/30,20:00,22.8
2022/8/30,21:00,22.7
2022/8/30,22:00,22.6
2022/8/30,23:00,22.5
2022/8/31,0:00,22.4
2022/8/31,1:00,22.5
2022/8/31,2:00,22.4
2022/8/31,3:00,22.4
2022/8/31,4:00,22.4
2022/8/31,5:00,22.4
2022/8/31,6:00,22.8
2022/8/31,7:00,23.3
2022/8/31,8:00,24.2
2022/8/31,9:00,24.6
2022/8/31,10:00,25.6
2022/8/31,11:00,28.9
2022/8/31,12:00,30.1
2022/8/31,13:00,28.2
2022/8/31,14:00,28.9
2022/8/31,15:00,30.5
2022/8/31,16:00,29.7
2022/8/31,17:00,28.5
2022/8/31,18:00,26.5
2022/8/31,19:00,26.2
2022/8/31,20:00,25.9
2022/8/31,21:00,26
2022/8/31,22:00,26.1
2022/8/31,23:00,25.6
2022/9/1,0:00,25.7
2022/9/1,1:00,25.7
2022/9/1,2:00,26
2022/9/1,3:00,25.8
2022/9/1,4:00,25.9
2022/9/1,5:00,25.9
2022/9/1,6:00,24.3
2022/9/1,7:00,25
2022/9/1,8:00,25.6
2022/9/1,9:00,26.4
2022/9/1,10:00,27.3
2022/9/1,11:00,28
2022/9/1,12:00,29
2022/9/1,13:00,28.6
2022/9/1,14:00,29.2
2022/9/1,15:00,29
2022/9/1,16:00,28
2022/9/1,17:00,24.9
2022/9/1,18:00,23.9
2022/9/1,19:00,24
2022/9/1,20:00,24.4
2022/9/1,21:00,24.2
2022/9/1,22:00,24.2
2022/9/1,23:00,24.4
2022/9/2,0:00,24.3
2022/9/2,1:00,24
2022/9/2,2:00,24.1
2022/9/2,3:00,24.2
2022/9/2,4:00,24.3
2022/9/2,5:00,24.2
2022/9/2,6:00,24.6
2022/9/2,7:00,25.4
2022/9/2,8:00,25.2
2022/9/2,9:00,23.6
2022/9/2,10:00,23.9
2022/9/2,11:00,24.6
2022/9/2,12:00,24.4
2022/9/2,13:00,24.5
2022/9/2,14:00,24.6
2022/9/2,15:00,24.2
2022/9/2,16:00,23.6
2022/9/2,17:00,23
2022/9/2,18:00,22.9
2022/9/2,19:00,22.8
2022/9/2,20:00,22.7
2022/9/2,21:00,22.4
2022/9/2,22:00,22.1
2022/9/2,23:00,21.4
2022/9/3,0:00,21.5
2022/9/3,1:00,21.6
2022/9/3,2:00,21.8
2022/9/3,3:00,21.8
2022/9/3,4:00,21.7
2022/9/3,5:00,21.8
2022/9/3,6:00,22.1
2022/9/3,7:00,22.9
2022/9/3,8:00,23.3
2022/9/3,9:00,23.5
2022/9/3,10:00,24.6
2022/9/3,11:00,24.5
2022/9/3,12:00,24.7
2022/9/3,13:00,25.6
2022/9/3,14:00,25.2
2022/9/3,15:00,27.7
2022/9/3,16:00,27
2022/9/3,17:00,24.9
2022/9/3,18:00,24.3
2022/9/3,19:00,23.9
2022/9/3,20:00,23.3
2022/9/3,21:00,22.5
2022/9/3,22:00,22
2022/9/3,23:00,22.2
2022/9/4,0:00,22.4
2022/9/4,1:00,22.4
2022/9/4,2:00,22.4
2022/9/4,3:00,22.3
2022/9/4,4:00,22.2
2022/9/4,5:00,22.1
2022/9/4,6:00,22.5
2022/9/4,7:00,23.3
2022/9/4,8:00,23.7
2022/9/4,9:00,26.6
2022/9/4,10:00,25.3
2022/9/4,11:00,27.7
2022/9/4,12:00,29.4
2022/9/4,13:00,28.5
2022/9/4,14:00,28.6
2022/9/4,15:00,28.9
2022/9/4,16:00,28.3
2022/9/4,17:00,25.8
2022/9/4,18:00,24.8
2022/9/4,19:00,24.2
2022/9/4,20:00,23.8
2022/9/4,21:00,23.6
2022/9/4,22:00,23.3
2022/9/4,23:00,23.3
2022/9/5,0:00,23.3
2022/9/5,1:00,23.4
2022/9/5,2:00,23.2
2022/9/5,3:00,23
2022/9/5,4:00,23.1
2022/9/5,5:00,23
2022/9/5,6:00,23.3
2022/9/5,7:00,23.8
2022/9/5,8:00,26.7
2022/9/5,9:00,25.3
2022/9/5,10:00,25.7
2022/9/5,11:00,27.9
2022/9/5,12:00,28.4
2022/9/5,13:00,28.6
2022/9/5,14:00,29
2022/9/5,15:00,29.1
2022/9/5,16:00,28.4
2022/9/5,17:00,25.8
2022/9/5,18:00,25.8
2022/9/5,19:00,25.5
2022/9/5,20:00,24.8
2022/9/5,21:00,24.7
2022/9/5,22:00,24.7
2022/9/5,23:00,24.6
2022/9/6,0:00,24.4
2022/9/6,1:00,24
2022/9/6,2:00,24.1
2022/9/6,3:00,24
2022/9/6,4:00,23.8
2022/9/6,5:00,24
2022/9/6,6:00,24.5
2022/9/6,7:00,25.3
2022/9/6,8:00,26
2022/9/6,9:00,27.2
2022/9/6,10:00,27.6
2022/9/6,11:00,27.8
2022/9/6,12:00,30.4
2022/9/6,13:00,29.6
2022/9/6,14:00,29.8
2022/9/6,15:00,30.3
2022/9/6,16:00,29.2
2022/9/6,17:00,27.9
2022/9/6,18:00,26.3
2022/9/6,19:00,26.1
2022/9/6,20:00,26
2022/9/6,21:00,26.1
2022/9/6,22:00,26.1
2022/9/6,23:00,26.2
2022/9/7,0:00,26.3
2022/9/7,1:00,26
2022/9/7,2:00,25
2022/9/7,3:00,25.2
2022/9/7,4:00,24.8
2022/9/7,5:00,24.5
2022/9/7,6:00,25.1
2022/9/7,7:00,26.2
2022/9/7,8:00,28.8
2022/9/7,9:00,27.4
2022/9/7,10:00,27.9
2022/9/7,11:00,28.3
2022/9/7,12:00,28.9
2022/9/7,13:00,28.4
2022/9/7,14:00,27.7
2022/9/7,15:00,27.4
2022/9/7,16:00,26.4
2022/9/7,17:00,25.1
2022/9/7,18:00,24.8
2022/9/7,19:00,25.2
2022/9/7,20:00,25.4
2022/9/7,21:00,25.2
2022/9/7,22:00,24.9
2022/9/7,23:00,24.9
2022/9/8,0:00,24.6
2022/9/8,1:00,24.3
2022/9/8,2:00,24.2
2022/9/8,3:00,21.8
2022/9/8,4:00,22.2
2022/9/8,5:00,22.2
2022/9/8,6:00,22.6
2022/9/8,7:00,22.9
2022/9/8,8:00,23.5
2022/9/8,9:00,23.5
2022/9/8,10:00,24.3
2022/9/8,11:00,24.1
2022/9/8,12:00,23.4
2022/9/8,13:00,23.8
2022/9/8,14:00,23.3
2022/9/8,15:00,23.8
2022/9/8,16:00,22.9
2022/9/8,17:00,22.5
2022/9/8,18:00,22.2
2022/9/8,19:00,22.1
2022/9/8,20:00,21.9
2022/9/8,21:00,22.1
2022/9/8,22:00,21.7
2022/9/8,23:00,21.6
2022/9/9,0:00,21.4
2022/9/9,1:00,21.6
2022/9/9,2:00,21.7
2022/9/9,3:00,22
2022/9/9,4:00,21.9
2022/9/9,5:00,22
2022/9/9,6:00,22.6
2022/9/9,7:00,23.6
2022/9/9,8:00,24.3
2022/9/9,9:00,26.1
2022/9/9,10:00,25.1
2022/9/9,11:00,27.8
2022/9/9,12:00,27.7
2022/9/9,13:00,26.3
2022/9/9,14:00,26.5
2022/9/9,15:00,26.8
2022/9/9,16:00,26.2
2022/9/9,17:00,25.7
2022/9/9,18:00,25.1
2022/9/9,19:00,24.4
2022/9/9,20:00,23.7
2022/9/9,21:00,23
2022/9/9,22:00,22.9
2022/9/9,23:00,22.7
2022/9/10,0:00,22.1
2022/9/10,1:00,22.1
2022/9/10,2:00,22.2
2022/9/10,3:00,22.1
2022/9/10,4:00,22.2
2022/9/10,5:00,22.3
2022/9/10,6:00,22.9
2022/9/10,7:00,24.1
2022/9/10,8:00,25.3
2022/9/10,9:00,27.7
2022/9/10,10:00,27.6
2022/9/10,11:00,25.2
2022/9/10,12:00,28
2022/9/10,13:00,27.8
2022/9/10,14:00,27.7
2022/9/10,15:00,27.2
2022/9/10,16:00,25.1
2022/9/10,17:00,23.2
2022/9/10,18:00,20.7
2022/9/10,19:00,20.5
2022/9/10,20:00,20.5
2022/9/10,21:00,20.1
2022/9/10,22:00,20.3
2022/9/10,23:00,20
2022/9/11,0:00,19.8
2022/9/11,1:00,19.5
2022/9/11,2:00,18.8
2022/9/11,3:00,18.5
2022/9/11,4:00,18.5
2022/9/11,5:00,18.6
2022/9/11,6:00,19
2022/9/11,7:00,19.4
2022/9/11,8:00,19.8
2022/9/11,9:00,24.1
2022/9/11,10:00,25.4
2022/9/11,11:00,26
2022/9/11,12:00,26.1
2022/9/11,13:00,25
2022/9/11,14:00,24.6
2022/9/11,15:00,24.5
2022/9/11,16:00,24.5
2022/9/11,17:00,23.8
2022/9/11,18:00,23.1
2022/9/11,19:00,22.9
2022/9/11,20:00,22.8
2022/9/11,21:00,22.2
2022/9/11,22:00,21.9
2022/9/11,23:00,22.1
2022/9/12,0:00,22.1
2022/9/12,1:00,22.2
2022/9/12,2:00,22.1
2022/9/12,3:00,22
2022/9/12,4:00,22
2022/9/12,5:00,21.6
2022/9/12,6:00,22
2022/9/12,7:00,23.4
2022/9/12,8:00,25.3
2022/9/12,9:00,26.2
2022/9/12,10:00,26.8
2022/9/12,11:00,26.7
2022/9/12,12:00,26.9
2022/9/12,13:00,27.5
2022/9/12,14:00,27.6
2022/9/12,15:00,27.6
2022/9/12,16:00,27
2022/9/12,17:00,25.3
2022/9/12,18:00,23.2
2022/9/12,19:00,22.7
2022/9/12,20:00,22.2
2022/9/12,21:00,22.4
2022/9/12,22:00,22.1
2022/9/12,23:00,22.2
2022/9/13,0:00,22.5
2022/9/13,1:00,22.5
2022/9/13,2:00,22.5
2022/9/13,3:00,22.6
2022/9/13,4:00,22.5
2022/9/13,5:00,22.4
2022/9/13,6:00,22.5
2022/9/13,7:00,23.3
2022/9/13,8:00,24.1
2022/9/13,9:00,24.5
2022/9/13,10:00,27.2
2022/9/13,11:00,27.6
2022/9/13,12:00,28.2
2022/9/13,13:00,29.9
2022/9/13,14:00,29.5
2022/9/13,15:00,28.8
2022/9/13,16:00,28.8
2022/9/13,17:00,27.5
2022/9/13,18:00,26.1
2022/9/13,19:00,26.1
2022/9/13,20:00,26
2022/9/13,21:00,25.5
2022/9/13,22:00,25.9
2022/9/13,23:00,25.7
2022/9/14,0:00,25
2022/9/14,1:00,25
2022/9/14,2:00,24.2
2022/9/14,3:00,23.9
2022/9/14,4:00,23.9
2022/9/14,5:00,23.7
2022/9/14,6:00,24
2022/9/14,7:00,25.4
2022/9/14,8:00,26.3
2022/9/14,9:00,29.1
2022/9/14,10:00,28
2022/9/14,11:00,30.1
2022/9/14,12:00,30.4
2022/9/14,13:00,29
2022/9/14,14:00,28.5
2022/9/14,15:00,26.4
2022/9/14,16:00,25.5
2022/9/14,17:00,24.9
2022/9/14,18:00,22.7
2022/9/14,19:00,22.3
2022/9/14,20:00,21.9
2022/9/14,21:00,21.6
2022/9/14,22:00,21.6
2022/9/14,23:00,21.1
2022/9/15,0:00,21.1
2022/9/15,1:00,20.7
2022/9/15,2:00,20.6
2022/9/15,3:00,20.5
2022/9/15,4:00,20.3
2022/9/15,5:00,20.3
2022/9/15,6:00,20.4
2022/9/15,7:00,21.1
2022/9/15,8:00,21.4
2022/9/15,9:00,21.8
2022/9/15,10:00,22.2
2022/9/15,11:00,22.6
2022/9/15,12:00,22.5
2022/9/15,13:00,23
2022/9/15,14:00,22.8
2022/9/15,15:00,23
2022/9/15,16:00,22.3
2022/9/15,17:00,21.6
2022/9/15,18:00,20.5
2022/9/15,19:00,20.2
2022/9/15,20:00,20
2022/9/15,21:00,19.9
2022/9/15,22:00,19.6
2022/9/15,23:00,19.6
2022/9/16,0:00,19.6
2022/9/16,1:00,19.5
2022/9/16,2:00,19
2022/9/16,3:00,18.5
2022/9/16,4:00,18.5
2022/9/16,5:00,17.8
2022/9/16,6:00,18.8
2022/9/16,7:00,21.1
2022/9/16,8:00,23.3
2022/9/16,9:00,23.8
2022/9/16,10:00,24.6
2022/9/16,11:00,25.9
2022/9/16,12:00,25.6
2022/9/16,13:00,24
2022/9/16,14:00,24.4
2022/9/16,15:00,26
2022/9/16,16:00,23.1
2022/9/16,17:00,23.3
2022/9/16,18:00,22.7
2022/9/16,19:00,22.3
2022/9/16,20:00,22.4
2022/9/16,21:00,22.6
2022/9/16,22:00,22.3
2022/9/16,23:00,22.4
2022/9/17,0:00,21.7
2022/9/17,1:00,21.2
2022/9/17,2:00,20.9
2022/9/17,3:00,21
2022/9/17,4:00,20.7
2022/9/17,5:00,20.2
2022/9/17,6:00,20.8
2022/9/17,7:00,22.3
2022/9/17,8:00,25.1
2022/9/17,9:00,26.8
2022/9/17,10:00,27.4
2022/9/17,11:00,27.4
2022/9/17,12:00,28.5
2022/9/17,13:00,26.3
2022/9/17,14:00,27.9
2022/9/17,15:00,25.9
2022/9/17,16:00,25.3
2022/9/17,17:00,25.3
2022/9/17,18:00,24.5
2022/9/17,19:00,25.1
2022/9/17,20:00,24.7
2022/9/17,21:00,24.5
2022/9/17,22:00,24.8
2022/9/17,23:00,24.9
2022/9/18,0:00,25
2022/9/18,1:00,23.8
2022/9/18,2:00,23.2
2022/9/18,3:00,23.2
2022/9/18,4:00,23
2022/9/18,5:00,23
2022/9/18,6:00,23.5
2022/9/18,7:00,24.3
2022/9/18,8:00,25.5
2022/9/18,9:00,26.3
2022/9/18,10:00,27.1
2022/9/18,11:00,27.6
2022/9/18,12:00,27.5
2022/9/18,13:00,27
2022/9/18,14:00,27.1
2022/9/18,15:00,25.9
2022/9/18,16:00,26
2022/9/18,17:00,26.2
2022/9/18,18:00,25.7
2022/9/18,19:00,25.7
2022/9/18,20:00,25.7
2022/9/18,21:00,25.8
2022/9/18,22:00,25.7
2022/9/18,23:00,25.8
2022/9/19,0:00,26
2022/9/19,1:00,25.6
2022/9/19,2:00,26
2022/9/19,3:00,25.9
2022/9/19,4:00,25.4
2022/9/19,5:00,25.6
2022/9/19,6:00,26.1
2022/9/19,7:00,28.3
2022/9/19,8:00,29.9
2022/9/19,9:00,28.5
2022/9/19,10:00,28.5
2022/9/19,11:00,26.5
2022/9/19,12:00,27.6
2022/9/19,13:00,27.8
2022/9/19,14:00,28.7
2022/9/19,15:00,29.6
2022/9/19,16:00,27
2022/9/19,17:00,26.3
2022/9/19,18:00,25.5
2022/9/19,19:00,26.2
2022/9/19,20:00,25.4
2022/9/19,21:00,26
2022/9/19,22:00,25.9
2022/9/19,23:00,25.9
2022/9/20,0:00,26
2022/9/20,1:00,25.9
2022/9/20,2:00,25.9
2022/9/20,3:00,26
2022/9/20,4:00,24.8
2022/9/20,5:00,25
2022/9/20,6:00,25.1
2022/9/20,7:00,26.5
2022/9/20,8:00,27.2
2022/9/20,9:00,27.2
2022/9/20,10:00,23
2022/9/20,11:00,23.1
2022/9/20,12:00,22
2022/9/20,13:00,20.7
2022/9/20,14:00,19.9
2022/9/20,15:00,20.6
2022/9/20,16:00,19.5
2022/9/20,17:00,19.2
2022/9/20,18:00,18.9
2022/9/20,19:00,18.8
2022/9/20,20:00,17.9
2022/9/20,21:00,17.8
2022/9/20,22:00,17.4
2022/9/20,23:00,16.9
2022/9/21,0:00,17
2022/9/21,1:00,16.3
2022/9/21,2:00,16.5
2022/9/21,3:00,16.6
2022/9/21,4:00,16.2
2022/9/21,5:00,16.2
2022/9/21,6:00,16
2022/9/21,7:00,16.4
2022/9/21,8:00,16.7
2022/9/21,9:00,17.4
2022/9/21,10:00,18
2022/9/21,11:00,20.9
2022/9/21,12:00,19.2
2022/9/21,13:00,19.3
2022/9/21,14:00,19.6
2022/9/21,15:00,19.7
2022/9/21,16:00,19.4
2022/9/21,17:00,18.8
2022/9/21,18:00,18
2022/9/21,19:00,17.2
2022/9/21,20:00,16.8
2022/9/21,21:00,16.8
2022/9/21,22:00,16.6
2022/9/21,23:00,16.6
2022/9/22,0:00,15.5
2022/9/22,1:00,15.7
2022/9/22,2:00,15.1
2022/9/22,3:00,15.2
2022/9/22,4:00,14.8
2022/9/22,5:00,14.5
2022/9/22,6:00,14.4
2022/9/22,7:00,15.2
2022/9/22,8:00,15.8
2022/9/22,9:00,17
2022/9/22,10:00,20.3
2022/9/22,11:00,20.4
2022/9/22,12:00,21
2022/9/22,13:00,22
2022/9/22,14:00,19.8
2022/9/22,15:00,19.6
2022/9/22,16:00,19.7
2022/9/22,17:00,18.7
2022/9/22,18:00,17.7
2022/9/22,19:00,17.4
2022/9/22,20:00,17.5
2022/9/22,21:00,17.6
2022/9/22,22:00,17.4
2022/9/22,23:00,17.7
2022/9/23,0:00,17.6
2022/9/23,1:00,17.9
2022/9/23,2:00,18.2
2022/9/23,3:00,18.2
2022/9/23,4:00,18.4
2022/9/23,5:00,18.4
2022/9/23,6:00,18.4
2022/9/23,7:00,19
2022/9/23,8:00,19.7
2022/9/23,9:00,20.2
2022/9/23,10:00,21.4
2022/9/23,11:00,22
2022/9/23,12:00,23.3
2022/9/23,13:00,23.3
2022/9/23,14:00,23.6
2022/9/23,15:00,23.4
2022/9/23,16:00,23
2022/9/23,17:00,22.4
2022/9/23,18:00,22.1
2022/9/23,19:00,22
2022/9/23,20:00,21.5
2022/9/23,21:00,21.5
2022/9/23,22:00,21.5
2022/9/23,23:00,21.5
2022/9/24,0:00,21.3
2022/9/24,1:00,21.3
2022/9/24,2:00,21.4
2022/9/24,3:00,22.1
2022/9/24,4:00,22.1
2022/9/24,5:00,22.4
2022/9/24,6:00,22.8
2022/9/24,7:00,23.7
2022/9/24,8:00,24
2022/9/24,9:00,24.1
2022/9/24,10:00,24.2
2022/9/24,11:00,24.6
2022/9/24,12:00,24.6
2022/9/24,13:00,24.8
2022/9/24,14:00,24.7
2022/9/24,15:00,24.9
2022/9/24,16:00,24.6
2022/9/24,17:00,24.7
2022/9/24,18:00,24
2022/9/24,19:00,23.5
2022/9/24,20:00,23.4
2022/9/24,21:00,22.9
2022/9/24,22:00,22.7
2022/9/24,23:00,22.4
2022/9/25,0:00,22
2022/9/25,1:00,20.8
2022/9/25,2:00,21
2022/9/25,3:00,20.5
2022/9/25,4:00,20
2022/9/25,5:00,19.7
2022/9/25,6:00,19.6
2022/9/25,7:00,20.6
2022/9/25,8:00,20.8
2022/9/25,9:00,21.3
2022/9/25,10:00,24.2
2022/9/25,11:00,25.2
2022/9/25,12:00,23.1
2022/9/25,13:00,24.8
2022/9/25,14:00,25.3
2022/9/25,15:00,24.3
2022/9/25,16:00,23
2022/9/25,17:00,21.3
2022/9/25,18:00,19.4
2022/9/25,19:00,20
2022/9/25,20:00,20
2022/9/25,21:00,20.3
2022/9/25,22:00,19.7
2022/9/25,23:00,19.4
2022/9/26,0:00,19.1
2022/9/26,1:00,18.8
2022/9/26,2:00,18.6
2022/9/26,3:00,18.3
2022/9/26,4:00,18.3
2022/9/26,5:00,18
2022/9/26,6:00,18.5
2022/9/26,7:00,21.3
2022/9/26,8:00,23.2
2022/9/26,9:00,23.8
2022/9/26,10:00,25.1
2022/9/26,11:00,25.4
2022/9/26,12:00,25.6
2022/9/26,13:00,26.7
2022/9/26,14:00,26.3
2022/9/26,15:00,25.6
2022/9/26,16:00,25.4
2022/9/26,17:00,23.6
2022/9/26,18:00,22.3
2022/9/26,19:00,22.3
2022/9/26,20:00,21.9
2022/9/26,21:00,21.7
2022/9/26,22:00,21.3
2022/9/26,23:00,21
2022/9/27,0:00,20.6
2022/9/27,1:00,20.5
2022/9/27,2:00,20
2022/9/27,3:00,20.3
2022/9/27,4:00,20.1
2022/9/27,5:00,19.8
2022/9/27,6:00,19.9
2022/9/27,7:00,22
2022/9/27,8:00,23.2
2022/9/27,9:00,24.6
2022/9/27,10:00,25.5
2022/9/27,11:00,25.8
2022/9/27,12:00,24.3
2022/9/27,13:00,24.9
2022/9/27,14:00,24
2022/9/27,15:00,25.4
2022/9/27,16:00,23.1
2022/9/27,17:00,22
2022/9/27,18:00,19.8
2022/9/27,19:00,19.7
2022/9/27,20:00,20.1
2022/9/27,21:00,20.1
2022/9/27,22:00,19.9
2022/9/27,23:00,19.5
2022/9/28,0:00,19.2
2022/9/28,1:00,18.5
2022/9/28,2:00,18.2
2022/9/28,3:00,17.7
2022/9/28,4:00,17.2
2022/9/28,5:00,17.2
2022/9/28,6:00,17.3
2022/9/28,7:00,19.9
2022/9/28,8:00,20.7
2022/9/28,9:00,22
2022/9/28,10:00,22.2
2022/9/28,11:00,22.3
2022/9/28,12:00,22.2
2022/9/28,13:00,22.7
2022/9/28,14:00,22.8
2022/9/28,15:00,22.6
2022/9/28,16:00,19.8
2022/9/28,17:00,19.5
2022/9/28,18:00,19.5
2022/9/28,19:00,19.7
2022/9/28,20:00,19.1
2022/9/28,21:00,19.4
2022/9/28,22:00,19.4
2022/9/28,23:00,19.8
2022/9/29,0:00,19.6
2022/9/29,1:00,19.5
2022/9/29,2:00,19.5
2022/9/29,3:00,19.2
2022/9/29,4:00,18.8
2022/9/29,5:00,18.2
2022/9/29,6:00,17.7
2022/9/29,7:00,18.2
2022/9/29,8:00,18.8
2022/9/29,9:00,19.4
2022/9/29,10:00,21.9
2022/9/29,11:00,20.7
2022/9/29,12:00,22.2
2022/9/29,13:00,23.4
2022/9/29,14:00,21.2
2022/9/29,15:00,22.3
2022/9/29,16:00,21.4
2022/9/29,17:00,19.9
2022/9/29,18:00,19.1
2022/9/29,19:00,19.4
2022/9/29,20:00,19.4
2022/9/29,21:00,19.7
2022/9/29,22:00,19.5
2022/9/29,23:00,19.6
2022/9/30,0:00,19.7
2022/9/30,1:00,19.7
2022/9/30,2:00,18.5
2022/9/30,3:00,17.9
2022/9/30,4:00,17.2
2022/9/30,5:00,16.7
2022/9/30,6:00,17.2
2022/9/30,7:00,19.4
2022/9/30,8:00,20.8
2022/9/30,9:00,22.2
2022/9/30,10:00,24.2
2022/9/30,11:00,24
2022/9/30,12:00,24.5
2022/9/30,13:00,24.1
2022/9/30,14:00,23.7
2022/9/30,15:00,24.3
2022/9/30,16:00,23.1
2022/9/30,17:00,21.4
2022/9/30,18:00,19.6
2022/9/30,19:00,20.3
2022/9/30,20:00,20.3
2022/9/30,21:00,20.1
2022/9/30,22:00,19.5
2022/9/30,23:00,18.7
2022/10/1,0:00,18.4
2022/10/1,1:00,18.3
2022/10/1,2:00,17.6
2022/10/1,3:00,17.2
2022/10/1,4:00,17.1
2022/10/1,5:00,17.2
2022/10/1,6:00,17.3
2022/10/1,7:00,19.7
2022/10/1,8:00,19.1
2022/10/1,9:00,22.9
2022/10/1,10:00,24.3
2022/10/1,11:00,24.7
2022/10/1,12:00,25.4
2022/10/1,13:00,25.2
2022/10/1,14:00,25
2022/10/1,15:00,24.9
2022/10/1,16:00,23.2
2022/10/1,17:00,22.2
2022/10/1,18:00,20.3
2022/10/1,19:00,20
2022/10/1,20:00,20.3
2022/10/1,21:00,20
2022/10/1,22:00,19.2
2022/10/1,23:00,18.7
2022/10/2,0:00,18.4
2022/10/2,1:00,17.6
2022/10/2,2:00,17.3
2022/10/2,3:00,16.9
2022/10/2,4:00,16.7
2022/10/2,5:00,16.1
2022/10/2,6:00,15.7
2022/10/2,7:00,18.2
2022/10/2,8:00,19.9
2022/10/2,9:00,21.7
2022/10/2,10:00,22
2022/10/2,11:00,23.2
2022/10/2,12:00,24.4
2022/10/2,13:00,23.7
2022/10/2,14:00,23.5
2022/10/2,15:00,23.4
2022/10/2,16:00,22.6
2022/10/2,17:00,20.9
2022/10/2,18:00,19.9
2022/10/2,19:00,19.3
2022/10/2,20:00,20
2022/10/2,21:00,20.2
2022/10/2,22:00,20.2
2022/10/2,23:00,20.1
2022/10/3,0:00,20.2
2022/10/3,1:00,19.7
2022/10/3,2:00,19
2022/10/3,3:00,18.3
2022/10/3,4:00,18.6
2022/10/3,5:00,18.5
2022/10/3,6:00,17.8
2022/10/3,7:00,18.5
2022/10/3,8:00,19.5
2022/10/3,9:00,20.7
2022/10/3,10:00,21.3
2022/10/3,11:00,22.5
2022/10/3,12:00,24.8
2022/10/3,13:00,24.3
2022/10/3,14:00,22.3
2022/10/3,15:00,22.2
2022/10/3,16:00,22.3
2022/10/3,17:00,21.3
2022/10/3,18:00,20
2022/10/3,19:00,20.6
2022/10/3,20:00,20.8
2022/10/3,21:00,20.6
2022/10/3,22:00,20
2022/10/3,23:00,19.4
2022/10/4,0:00,18.8
2022/10/4,1:00,18.6
2022/10/4,2:00,18.4
2022/10/4,3:00,18.3
2022/10/4,4:00,17.4
2022/10/4,5:00,17.4
2022/10/4,6:00,17.2
2022/10/4,7:00,19.6
2022/10/4,8:00,21.9
2022/10/4,9:00,23.7
2022/10/4,10:00,25.3
2022/10/4,11:00,26.1
2022/10/4,12:00,26.7
2022/10/4,13:00,26.1
2022/10/4,14:00,26.4
2022/10/4,15:00,25.4
2022/10/4,16:00,23.5
2022/10/4,17:00,23.3
2022/10/4,18:00,22.6
2022/10/4,19:00,22.2
2022/10/4,20:00,22.1
2022/10/4,21:00,22.1
2022/10/4,22:00,21.7
2022/10/4,23:00,21
2022/10/5,0:00,21.1
2022/10/5,1:00,20.1
2022/10/5,2:00,20
2022/10/5,3:00,20.2
2022/10/5,4:00,20.4
2022/10/5,5:00,20.1
2022/10/5,6:00,20.4
2022/10/5,7:00,20.8
2022/10/5,8:00,21
2022/10/5,9:00,20.5
2022/10/5,10:00,20.6
2022/10/5,11:00,20.9
2022/10/5,12:00,20.1
2022/10/5,13:00,19.8
2022/10/5,14:00,19.4
2022/10/5,15:00,18.8
2022/10/5,16:00,17.8
2022/10/5,17:00,17.1
2022/10/5,18:00,16.5
2022/10/5,19:00,15.6
2022/10/5,20:00,15.1
2022/10/5,21:00,15
2022/10/5,22:00,14.4
2022/10/5,23:00,14.7
2022/10/6,0:00,14.4
2022/10/6,1:00,14.1
2022/10/6,2:00,14.2
2022/10/6,3:00,14.1
2022/10/6,4:00,14.1
2022/10/6,5:00,13.5
2022/10/6,6:00,14
2022/10/6,7:00,14.5
2022/10/6,8:00,13.5
2022/10/6,9:00,14.1
2022/10/6,10:00,13.8
2022/10/6,11:00,13.3
2022/10/6,12:00,13.4
2022/10/6,13:00,13.3
2022/10/6,14:00,12.8
2022/10/6,15:00,12.5
2022/10/6,16:00,12.2
2022/10/6,17:00,11.7
2022/10/6,18:00,11.4
2022/10/6,19:00,11.5
2022/10/6,20:00,11.8
2022/10/6,21:00,12
2022/10/6,22:00,11.9
2022/10/6,23:00,11.8
2022/10/7,0:00,11.6
2022/10/7,1:00,11.9
2022/10/7,2:00,11.8
2022/10/7,3:00,12
2022/10/7,4:00,11.8
2022/10/7,5:00,11.9
2022/10/7,6:00,11.6
2022/10/7,7:00,11.8
2022/10/7,8:00,12.2
2022/10/7,9:00,13
2022/10/7,10:00,13
2022/10/7,11:00,12.5
2022/10/7,12:00,12.5
2022/10/7,13:00,12.1
2022/10/7,14:00,12.4
2022/10/7,15:00,12
2022/10/7,16:00,11.8
2022/10/7,17:00,11.6
2022/10/7,18:00,11.6
2022/10/7,19:00,11.9
2022/10/7,20:00,11.9
2022/10/7,21:00,12.4
2022/10/7,22:00,12.6
2022/10/7,23:00,12.7
2022/10/8,0:00,12.7
2022/10/8,1:00,12.5
2022/10/8,2:00,12.2
2022/10/8,3:00,12
2022/10/8,4:00,12.1
2022/10/8,5:00,12
2022/10/8,6:00,12.3
2022/10/8,7:00,13.2
2022/10/8,8:00,14.7
2022/10/8,9:00,15.1
2022/10/8,10:00,16.3
2022/10/8,11:00,20.1
2022/10/8,12:00,20.3
2022/10/8,13:00,18.5
2022/10/8,14:00,17.7
2022/10/8,15:00,17.6
2022/10/8,16:00,17.1
2022/10/8,17:00,16.6
2022/10/8,18:00,16.1
2022/10/8,19:00,16.4
2022/10/8,20:00,16.3
2022/10/8,21:00,16.2
2022/10/8,22:00,16
2022/10/8,23:00,15.6
2022/10/9,0:00,15.3
2022/10/9,1:00,15.1
2022/10/9,2:00,14.9
2022/10/9,3:00,14.4
2022/10/9,4:00,13.6
2022/10/9,5:00,13.2
2022/10/9,6:00,13.2
2022/10/9,7:00,14
2022/10/9,8:00,14.9
2022/10/9,9:00,15.9
2022/10/9,10:00,18.5
2022/10/9,11:00,17.3
2022/10/9,12:00,18
2022/10/9,13:00,18.3
2022/10/9,14:00,18.1
2022/10/9,15:00,17.9
2022/10/9,16:00,17.4
2022/10/9,17:00,16.8
2022/10/9,18:00,16.4
2022/10/9,19:00,16.3
2022/10/9,20:00,15.9
2022/10/9,21:00,15.8
2022/10/9,22:00,15.5
2022/10/9,23:00,15.4
2022/10/10,0:00,15.3
2022/10/10,1:00,15.3
2022/10/10,2:00,15.1
2022/10/10,3:00,15
2022/10/10,4:00,15
2022/10/10,5:00,15
2022/10/10,6:00,14.9
2022/10/10,7:00,15.2
2022/10/10,8:00,15.5
2022/10/10,9:00,16
2022/10/10,10:00,16.3
2022/10/10,11:00,16.6
2022/10/10,12:00,17.2
2022/10/10,13:00,17.5
2022/10/10,14:00,17.7
2022/10/10,15:00,17.3
2022/10/10,16:00,17.3
2022/10/10,17:00,16.9
2022/10/10,18:00,16.2
2022/10/10,19:00,16.1
2022/10/10,20:00,15.7
2022/10/10,21:00,15.5
2022/10/10,22:00,16
2022/10/10,23:00,15.9
2022/10/11,0:00,16.7
2022/10/11,1:00,16.6
2022/10/11,2:00,16.1
2022/10/11,3:00,15.5
2022/10/11,4:00,15.5
2022/10/11,5:00,15.8
2022/10/11,6:00,15.1
2022/10/11,7:00,16.5
2022/10/11,8:00,19.6
2022/10/11,9:00,20.7
2022/10/11,10:00,20.8
2022/10/11,11:00,20.7
2022/10/11,12:00,20.8
2022/10/11,13:00,18.6
2022/10/11,14:00,22.2
2022/10/11,15:00,20.2
2022/10/11,16:00,17.9
2022/10/11,17:00,18.4
2022/10/11,18:00,18.1
2022/10/11,19:00,17.7
2022/10/11,20:00,16.8
2022/10/11,21:00,16.3
2022/10/11,22:00,14.4
2022/10/11,23:00,14.7
2022/10/12,0:00,14.6
2022/10/12,1:00,14.7
2022/10/12,2:00,14.8
2022/10/12,3:00,14.7
2022/10/12,4:00,14.2
2022/10/12,5:00,14.1
2022/10/12,6:00,14.2
2022/10/12,7:00,14.8
2022/10/12,8:00,15.5
2022/10/12,9:00,16.3
2022/10/12,10:00,16.6
2022/10/12,11:00,16.8
2022/10/12,12:00,17.3
2022/10/12,13:00,17.2
2022/10/12,14:00,17.1
2022/10/12,15:00,17.2
2022/10/12,16:00,16.8
2022/10/12,17:00,16.4
2022/10/12,18:00,16
2022/10/12,19:00,16
2022/10/12,20:00,16.1
2022/10/12,21:00,16.2
2022/10/12,22:00,16
2022/10/12,23:00,16.3
2022/10/13,0:00,16.1
2022/10/13,1:00,15.9
2022/10/13,2:00,15.6
2022/10/13,3:00,15.6
2022/10/13,4:00,15.6
2022/10/13,5:00,15.4
2022/10/13,6:00,15.1
2022/10/13,7:00,15.6
2022/10/13,8:00,16
2022/10/13,9:00,15.6
2022/10/13,10:00,16.3
2022/10/13,11:00,17.5
2022/10/13,12:00,16.4
2022/10/13,13:00,15.9
2022/10/13,14:00,15.9
2022/10/13,15:00,15.8
2022/10/13,16:00,15.5
2022/10/13,17:00,15.4
2022/10/13,18:00,15.3
2022/10/13,19:00,15.3
2022/10/13,20:00,15.5
2022/10/13,21:00,15.1
2022/10/13,22:00,14.9
2022/10/13,23:00,14.9
2022/10/14,0:00,14.8
2022/10/14,1:00,14.8
2022/10/14,2:00,14.9
2022/10/14,3:00,15.1
2022/10/14,4:00,15.2
2022/10/14,5:00,15.3
2022/10/14,6:00,15.5
2022/10/14,7:00,15.9
2022/10/14,8:00,16.7
2022/10/14,9:00,17.4
2022/10/14,10:00,18.5
2022/10/14,11:00,18.5
2022/10/14,12:00,19.5
2022/10/14,13:00,19.4
2022/10/14,14:00,19.7
2022/10/14,15:00,19.7
2022/10/14,16:00,20
2022/10/14,17:00,19.2
2022/10/14,18:00,18.9
2022/10/14,19:00,18.8
2022/10/14,20:00,18.4
2022/10/14,21:00,18.1
2022/10/14,22:00,18
2022/10/14,23:00,17.7
2022/10/15,0:00,17.6
2022/10/15,1:00,17.3
2022/10/15,2:00,17.4
2022/10/15,3:00,17.3
2022/10/15,4:00,16.8
2022/10/15,5:00,16.9
2022/10/15,6:00,17.3
2022/10/15,7:00,17.3
2022/10/15,8:00,18
2022/10/15,9:00,18.8
2022/10/15,10:00,19.5
2022/10/15,11:00,19.9
2022/10/15,12:00,22.6
2022/10/15,13:00,22.7
2022/10/15,14:00,23.2
2022/10/15,15:00,21.8
2022/10/15,16:00,20.7
2022/10/15,17:00,20
2022/10/15,18:00,19.7
2022/10/15,19:00,18.9
2022/10/15,20:00,18.4
2022/10/15,21:00,18.4
2022/10/15,22:00,17.7
2022/10/15,23:00,17
2022/10/16,0:00,16.6
2022/10/16,1:00,17
2022/10/16,2:00,16.4
2022/10/16,3:00,16.3
2022/10/16,4:00,16.2
2022/10/16,5:00,15.8
2022/10/16,6:00,15.8
2022/10/16,7:00,17.2
2022/10/16,8:00,18.3
2022/10/16,9:00,19.4
2022/10/16,10:00,19.5
2022/10/16,11:00,20.3
2022/10/16,12:00,20.6
2022/10/16,13:00,23
2022/10/16,14:00,23.7
2022/10/16,15:00,20.5
2022/10/16,16:00,20.3
2022/10/16,17:00,19.8
2022/10/16,18:00,20
2022/10/16,19:00,19.4
2022/10/16,20:00,19.2
2022/10/16,21:00,19.3
2022/10/16,22:00,18.5
2022/10/16,23:00,17.9
2022/10/17,0:00,18
2022/10/17,1:00,17.8
2022/10/17,2:00,18.2
2022/10/17,3:00,18.3
2022/10/17,4:00,18.3
2022/10/17,5:00,18.4
2022/10/17,6:00,18.3
2022/10/17,7:00,18.9
2022/10/17,8:00,19.2
2022/10/17,9:00,20.3
2022/10/17,10:00,20.5
2022/10/17,11:00,20.6
2022/10/17,12:00,21
2022/10/17,13:00,20.8
2022/10/17,14:00,20.8
2022/10/17,15:00,20.3
2022/10/17,16:00,19.8
2022/10/17,17:00,19.2
2022/10/17,18:00,19.2
2022/10/17,19:00,19.1
2022/10/17,20:00,18.9
2022/10/17,21:00,18.8
2022/10/17,22:00,18.6
2022/10/17,23:00,18.4
2022/10/18,0:00,18.1
2022/10/18,1:00,16.7
2022/10/18,2:00,15.8
2022/10/18,3:00,15.4
2022/10/18,4:00,15.7
2022/10/18,5:00,15.6
2022/10/18,6:00,15.5
2022/10/18,7:00,16
2022/10/18,8:00,15.8
2022/10/18,9:00,16.1
2022/10/18,10:00,16.8
2022/10/18,11:00,17
2022/10/18,12:00,15.9
2022/10/18,13:00,15.5
2022/10/18,14:00,15.1
2022/10/18,15:00,14.9
2022/10/18,16:00,14.5
2022/10/18,17:00,14.1
2022/10/18,18:00,14.1
2022/10/18,19:00,13.7
2022/10/18,20:00,13.2
2022/10/18,21:00,12.7
2022/10/18,22:00,12.4
2022/10/18,23:00,12.5
2022/10/19,0:00,12.4
2022/10/19,1:00,12.6
2022/10/19,2:00,12.7
2022/10/19,3:00,12.7
2022/10/19,4:00,12.9
2022/10/19,5:00,12.5
2022/10/19,6:00,12.1
2022/10/19,7:00,13
2022/10/19,8:00,14.3
2022/10/19,9:00,15.2
2022/10/19,10:00,16.7
2022/10/19,11:00,15.9
2022/10/19,12:00,16.6
2022/10/19,13:00,16.5
2022/10/19,14:00,17.1
2022/10/19,15:00,15.9
2022/10/19,16:00,15.3
2022/10/19,17:00,13.1
2022/10/19,18:00,12.3
2022/10/19,19:00,12.3
2022/10/19,20:00,11.9
2022/10/19,21:00,12.1
2022/10/19,22:00,9.6
2022/10/19,23:00,9.3
2022/10/20,0:00,9
2022/10/20,1:00,8.4
2022/10/20,2:00,8.1
2022/10/20,3:00,7.2
2022/10/20,4:00,6.7
2022/10/20,5:00,6.8
2022/10/20,6:00,6.4
2022/10/20,7:00,8.8
2022/10/20,8:00,11.5
2022/10/20,9:00,13.6
2022/10/20,10:00,15
2022/10/20,11:00,15.1
2022/10/20,12:00,16.7
2022/10/20,13:00,16.3
2022/10/20,14:00,16.1
2022/10/20,15:00,16
2022/10/20,16:00,15
2022/10/20,17:00,12.7
2022/10/20,18:00,11.8
2022/10/20,19:00,11.2
2022/10/20,20:00,10.4
2022/10/20,21:00,10.4
2022/10/20,22:00,10
2022/10/20,23:00,10.3
2022/10/21,0:00,9.8
2022/10/21,1:00,9.9
2022/10/21,2:00,9.6
2022/10/21,3:00,9.2
2022/10/21,4:00,9.2
2022/10/21,5:00,8.3
2022/10/21,6:00,8.2
2022/10/21,7:00,10.2
2022/10/21,8:00,12.4
2022/10/21,9:00,14.4
2022/10/21,10:00,15.7
2022/10/21,11:00,17.5
2022/10/21,12:00,18
2022/10/21,13:00,19.4
2022/10/21,14:00,20.3
2022/10/21,15:00,19.4
2022/10/21,16:00,18.1
2022/10/21,17:00,15.8
2022/10/21,18:00,14.6
2022/10/21,19:00,14.6
2022/10/21,20:00,13.9
2022/10/21,21:00,13.1
2022/10/21,22:00,13
2022/10/21,23:00,13.5
2022/10/22,0:00,13.4
2022/10/22,1:00,13
2022/10/22,2:00,13
2022/10/22,3:00,12.7
2022/10/22,4:00,12.3
2022/10/22,5:00,12.3
2022/10/22,6:00,12
2022/10/22,7:00,12.5
2022/10/22,8:00,14
2022/10/22,9:00,15.2
2022/10/22,10:00,15.7
2022/10/22,11:00,15.7
2022/10/22,12:00,16.4
2022/10/22,13:00,16.5
2022/10/22,14:00,16.5
2022/10/22,15:00,16.1
2022/10/22,16:00,15.3
2022/10/22,17:00,14.9
2022/10/22,18:00,14.4
2022/10/22,19:00,14
2022/10/22,20:00,13.5
2022/10/22,21:00,12.6
2022/10/22,22:00,12.7
2022/10/22,23:00,12.9
2022/10/23,0:00,12.6
2022/10/23,1:00,12.4
2022/10/23,2:00,12.3
2022/10/23,3:00,12.2
2022/10/23,4:00,11.5
2022/10/23,5:00,10.9
2022/10/23,6:00,10.7
2022/10/23,7:00,12.3
2022/10/23,8:00,14.4
2022/10/23,9:00,17
2022/10/23,10:00,18.9
2022/10/23,11:00,19.8
2022/10/23,12:00,19.9
2022/10/23,13:00,18
2022/10/23,14:00,20.8
2022/10/23,15:00,19.8
2022/10/23,16:00,19.2
2022/10/23,17:00,17.3
2022/10/23,18:00,17
2022/10/23,19:00,16.7
2022/10/23,20:00,16.7
2022/10/23,21:00,16.2
2022/10/23,22:00,15.3
2022/10/23,23:00,14.2
2022/10/24,0:00,13.8
2022/10/24,1:00,13.5
2022/10/24,2:00,13.1
2022/10/24,3:00,12.8
2022/10/24,4:00,12.5
2022/10/24,5:00,12.2
2022/10/24,6:00,12.7
2022/10/24,7:00,12.5
2022/10/24,8:00,12.7
2022/10/24,9:00,12.1
2022/10/24,10:00,12.2
2022/10/24,11:00,12.2
2022/10/24,12:00,12.1
2022/10/24,13:00,12.4
2022/10/24,14:00,11.3
2022/10/24,15:00,10.8
2022/10/24,16:00,11
2022/10/24,17:00,10.8
2022/10/24,18:00,10.7
2022/10/24,19:00,10.5
2022/10/24,20:00,10.6
2022/10/24,21:00,10.3
2022/10/24,22:00,10.1
2022/10/24,23:00,10.1
2022/10/25,0:00,9.9
2022/10/25,1:00,9.7
2022/10/25,2:00,9.6
2022/10/25,3:00,9.5
2022/10/25,4:00,9.7
2022/10/25,5:00,9.3
2022/10/25,6:00,9.3
2022/10/25,7:00,9.7
2022/10/25,8:00,10.6
2022/10/25,9:00,10.4
2022/10/25,10:00,11.4
2022/10/25,11:00,11.5
2022/10/25,12:00,11.1
2022/10/25,13:00,11.1
2022/10/25,14:00,10.8
2022/10/25,15:00,10.5
2022/10/25,16:00,9.7
2022/10/25,17:00,9
2022/10/25,18:00,8.8
2022/10/25,19:00,8.9
2022/10/25,20:00,9
2022/10/25,21:00,9.1
2022/10/25,22:00,9.2
2022/10/25,23:00,9
2022/10/26,0:00,9
2022/10/26,1:00,9
2022/10/26,2:00,8.5
2022/10/26,3:00,8.5
2022/10/26,4:00,8.2
2022/10/26,5:00,8.4
2022/10/26,6:00,8
2022/10/26,7:00,8.6
2022/10/26,8:00,10.5
2022/10/26,9:00,12.8
2022/10/26,10:00,13.8
2022/10/26,11:00,14
2022/10/26,12:00,15.3
2022/10/26,13:00,15.3
2022/10/26,14:00,14.6
2022/10/26,15:00,14.5
2022/10/26,16:00,13
2022/10/26,17:00,10.6
2022/10/26,18:00,10.4
2022/10/26,19:00,9.8
2022/10/26,20:00,9.7
2022/10/26,21:00,8.7
2022/10/26,22:00,8.5
2022/10/26,23:00,7.8
2022/10/27,0:00,7.6
2022/10/27,1:00,7
2022/10/27,2:00,6.9
2022/10/27,3:00,6.4
2022/10/27,4:00,5.6
2022/10/27,5:00,5.7
2022/10/27,6:00,5.5
2022/10/27,7:00,6.9
2022/10/27,8:00,9.6
2022/10/27,9:00,12.5
2022/10/27,10:00,13.2
2022/10/27,11:00,13.3
2022/10/27,12:00,14
2022/10/27,13:00,14.4
2022/10/27,14:00,12.7
2022/10/27,15:00,12.3
2022/10/27,16:00,11.9
2022/10/27,17:00,11.1
2022/10/27,18:00,10.8
2022/10/27,19:00,10.4
2022/10/27,20:00,9.8
2022/10/27,21:00,9.4
2022/10/27,22:00,8.8
2022/10/27,23:00,8.3
2022/10/28,0:00,7.8
2022/10/28,1:00,7.8
2022/10/28,2:00,7.4
2022/10/28,3:00,7.4
2022/10/28,4:00,7.1
2022/10/28,5:00,8
2022/10/28,6:00,8
2022/10/28,7:00,8.3
2022/10/28,8:00,11
2022/10/28,9:00,12.7
2022/10/28,10:00,14.4
2022/10/28,11:00,15.4
2022/10/28,12:00,16.5
2022/10/28,13:00,17.7
2022/10/28,14:00,17
2022/10/28,15:00,16.6
2022/10/28,16:00,15.4
2022/10/28,17:00,13.3
2022/10/28,18:00,12.3
2022/10/28,19:00,12.6
2022/10/28,20:00,12.1
2022/10/28,21:00,11.1
2022/10/28,22:00,10.6
2022/10/28,23:00,10.3
2022/10/29,0:00,9.9
2022/10/29,1:00,9.6
2022/10/29,2:00,8.6
2022/10/29,3:00,8.4
2022/10/29,4:00,8.5
2022/10/29,5:00,8.1
2022/10/29,6:00,8
2022/10/29,7:00,10.4
2022/10/29,8:00,13.5
2022/10/29,9:00,15.7
2022/10/29,10:00,16.9
2022/10/29,11:00,17.1
2022/10/29,12:00,17
2022/10/29,13:00,17
2022/10/29,14:00,14.7
2022/10/29,15:00,16.1
2022/10/29,16:00,14.2
2022/10/29,17:00,12
2022/10/29,18:00,11
2022/10/29,19:00,10.2
2022/10/29,20:00,10.3
2022/10/29,21:00,9.6
2022/10/29,22:00,9.4
2022/10/29,23:00,8.9
2022/10/30,0:00,8.7
2022/10/30,1:00,8.6
2022/10/30,2:00,8.1
2022/10/30,3:00,7.6
2022/10/30,4:00,7.6
2022/10/30,5:00,7.2
2022/10/30,6:00,6.6
2022/10/30,7:00,7.9
2022/10/30,8:00,11.2
2022/10/30,9:00,13.1
2022/10/30,10:00,14.8
2022/10/30,11:00,15
2022/10/30,12:00,15.8
2022/10/30,13:00,14.4
2022/10/30,14:00,15.1
2022/10/30,15:00,12.4
2022/10/30,16:00,13.2
2022/10/30,17:00,11.2
2022/10/30,18:00,10.5
2022/10/30,19:00,10.2
2022/10/30,20:00,10.6
2022/10/30,21:00,10.6
2022/10/30,22:00,9.8
2022/10/30,23:00,9.1
2022/10/31,0:00,8.9
2022/10/31,1:00,8.9
2022/10/31,2:00,8.1
2022/10/31,3:00,7.7
2022/10/31,4:00,7.4
2022/10/31,5:00,6.7
2022/10/31,6:00,5.9
2022/10/31,7:00,8
2022/10/31,8:00,10.3
2022/10/31,9:00,13.3
2022/10/31,10:00,14.6
2022/10/31,11:00,15.3
2022/10/31,12:00,15.3
2022/10/31,13:00,15.7
2022/10/31,14:00,16
2022/10/31,15:00,15.9
2022/10/31,16:00,14.6
2022/10/31,17:00,12.2
2022/10/31,18:00,12
2022/10/31,19:00,11.8
2022/10/31,20:00,11.4
2022/10/31,21:00,10.3
2022/10/31,22:00,10
2022/10/31,23:00,9.1
2022/11/1,0:00,9.1
2023/4/1,1:00,9.7
2023/4/1,2:00,9.5
2023/4/1,3:00,9.1
2023/4/1,4:00,8.8
2023/4/1,5:00,8.1
2023/4/1,6:00,8.8
2023/4/1,7:00,11.1
2023/4/1,8:00,13.2
2023/4/1,9:00,14.3
2023/4/1,10:00,15.7
2023/4/1,11:00,17.7
2023/4/1,12:00,18
2023/4/1,13:00,18.1
2023/4/1,14:00,18.9
2023/4/1,15:00,18.3
2023/4/1,16:00,17.4
2023/4/1,17:00,15.1
2023/4/1,18:00,12.6
2023/4/1,19:00,11.7
2023/4/1,20:00,11.6
2023/4/1,21:00,11.4
2023/4/1,22:00,11.3
2023/4/1,23:00,11.1
2023/4/2,0:00,10.9
2023/4/2,1:00,10.2
2023/4/2,2:00,9.9
2023/4/2,3:00,10.2
2023/4/2,4:00,10.3
2023/4/2,5:00,10.1
2023/4/2,6:00,10.5
2023/4/2,7:00,10.7
2023/4/2,8:00,11
2023/4/2,9:00,14.2
2023/4/2,10:00,13.6
2023/4/2,11:00,14.4
2023/4/2,12:00,14.1
2023/4/2,13:00,14.4
2023/4/2,14:00,14.1
2023/4/2,15:00,16.1
2023/4/2,16:00,13.4
2023/4/2,17:00,13.2
2023/4/2,18:00,10.9
2023/4/2,19:00,10.3
2023/4/2,20:00,9.9
2023/4/2,21:00,9.8
2023/4/2,22:00,9.4
2023/4/2,23:00,9
2023/4/3,0:00,9
2023/4/3,1:00,8.5
2023/4/3,2:00,8
2023/4/3,3:00,7.7
2023/4/3,4:00,7.5
2023/4/3,5:00,7.3
2023/4/3,6:00,7.5
2023/4/3,7:00,8.1
2023/4/3,8:00,9.4
2023/4/3,9:00,12.7
2023/4/3,10:00,13.7
2023/4/3,11:00,14.1
2023/4/3,12:00,14
2023/4/3,13:00,14.5
2023/4/3,14:00,14.8
2023/4/3,15:00,14.5
2023/4/3,16:00,13.3
2023/4/3,17:00,11.7
2023/4/3,18:00,8.7
2023/4/3,19:00,8.4
2023/4/3,20:00,8.2
2023/4/3,21:00,8.1
2023/4/3,22:00,7.6
2023/4/3,23:00,7
2023/4/4,0:00,6.8
2023/4/4,1:00,6.7
2023/4/4,2:00,6.3
2023/4/4,3:00,5.7
2023/4/4,4:00,5.7
2023/4/4,5:00,5.2
2023/4/4,6:00,5.8
2023/4/4,7:00,8.8
2023/4/4,8:00,10.4
2023/4/4,9:00,13.1
2023/4/4,10:00,13.9
2023/4/4,11:00,14.2
2023/4/4,12:00,14.7
2023/4/4,13:00,14.4
2023/4/4,14:00,13.7
2023/4/4,15:00,14.4
2023/4/4,16:00,13.4
2023/4/4,17:00,12.7
2023/4/4,18:00,10.9
2023/4/4,19:00,11.1
2023/4/4,20:00,10.5
2023/4/4,21:00,10.3
2023/4/4,22:00,10
2023/4/4,23:00,9.5
2023/4/5,0:00,8.6
2023/4/5,1:00,8.1
2023/4/5,2:00,7.4
2023/4/5,3:00,6.9
2023/4/5,4:00,6.4
2023/4/5,5:00,6.7
2023/4/5,6:00,7.6
2023/4/5,7:00,8.9
2023/4/5,8:00,9.3
2023/4/5,9:00,12.7
2023/4/5,10:00,15.1
2023/4/5,11:00,16.5
2023/4/5,12:00,17
2023/4/5,13:00,14.3
2023/4/5,14:00,16
2023/4/5,15:00,15.6
2023/4/5,16:00,15.9
2023/4/5,17:00,14.2
2023/4/5,18:00,13.6
2023/4/5,19:00,13.5
2023/4/5,20:00,12.9
2023/4/5,21:00,12.8
2023/4/5,22:00,12.7
2023/4/5,23:00,13
2023/4/6,0:00,13.3
2023/4/6,1:00,13.3
2023/4/6,2:00,13.1
2023/4/6,3:00,13.1
2023/4/6,4:00,13
2023/4/6,5:00,13.6
2023/4/6,6:00,14.1
2023/4/6,7:00,14.9
2023/4/6,8:00,15.4
2023/4/6,9:00,16.2
2023/4/6,10:00,19.8
2023/4/6,11:00,18.2
2023/4/6,12:00,20.9
2023/4/6,13:00,18.4
2023/4/6,14:00,18.4
2023/4/6,15:00,20.1
2023/4/6,16:00,17.5
2023/4/6,17:00,16.8
2023/4/6,18:00,16
2023/4/6,19:00,16.1
2023/4/6,20:00,16.1
2023/4/6,21:00,16
2023/4/6,22:00,16.2
2023/4/6,23:00,16.4
2023/4/7,0:00,16.3
2023/4/7,1:00,16.4
2023/4/7,2:00,16.4
2023/4/7,3:00,16.4
2023/4/7,4:00,16.4
2023/4/7,5:00,16.5
2023/4/7,6:00,17
2023/4/7,7:00,17.6
2023/4/7,8:00,17.9
2023/4/7,9:00,17.7
2023/4/7,10:00,20.4
2023/4/7,11:00,18.9
2023/4/7,12:00,18
2023/4/7,13:00,18.5
2023/4/7,14:00,18.9
2023/4/7,15:00,17.9
2023/4/7,16:00,17.4
2023/4/7,17:00,17.2
2023/4/7,18:00,17.2
2023/4/7,19:00,16.9
2023/4/7,20:00,16.4
2023/4/7,21:00,16.5
2023/4/7,22:00,17.3
2023/4/7,23:00,17.9
2023/4/8,0:00,17
2023/4/8,1:00,13.6
2023/4/8,2:00,13.5
2023/4/8,3:00,13.5
2023/4/8,4:00,13.4
2023/4/8,5:00,13.2
2023/4/8,6:00,15
2023/4/8,7:00,14.5
2023/4/8,8:00,13.5
2023/4/8,9:00,15.9
2023/4/8,10:00,16.7
2023/4/8,11:00,15.4
2023/4/8,12:00,16
2023/4/8,13:00,15.3
2023/4/8,14:00,14.8
2023/4/8,15:00,13.9
2023/4/8,16:00,13.7
2023/4/8,17:00,12.8
2023/4/8,18:00,8
2023/4/8,19:00,7
2023/4/8,20:00,5.9
2023/4/8,21:00,5.3
2023/4/8,22:00,4.6
2023/4/8,23:00,4.5
2023/4/9,0:00,3.9
2023/4/9,1:00,4
2023/4/9,2:00,3.2
2023/4/9,3:00,2.7
2023/4/9,4:00,2.1
2023/4/9,5:00,2.8
2023/4/9,6:00,4.2
2023/4/9,7:00,6
2023/4/9,8:00,7.6
2023/4/9,9:00,8.2
2023/4/9,10:00,9.6
2023/4/9,11:00,10.6
2023/4/9,12:00,11
2023/4/9,13:00,11.3
2023/4/9,14:00,11.7
2023/4/9,15:00,11
2023/4/9,16:00,10.9
2023/4/9,17:00,9.3
2023/4/9,18:00,7.1
2023/4/9,19:00,7.2
2023/4/9,20:00,8.5
2023/4/9,21:00,7.2
2023/4/9,22:00,5.7
2023/4/9,23:00,4.8
2023/4/10,0:00,4.2
2023/4/10,1:00,4
2023/4/10,2:00,3.3
2023/4/10,3:00,2.4
2023/4/10,4:00,2.4
2023/4/10,5:00,1.7
2023/4/10,6:00,3.9
2023/4/10,7:00,6.4
2023/4/10,8:00,8.3
2023/4/10,9:00,10
2023/4/10,10:00,11.6
2023/4/10,11:00,13.8
2023/4/10,12:00,14.8
2023/4/10,13:00,16.4
2023/4/10,14:00,16.1
2023/4/10,15:00,16.8
2023/4/10,16:00,15.8
2023/4/10,17:00,14.5
2023/4/10,18:00,12.7
2023/4/10,19:00,12.3
2023/4/10,20:00,12
2023/4/10,21:00,11.9
2023/4/10,22:00,11.3
2023/4/10,23:00,10.4
2023/4/11,0:00,9.8
2023/4/11,1:00,9.5
2023/4/11,2:00,8.8
2023/4/11,3:00,8
2023/4/11,4:00,6.7
2023/4/11,5:00,7.2
2023/4/11,6:00,7.7
2023/4/11,7:00,11.6
2023/4/11,8:00,13.2
2023/4/11,9:00,15.3
2023/4/11,10:00,16.3
2023/4/11,11:00,18.7
2023/4/11,12:00,19.3
2023/4/11,13:00,19.9
2023/4/11,14:00,20.1
2023/4/11,15:00,19.5
2023/4/11,16:00,19.3
2023/4/11,17:00,17.7
2023/4/11,18:00,15.7
2023/4/11,19:00,14.9
2023/4/11,20:00,14.4
2023/4/11,21:00,14.2
2023/4/11,22:00,13.9
2023/4/11,23:00,13.7
2023/4/12,0:00,13.5
2023/4/12,1:00,13.7
2023/4/12,2:00,13.4
2023/4/12,3:00,13.6
2023/4/12,4:00,13.8
2023/4/12,5:00,14.3
2023/4/12,6:00,14.1
2023/4/12,7:00,15.1
2023/4/12,8:00,18.2
2023/4/12,9:00,19.3
2023/4/12,10:00,20.4
2023/4/12,11:00,21.2
2023/4/12,12:00,21.1
2023/4/12,13:00,18.9
2023/4/12,14:00,18.5
2023/4/12,15:00,18.1
2023/4/12,16:00,17.9
2023/4/12,17:00,15.6
2023/4/12,18:00,14.8
2023/4/12,19:00,15.2
2023/4/12,20:00,14.3
2023/4/12,21:00,13.9
2023/4/12,22:00,12.4
2023/4/12,23:00,11.6
2023/4/13,0:00,10.4
2023/4/13,1:00,9.1
2023/4/13,2:00,8
2023/4/13,3:00,7.2
2023/4/13,4:00,6.3
2023/4/13,5:00,5.4
2023/4/13,6:00,7
2023/4/13,7:00,9.6
2023/4/13,8:00,11.3
2023/4/13,9:00,12.6
2023/4/13,10:00,12.3
2023/4/13,11:00,12.4
2023/4/13,12:00,13.1
2023/4/13,13:00,14
2023/4/13,14:00,15.1
2023/4/13,15:00,15.6
2023/4/13,16:00,15.4
2023/4/13,17:00,14.4
2023/4/13,18:00,12
2023/4/13,19:00,11.7
2023/4/13,20:00,11.7
2023/4/13,21:00,12.1
2023/4/13,22:00,12.6
2023/4/13,23:00,12.6
2023/4/14,0:00,11
2023/4/14,1:00,10.2
2023/4/14,2:00,10.1
2023/4/14,3:00,9.3
2023/4/14,4:00,8.9
2023/4/14,5:00,8.4
2023/4/14,6:00,9.7
2023/4/14,7:00,12
2023/4/14,8:00,13.8
2023/4/14,9:00,15.7
2023/4/14,10:00,16.2
2023/4/14,11:00,15.7
2023/4/14,12:00,15.5
2023/4/14,13:00,16.6
2023/4/14,14:00,18.2
2023/4/14,15:00,17.8
2023/4/14,16:00,16.1
2023/4/14,17:00,15.2
2023/4/14,18:00,15.1
2023/4/14,19:00,14.8
2023/4/14,20:00,14.6
2023/4/14,21:00,14.4
2023/4/14,22:00,13.5
2023/4/14,23:00,13.5
2023/4/15,0:00,13.1
2023/4/15,1:00,13.5
2023/4/15,2:00,13.4
2023/4/15,3:00,13.4
2023/4/15,4:00,13.7
2023/4/15,5:00,13.8
2023/4/15,6:00,14.1
2023/4/15,7:00,14.2
2023/4/15,8:00,14.4
2023/4/15,9:00,14.3
2023/4/15,10:00,14.3
2023/4/15,11:00,14.6
2023/4/15,12:00,15.1
2023/4/15,13:00,14.9
2023/4/15,14:00,14.5
2023/4/15,15:00,14.6
2023/4/15,16:00,14.5
2023/4/15,17:00,13.8
2023/4/15,18:00,13.5
2023/4/15,19:00,13.3
2023/4/15,20:00,13.3
2023/4/15,21:00,13.1
2023/4/15,22:00,13
2023/4/15,23:00,13.1
2023/4/16,0:00,13.1
2023/4/16,1:00,13.2
2023/4/16,2:00,13.2
2023/4/16,3:00,13.2
2023/4/16,4:00,13.6
2023/4/16,5:00,13.5
2023/4/16,6:00,14.1
2023/4/16,7:00,14.7
2023/4/16,8:00,15.4
2023/4/16,9:00,16.5
2023/4/16,10:00,19.2
2023/4/16,11:00,21
2023/4/16,12:00,21.6
2023/4/16,13:00,22
2023/4/16,14:00,20.2
2023/4/16,15:00,17.1
2023/4/16,16:00,18.1
2023/4/16,17:00,17.6
2023/4/16,18:00,14.4
2023/4/16,19:00,12.9
2023/4/16,20:00,14.5
2023/4/16,21:00,12.4
2023/4/16,22:00,10.2
2023/4/16,23:00,9.8
2023/4/17,0:00,9.7
2023/4/17,1:00,9.6
2023/4/17,2:00,9.5
2023/4/17,3:00,9.3
2023/4/17,4:00,9.2
2023/4/17,5:00,9.1
2023/4/17,6:00,9.6
2023/4/17,7:00,11.9
2023/4/17,8:00,13.4
2023/4/17,9:00,14.1
2023/4/17,10:00,15.3
2023/4/17,11:00,14.9
2023/4/17,12:00,15.2
2023/4/17,13:00,14.5
2023/4/17,14:00,14.4
2023/4/17,15:00,14.1
2023/4/17,16:00,13.1
2023/4/17,17:00,12
2023/4/17,18:00,9.4
2023/4/17,19:00,8.5
2023/4/17,20:00,7.6
2023/4/17,21:00,7.1
2023/4/17,22:00,7
2023/4/17,23:00,7
2023/4/18,0:00,6.6
2023/4/18,1:00,6.1
2023/4/18,2:00,6.1
2023/4/18,3:00,5.7
2023/4/18,4:00,6.1
2023/4/18,5:00,5.8
2023/4/18,6:00,6.7
2023/4/18,7:00,9.7
2023/4/18,8:00,11.1
2023/4/18,9:00,12.7
2023/4/18,10:00,14
2023/4/18,11:00,12.4
2023/4/18,12:00,16.1
2023/4/18,13:00,17.1
2023/4/18,14:00,12
2023/4/18,15:00,11.8
2023/4/18,16:00,11.6
2023/4/18,17:00,11.3
2023/4/18,18:00,10.4
2023/4/18,19:00,9.7
2023/4/18,20:00,9.9
2023/4/18,21:00,9.6
2023/4/18,22:00,9.6
2023/4/18,23:00,9.6
2023/4/19,0:00,9.2
2023/4/19,1:00,9.3
2023/4/19,2:00,9.2
2023/4/19,3:00,8.7
2023/4/19,4:00,8.4
2023/4/19,5:00,7.8
2023/4/19,6:00,9.6
2023/4/19,7:00,12.2
2023/4/19,8:00,14
2023/4/19,9:00,16.4
2023/4/19,10:00,18.2
2023/4/19,11:00,19.8
2023/4/19,12:00,20.6
2023/4/19,13:00,21.2
2023/4/19,14:00,20.6
2023/4/19,15:00,21.2
2023/4/19,16:00,20.9
2023/4/19,17:00,20
2023/4/19,18:00,18.1
2023/4/19,19:00,17.5
2023/4/19,20:00,16.7
2023/4/19,21:00,15.7
2023/4/19,22:00,15.7
2023/4/19,23:00,14.8
2023/4/20,0:00,14.8
2023/4/20,1:00,14.7
2023/4/20,2:00,14.8
2023/4/20,3:00,14.6
2023/4/20,4:00,14
2023/4/20,5:00,13.1
2023/4/20,6:00,14.4
2023/4/20,7:00,16.9
2023/4/20,8:00,18.5
2023/4/20,9:00,19.5
2023/4/20,10:00,20.4
2023/4/20,11:00,21.5
2023/4/20,12:00,23.2
2023/4/20,13:00,22.7
2023/4/20,14:00,22.6
2023/4/20,15:00,22.8
2023/4/20,16:00,21.9
2023/4/20,17:00,21
2023/4/20,18:00,19.4
2023/4/20,19:00,18.9
2023/4/20,20:00,18.6
2023/4/20,21:00,18.1
2023/4/20,22:00,17.9
2023/4/20,23:00,17.4
2023/4/21,0:00,17.2
2023/4/21,1:00,16.7
2023/4/21,2:00,16.1
2023/4/21,3:00,16.5
2023/4/21,4:00,15.7
2023/4/21,5:00,15
2023/4/21,6:00,15.6
2023/4/21,7:00,18.8
2023/4/21,8:00,20.6
2023/4/21,9:00,22.3
2023/4/21,10:00,22.6
2023/4/21,11:00,23.5
2023/4/21,12:00,24
2023/4/21,13:00,23.3
2023/4/21,14:00,23.2
2023/4/21,15:00,23.3
2023/4/21,16:00,20.8
2023/4/21,17:00,19.7
2023/4/21,18:00,18.5
2023/4/21,19:00,17.8
2023/4/21,20:00,18.3
2023/4/21,21:00,16.9
2023/4/21,22:00,15.6
2023/4/21,23:00,14.5
2023/4/22,0:00,13.7
2023/4/22,1:00,13.4
2023/4/22,2:00,10.5
2023/4/22,3:00,9.3
2023/4/22,4:00,8.7
2023/4/22,5:00,8
2023/4/22,6:00,7.8
2023/4/22,7:00,8
2023/4/22,8:00,8
2023/4/22,9:00,8.6
2023/4/22,10:00,9.2
2023/4/22,11:00,10.5
2023/4/22,12:00,10.9
2023/4/22,13:00,10.7
2023/4/22,14:00,14.4
2023/4/22,15:00,14.6
2023/4/22,16:00,14.9
2023/4/22,17:00,13.2
2023/4/22,18:00,11.4
2023/4/22,19:00,10.5
2023/4/22,20:00,7.1
2023/4/22,21:00,6.7
2023/4/22,22:00,6.2
2023/4/22,23:00,6.8
2023/4/23,0:00,6.4
2023/4/23,1:00,6.1
2023/4/23,2:00,6.1
2023/4/23,3:00,5.6
2023/4/23,4:00,5.4
2023/4/23,5:00,4.9
2023/4/23,6:00,7
2023/4/23,7:00,8.7
2023/4/23,8:00,10
2023/4/23,9:00,10.9
2023/4/23,10:00,12.2
2023/4/23,11:00,12.9
2023/4/23,12:00,12
2023/4/23,13:00,12.7
2023/4/23,14:00,12.9
2023/4/23,15:00,13.9
2023/4/23,16:00,13
2023/4/23,17:00,13
2023/4/23,18:00,11
2023/4/23,19:00,10.8
2023/4/23,20:00,9.3
2023/4/23,21:00,6.6
2023/4/23,22:00,6.2
2023/4/23,23:00,6.4
2023/4/24,0:00,7
2023/4/24,1:00,6.7
2023/4/24,2:00,5.7
2023/4/24,3:00,5.2
2023/4/24,4:00,5.1
2023/4/24,5:00,4.9
2023/4/24,6:00,5.5
2023/4/24,7:00,6.4
2023/4/24,8:00,7.2
2023/4/24,9:00,8.1
2023/4/24,10:00,10.9
2023/4/24,11:00,11.3
2023/4/24,12:00,10
2023/4/24,13:00,9.5
2023/4/24,14:00,9.3
2023/4/24,15:00,9.1
2023/4/24,16:00,9.4
2023/4/24,17:00,8.5
2023/4/24,18:00,8.2
2023/4/24,19:00,8
2023/4/24,20:00,8.3
2023/4/24,21:00,9.2
2023/4/24,22:00,7.8
2023/4/24,23:00,5.9
2023/4/25,0:00,4.9
2023/4/25,1:00,4.7
2023/4/25,2:00,5
2023/4/25,3:00,5.8
2023/4/25,4:00,5.4
2023/4/25,5:00,4.8
2023/4/25,6:00,5.2
2023/4/25,7:00,8.2
2023/4/25,8:00,10.2
2023/4/25,9:00,11.7
2023/4/25,10:00,12.5
2023/4/25,11:00,14.5
2023/4/25,12:00,13.8
2023/4/25,13:00,13.3
2023/4/25,14:00,13.4
2023/4/25,15:00,13.4
2023/4/25,16:00,13
2023/4/25,17:00,12.9
2023/4/25,18:00,12.3
2023/4/25,19:00,12.4
2023/4/25,20:00,12.3
2023/4/25,21:00,12.1
2023/4/25,22:00,12.1
2023/4/25,23:00,12.1
2023/4/26,0:00,12.2
2023/4/26,1:00,12.4
2023/4/26,2:00,12.7
2023/4/26,3:00,12.6
2023/4/26,4:00,12.3
2023/4/26,5:00,12.3
2023/4/26,6:00,12.8
2023/4/26,7:00,13.3
2023/4/26,8:00,13.7
2023/4/26,9:00,14.6
2023/4/26,10:00,15.2
2023/4/26,11:00,16.6
2023/4/26,12:00,16.9
2023/4/26,13:00,17.5
2023/4/26,14:00,17.9
2023/4/26,15:00,17.1
2023/4/26,16:00,14.5
2023/4/26,17:00,14.8
2023/4/26,18:00,14.9
2023/4/26,19:00,14.3
2023/4/26,20:00,12.7
2023/4/26,21:00,11.7
2023/4/26,22:00,10.7
2023/4/26,23:00,10.4
2023/4/27,0:00,9.9
2023/4/27,1:00,9.6
2023/4/27,2:00,9
2023/4/27,3:00,8.6
2023/4/27,4:00,8.1
2023/4/27,5:00,7.8
2023/4/27,6:00,10.1
2023/4/27,7:00,12.2
2023/4/27,8:00,13.6
2023/4/27,9:00,15.1
2023/4/27,10:00,15.8
2023/4/27,11:00,16
2023/4/27,12:00,16.5
2023/4/27,13:00,17.8
2023/4/27,14:00,17.8
2023/4/27,15:00,18
2023/4/27,16:00,18.2
2023/4/27,17:00,16.8
2023/4/27,18:00,14.6
2023/4/27,19:00,13.9
2023/4/27,20:00,13.7
2023/4/27,21:00,13.8
2023/4/27,22:00,14.1
2023/4/27,23:00,14.3
2023/4/28,0:00,13.8
2023/4/28,1:00,12.2
2023/4/28,2:00,11.8
2023/4/28,3:00,11.1
2023/4/28,4:00,10.7
2023/4/28,5:00,10.2
2023/4/28,6:00,12.1
2023/4/28,7:00,13.7
2023/4/28,8:00,15.2
2023/4/28,9:00,17.2
2023/4/28,10:00,19.5
2023/4/28,11:00,19.6
2023/4/28,12:00,19.8
2023/4/28,13:00,20.8
2023/4/28,14:00,20
2023/4/28,15:00,20.6
2023/4/28,16:00,19.6
2023/4/28,17:00,18.4
2023/4/28,18:00,16.1
2023/4/28,19:00,15.6
2023/4/28,20:00,15.3
2023/4/28,21:00,14.8
2023/4/28,22:00,14.4
2023/4/28,23:00,14.5
2023/4/29,0:00,14.2
2023/4/29,1:00,13.7
2023/4/29,2:00,12.7
2023/4/29,3:00,11.8
2023/4/29,4:00,11.8
2023/4/29,5:00,11.6
2023/4/29,6:00,13.8
2023/4/29,7:00,16
2023/4/29,8:00,17.4
2023/4/29,9:00,18.5
2023/4/29,10:00,19.1
2023/4/29,11:00,19.6
2023/4/29,12:00,20.2
2023/4/29,13:00,20
2023/4/29,14:00,20.5
2023/4/29,15:00,19.8
2023/4/29,16:00,17.4
2023/4/29,17:00,16.8
2023/4/29,18:00,17
2023/4/29,19:00,16.5
2023/4/29,20:00,16.6
2023/4/29,21:00,16.6
2023/4/29,22:00,16.5
2023/4/29,23:00,16.6
2023/4/30,0:00,16.7
2023/4/30,1:00,16.9
2023/4/30,2:00,17.2
2023/4/30,3:00,17.4
2023/4/30,4:00,18.5
2023/4/30,5:00,19.2
2023/4/30,6:00,17.5
2023/4/30,7:00,16.8
2023/4/30,8:00,17.2
2023/4/30,9:00,17.7
2023/4/30,10:00,18.5
2023/4/30,11:00,19.2
2023/4/30,12:00,20
2023/4/30,13:00,20.7
2023/4/30,14:00,20.8
2023/4/30,15:00,20.9
2023/4/30,16:00,20.6
2023/4/30,17:00,20
2023/4/30,18:00,19.4
2023/4/30,19:00,19
2023/4/30,20:00,19.2
2023/4/30,21:00,17.5
2023/4/30,22:00,16.5
2023/4/30,23:00,16.7
2023/5/1,0:00,16.2
2023/5/1,1:00,15.3
2023/5/1,2:00,15.4
2023/5/1,3:00,13.3
2023/5/1,4:00,12.2
2023/5/1,5:00,12
2023/5/1,6:00,11.8
2023/5/1,7:00,14.1
2023/5/1,8:00,14.8
2023/5/1,9:00,15.3
2023/5/1,10:00,18.2
2023/5/1,11:00,16.2
2023/5/1,12:00,18.4
2023/5/1,13:00,19.5
2023/5/1,14:00,19.2
2023/5/1,15:00,19.5
2023/5/1,16:00,16.9
2023/5/1,17:00,16.9
2023/5/1,18:00,16.3
2023/5/1,19:00,15.8
2023/5/1,20:00,16.1
2023/5/1,21:00,12.5
2023/5/1,22:00,13.3
2023/5/1,23:00,13
2023/5/2,0:00,12.5
2023/5/2,1:00,10.5
2023/5/2,2:00,8.7
2023/5/2,3:00,8.3
2023/5/2,4:00,7.8
2023/5/2,5:00,7.9
2023/5/2,6:00,10.7
2023/5/2,7:00,12.5
2023/5/2,8:00,13.7
2023/5/2,9:00,14.8
2023/5/2,10:00,15.5
2023/5/2,11:00,15.1
2023/5/2,12:00,16.2
2023/5/2,13:00,16.5
2023/5/2,14:00,16.2
2023/5/2,15:00,16.1
2023/5/2,16:00,15
2023/5/2,17:00,14
2023/5/2,18:00,11.3
2023/5/2,19:00,10.3
2023/5/2,20:00,10
2023/5/2,21:00,11.9
2023/5/2,22:00,11
2023/5/2,23:00,9.2
2023/5/3,0:00,8.7
2023/5/3,1:00,8.3
2023/5/3,2:00,7.6
2023/5/3,3:00,7.3
2023/5/3,4:00,7.6
2023/5/3,5:00,7.2
2023/5/3,6:00,9.4
2023/5/3,7:00,10.6
2023/5/3,8:00,12.6
2023/5/3,9:00,14.1
2023/5/3,10:00,16.4
2023/5/3,11:00,17.7
2023/5/3,12:00,19.3
2023/5/3,13:00,20.1
2023/5/3,14:00,20
2023/5/3,15:00,20.2
2023/5/3,16:00,19.6
2023/5/3,17:00,18.9
2023/5/3,18:00,16.2
2023/5/3,19:00,15.8
2023/5/3,20:00,15.6
2023/5/3,21:00,15.2
2023/5/3,22:00,15.2
2023/5/3,23:00,15.2
2023/5/4,0:00,13.7
2023/5/4,1:00,13.3
2023/5/4,2:00,13
2023/5/4,3:00,12.3
2023/5/4,4:00,11.8
2023/5/4,5:00,11.8
2023/5/4,6:00,13.8
2023/5/4,7:00,15.7
2023/5/4,8:00,16.9
2023/5/4,9:00,18
2023/5/4,10:00,20
2023/5/4,11:00,21
2023/5/4,12:00,21.5
2023/5/4,13:00,21.6
2023/5/4,14:00,22.1
2023/5/4,15:00,21.1
2023/5/4,16:00,20.7
2023/5/4,17:00,19.7
2023/5/4,18:00,17.6
2023/5/4,19:00,16.2
2023/5/4,20:00,16.2
2023/5/4,21:00,16
2023/5/4,22:00,15.5
2023/5/4,23:00,15.4
2023/5/5,0:00,14.4
2023/5/5,1:00,14.3
2023/5/5,2:00,13.5
2023/5/5,3:00,13.6
2023/5/5,4:00,13
2023/5/5,5:00,12.9
2023/5/5,6:00,15.5
2023/5/5,7:00,17.6
2023/5/5,8:00,19.4
2023/5/5,9:00,20.9
2023/5/5,10:00,21.3
2023/5/5,11:00,22
2023/5/5,12:00,22.5
2023/5/5,13:00,23.3
2023/5/5,14:00,22.1
2023/5/5,15:00,22.5
2023/5/5,16:00,22.7
2023/5/5,17:00,19.2
2023/5/5,18:00,17.7
2023/5/5,19:00,17.1
2023/5/5,20:00,16.6
2023/5/5,21:00,16.7
2023/5/5,22:00,16.5
2023/5/5,23:00,16.6
2023/5/6,0:00,16.5
2023/5/6,1:00,16.7
2023/5/6,2:00,16.6
2023/5/6,3:00,16.5
2023/5/6,4:00,16.4
2023/5/6,5:00,16.3
2023/5/6,6:00,16.9
2023/5/6,7:00,17.7
2023/5/6,8:00,20.7
2023/5/6,9:00,19.6
2023/5/6,10:00,22.7
2023/5/6,11:00,21.2
2023/5/6,12:00,22.7
2023/5/6,13:00,24.6
2023/5/6,14:00,24.7
2023/5/6,15:00,21.6
2023/5/6,16:00,21.4
2023/5/6,17:00,20.5
2023/5/6,18:00,19.9
2023/5/6,19:00,19.1
2023/5/6,20:00,19.1
2023/5/6,21:00,18.9
2023/5/6,22:00,18.9
2023/5/6,23:00,19.2
2023/5/7,0:00,19.5
2023/5/7,1:00,19.6
2023/5/7,2:00,19.7
2023/5/7,3:00,19.7
2023/5/7,4:00,19.5
2023/5/7,5:00,19.6
2023/5/7,6:00,19.8
2023/5/7,7:00,20.4
2023/5/7,8:00,20.9
2023/5/7,9:00,21.1
2023/5/7,10:00,21.9
2023/5/7,11:00,22.6
2023/5/7,12:00,18.7
2023/5/7,13:00,16.3
2023/5/7,14:00,15.3
2023/5/7,15:00,14
2023/5/7,16:00,13.7
2023/5/7,17:00,13.3
2023/5/7,18:00,12.8
2023/5/7,19:00,12.8
2023/5/7,20:00,12.8
2023/5/7,21:00,12.5
2023/5/7,22:00,12.1
2023/5/7,23:00,12.3
2023/5/8,0:00,11.5
2023/5/8,1:00,11
2023/5/8,2:00,10.7
2023/5/8,3:00,10.3
2023/5/8,4:00,10.4
2023/5/8,5:00,10.1
2023/5/8,6:00,10.2
2023/5/8,7:00,10.8
2023/5/8,8:00,11.8
2023/5/8,9:00,12.8
2023/5/8,10:00,13.7
2023/5/8,11:00,15.5
2023/5/8,12:00,15.7
2023/5/8,13:00,17.9
2023/5/8,14:00,17.7
2023/5/8,15:00,14.1
2023/5/8,16:00,13.8
2023/5/8,17:00,14.3
2023/5/8,18:00,12
2023/5/8,19:00,10.6
2023/5/8,20:00,10.1
2023/5/8,21:00,9.5
2023/5/8,22:00,8.9
2023/5/8,23:00,8.8
2023/5/9,0:00,8.6
2023/5/9,1:00,8.1
2023/5/9,2:00,8.1
2023/5/9,3:00,7.7
2023/5/9,4:00,7.5
2023/5/9,5:00,7.8
2023/5/9,6:00,8.8
2023/5/9,7:00,11.5
2023/5/9,8:00,13.3
2023/5/9,9:00,13.3
2023/5/9,10:00,14
2023/5/9,11:00,14.7
2023/5/9,12:00,14.6
2023/5/9,13:00,16
2023/5/9,14:00,15.9
2023/5/9,15:00,15.3
2023/5/9,16:00,14.1
2023/5/9,17:00,14.3
2023/5/9,18:00,12.8
2023/5/9,19:00,11.5
2023/5/9,20:00,11.9
2023/5/9,21:00,11.9
2023/5/9,22:00,11.7
2023/5/9,23:00,11.2
2023/5/10,0:00,10.4
2023/5/10,1:00,9.8
2023/5/10,2:00,9
2023/5/10,3:00,8.5
2023/5/10,4:00,8
2023/5/10,5:00,8.4
2023/5/10,6:00,10.4
2023/5/10,7:00,12.7
2023/5/10,8:00,13.9
2023/5/10,9:00,15.6
2023/5/10,10:00,17.3
2023/5/10,11:00,18.2
2023/5/10,12:00,19
2023/5/10,13:00,19.5
2023/5/10,14:00,19.4
2023/5/10,15:00,18.8
2023/5/10,16:00,17.1
2023/5/10,17:00,16
2023/5/10,18:00,15.7
2023/5/10,19:00,14.9
2023/5/10,20:00,14.9
2023/5/10,21:00,15.2
2023/5/10,22:00,14.9
2023/5/10,23:00,14.6
2023/5/11,0:00,15
2023/5/11,1:00,15.1
2023/5/11,2:00,14.9
2023/5/11,3:00,14.4
2023/5/11,4:00,13.5
2023/5/11,5:00,11.9
2023/5/11,6:00,13.8
2023/5/11,7:00,15.9
2023/5/11,8:00,16.4
2023/5/11,9:00,16.9
2023/5/11,10:00,17.1
2023/5/11,11:00,18.9
2023/5/11,12:00,16.3
2023/5/11,13:00,15.2
2023/5/11,14:00,15.7
2023/5/11,15:00,15.7
2023/5/11,16:00,14.5
2023/5/11,17:00,14
2023/5/11,18:00,13.6
2023/5/11,19:00,13.2
2023/5/11,20:00,12.2
2023/5/11,21:00,12.2
2023/5/11,22:00,11.6
2023/5/11,23:00,11.7
2023/5/12,0:00,11.4
2023/5/12,1:00,10.7
2023/5/12,2:00,10.5
2023/5/12,3:00,10.2
2023/5/12,4:00,10.1
2023/5/12,5:00,9.7
2023/5/12,6:00,11.5
2023/5/12,7:00,11.1
2023/5/12,8:00,14
2023/5/12,9:00,15.8
2023/5/12,10:00,15.7
2023/5/12,11:00,17
2023/5/12,12:00,17.8
2023/5/12,13:00,18.7
2023/5/12,14:00,18.7
2023/5/12,15:00,16.4
2023/5/12,16:00,16.5
2023/5/12,17:00,16
2023/5/12,18:00,15.5
2023/5/12,19:00,14.7
2023/5/12,20:00,14.9
2023/5/12,21:00,14.9
2023/5/12,22:00,15.2
2023/5/12,23:00,15.5
2023/5/13,0:00,14.8
2023/5/13,1:00,14.7
2023/5/13,2:00,14.5
2023/5/13,3:00,13.8
2023/5/13,4:00,13.6
2023/5/13,5:00,13.6
2023/5/13,6:00,14
2023/5/13,7:00,14.4
2023/5/13,8:00,15.2
2023/5/13,9:00,16.1
2023/5/13,10:00,17.1
2023/5/13,11:00,17.1
2023/5/13,12:00,17.6
2023/5/13,13:00,17.2
2023/5/13,14:00,17.2
2023/5/13,15:00,17.5
2023/5/13,16:00,17.1
2023/5/13,17:00,17.1
2023/5/13,18:00,16.5
2023/5/13,19:00,15.6
2023/5/13,20:00,15.5
2023/5/13,21:00,14.8
2023/5/13,22:00,14.5
2023/5/13,23:00,14.4
2023/5/14,0:00,14.4
2023/5/14,1:00,14.4
2023/5/14,2:00,14.5
2023/5/14,3:00,14.4
2023/5/14,4:00,14.9
2023/5/14,5:00,14.8
2023/5/14,6:00,15.2
2023/5/14,7:00,16.4
2023/5/14,8:00,16.5
2023/5/14,9:00,17.3
2023/5/14,10:00,17.7
2023/5/14,11:00,17.1
2023/5/14,12:00,16.9
2023/5/14,13:00,18.3
2023/5/14,14:00,17.9
2023/5/14,15:00,17.4
2023/5/14,16:00,16.6
2023/5/14,17:00,16.5
2023/5/14,18:00,15.6
2023/5/14,19:00,14.8
2023/5/14,20:00,14.5
2023/5/14,21:00,14.6
2023/5/14,22:00,15.1
2023/5/14,23:00,15.3
2023/5/15,0:00,15.2
2023/5/15,1:00,14.9
2023/5/15,2:00,14.8
2023/5/15,3:00,14.7
2023/5/15,4:00,14.8
2023/5/15,5:00,15.1
2023/5/15,6:00,15.6
2023/5/15,7:00,16
2023/5/15,8:00,16.9
2023/5/15,9:00,17
2023/5/15,10:00,17.2
2023/5/15,11:00,17.3
2023/5/15,12:00,17.9
2023/5/15,13:00,17.5
2023/5/15,14:00,17.9
2023/5/15,15:00,17.4
2023/5/15,16:00,17.3
2023/5/15,17:00,17
2023/5/15,18:00,16.5
2023/5/15,19:00,15
2023/5/15,20:00,15.1
2023/5/15,21:00,14.9
2023/5/15,22:00,14.4
2023/5/15,23:00,14.2
2023/5/16,0:00,13.8
2023/5/16,1:00,13.3
2023/5/16,2:00,13
2023/5/16,3:00,12.8
2023/5/16,4:00,12.1
2023/5/16,5:00,11.8
2023/5/16,6:00,14.4
2023/5/16,7:00,16.5
2023/5/16,8:00,18.5
2023/5/16,9:00,20
2023/5/16,10:00,20.5
2023/5/16,11:00,21.5
2023/5/16,12:00,20.8
2023/5/16,13:00,20.9
2023/5/16,14:00,21.4
2023/5/16,15:00,21.2
2023/5/16,16:00,21.9
2023/5/16,17:00,20.4
2023/5/16,18:00,18.4
2023/5/16,19:00,16.2
2023/5/16,20:00,15.8
2023/5/16,21:00,16.6
2023/5/16,22:00,16.7
2023/5/16,23:00,15.9
2023/5/17,0:00,15.2
2023/5/17,1:00,14.7
2023/5/17,2:00,14.2
2023/5/17,3:00,14.1
2023/5/17,4:00,13.9
2023/5/17,5:00,13.8
2023/5/17,6:00,16.5
2023/5/17,7:00,18.6
2023/5/17,8:00,20.8
2023/5/17,9:00,21.8
2023/5/17,10:00,22.9
2023/5/17,11:00,23.5
2023/5/17,12:00,24.3
2023/5/17,13:00,24.3
2023/5/17,14:00,24.5
2023/5/17,15:00,23.6
2023/5/17,16:00,23.1
2023/5/17,17:00,23.3
2023/5/17,18:00,21.5
2023/5/17,19:00,20
2023/5/17,20:00,20
2023/5/17,21:00,20.2
2023/5/17,22:00,19.9
2023/5/17,23:00,19.3
2023/5/18,0:00,18.9
2023/5/18,1:00,17.4
2023/5/18,2:00,16.3
2023/5/18,3:00,15.7
2023/5/18,4:00,15.2
2023/5/18,5:00,14.9
2023/5/18,6:00,17.6
2023/5/18,7:00,19.3
2023/5/18,8:00,21.5
2023/5/18,9:00,22.8
2023/5/18,10:00,24.6
2023/5/18,11:00,24.4
2023/5/18,12:00,23.5
2023/5/18,13:00,25.3
2023/5/18,14:00,25.9
2023/5/18,15:00,24.5
2023/5/18,16:00,24.9
2023/5/18,17:00,24
2023/5/18,18:00,20.9
2023/5/18,19:00,19.6
2023/5/18,20:00,19.4
2023/5/18,21:00,19
2023/5/18,22:00,18.7
2023/5/18,23:00,18.2
2023/5/19,0:00,17.8
2023/5/19,1:00,17.3
2023/5/19,2:00,16.8
2023/5/19,3:00,16.7
2023/5/19,4:00,17
2023/5/19,5:00,17
2023/5/19,6:00,17.1
2023/5/19,7:00,19.2
2023/5/19,8:00,21.1
2023/5/19,9:00,21.5
2023/5/19,10:00,21.6
2023/5/19,11:00,22.1
2023/5/19,12:00,21.5
2023/5/19,13:00,22.1
2023/5/19,14:00,20.1
2023/5/19,15:00,18.7
2023/5/19,16:00,18.3
2023/5/19,17:00,18.2
2023/5/19,18:00,18.1
2023/5/19,19:00,17.8
2023/5/19,20:00,17.7
2023/5/19,21:00,17.5
2023/5/19,22:00,17.7
2023/5/19,23:00,17.5
2023/5/20,0:00,17.4
2023/5/20,1:00,17.4
2023/5/20,2:00,17.2
2023/5/20,3:00,17.3
2023/5/20,4:00,17.4
2023/5/20,5:00,17.5
2023/5/20,6:00,18.1
2023/5/20,7:00,19
2023/5/20,8:00,19.6
2023/5/20,9:00,19.5
2023/5/20,10:00,19.9
2023/5/20,11:00,20.5
2023/5/20,12:00,21.5
2023/5/20,13:00,21
2023/5/20,14:00,21.2
2023/5/20,15:00,20.7
2023/5/20,16:00,20.6
2023/5/20,17:00,20.2
2023/5/20,18:00,19.3
2023/5/20,19:00,17.8
2023/5/20,20:00,17.6
2023/5/20,21:00,17
2023/5/20,22:00,17
2023/5/20,23:00,16.7
2023/5/21,0:00,16.4
2023/5/21,1:00,16.5
2023/5/21,2:00,16.6
2023/5/21,3:00,16.2
2023/5/21,4:00,16.5
2023/5/21,5:00,16.5
2023/5/21,6:00,17.3
2023/5/21,7:00,17.8
2023/5/21,8:00,19.1
2023/5/21,9:00,22
2023/5/21,10:00,23.2
2023/5/21,11:00,21.3
2023/5/21,12:00,24
2023/5/21,13:00,23.7
2023/5/21,14:00,24.8
2023/5/21,15:00,24.5
2023/5/21,16:00,22.2
2023/5/21,17:00,21.8
2023/5/21,18:00,20.6
2023/5/21,19:00,20.4
2023/5/21,20:00,20.2
2023/5/21,21:00,20
2023/5/21,22:00,19.9
2023/5/21,23:00,19.4
2023/5/22,0:00,19.2
2023/5/22,1:00,18.9
2023/5/22,2:00,18.7
2023/5/22,3:00,18.4
2023/5/22,4:00,18.1
2023/5/22,5:00,18.5
2023/5/22,6:00,19.2
2023/5/22,7:00,22.3
2023/5/22,8:00,23.6
2023/5/22,9:00,24.3
2023/5/22,10:00,24.9
2023/5/22,11:00,25.5
2023/5/22,12:00,23.5
2023/5/22,13:00,26.3
2023/5/22,14:00,23.6
2023/5/22,15:00,23.4
2023/5/22,16:00,23
2023/5/22,17:00,23.4
2023/5/22,18:00,22.2
2023/5/22,19:00,18.7
2023/5/22,20:00,18.1
2023/5/22,21:00,14.5
2023/5/22,22:00,14.6
2023/5/22,23:00,14.2
2023/5/23,0:00,13.8
2023/5/23,1:00,13.9
2023/5/23,2:00,13.8
2023/5/23,3:00,13.3
2023/5/23,4:00,13.2
2023/5/23,5:00,13.3
2023/5/23,6:00,13.4
2023/5/23,7:00,13.7
2023/5/23,8:00,14.3
2023/5/23,9:00,14.1
2023/5/23,10:00,14.4
2023/5/23,11:00,14.5
2023/5/23,12:00,14.4
2023/5/23,13:00,14.8
2023/5/23,14:00,14.8
2023/5/23,15:00,15.1
2023/5/23,16:00,14.7
2023/5/23,17:00,14.5
2023/5/23,18:00,14.1
2023/5/23,19:00,13.5
2023/5/23,20:00,13.2
2023/5/23,21:00,13.4
2023/5/23,22:00,13.6
2023/5/23,23:00,13.6
2023/5/24,0:00,13.3
2023/5/24,1:00,12.4
2023/5/24,2:00,11.8
2023/5/24,3:00,11.4
2023/5/24,4:00,11.2
2023/5/24,5:00,11.3
2023/5/24,6:00,13.3
2023/5/24,7:00,14.9
2023/5/24,8:00,15.2
2023/5/24,9:00,16.4
2023/5/24,10:00,17.5
2023/5/24,11:00,18.3
2023/5/24,12:00,18.1
2023/5/24,13:00,18.4
2023/5/24,14:00,18.2
2023/5/24,15:00,18
2023/5/24,16:00,16.9
2023/5/24,17:00,16.4
2023/5/24,18:00,14.7
2023/5/24,19:00,12.7
2023/5/24,20:00,12.4
2023/5/24,21:00,12
2023/5/24,22:00,11.8
2023/5/24,23:00,11.7
2023/5/25,0:00,11.8
2023/5/25,1:00,10.8
2023/5/25,2:00,10.5
2023/5/25,3:00,10
2023/5/25,4:00,10
2023/5/25,5:00,10.7
2023/5/25,6:00,11.2
2023/5/25,7:00,14.3
2023/5/25,8:00,14
2023/5/25,9:00,14.5
2023/5/25,10:00,16.8
2023/5/25,11:00,18.9
2023/5/25,12:00,19.8
2023/5/25,13:00,20.5
2023/5/25,14:00,20.7
2023/5/25,15:00,21.2
2023/5/25,16:00,18.5
2023/5/25,17:00,18.2
2023/5/25,18:00,17.3
2023/5/25,19:00,16.3
2023/5/25,20:00,16.1
2023/5/25,21:00,15.6
2023/5/25,22:00,15.5
2023/5/25,23:00,15.7
2023/5/26,0:00,15.4
2023/5/26,1:00,15.2
2023/5/26,2:00,15.5
2023/5/26,3:00,15.2
2023/5/26,4:00,14.1
2023/5/26,5:00,14.4
2023/5/26,6:00,15.4
2023/5/26,7:00,18.2
2023/5/26,8:00,18.1
2023/5/26,9:00,18.7
2023/5/26,10:00,20.9
2023/5/26,11:00,19.4
2023/5/26,12:00,21
2023/5/26,13:00,20.8
2023/5/26,14:00,19.4
2023/5/26,15:00,18.7
2023/5/26,16:00,17.8
2023/5/26,17:00,17
2023/5/26,18:00,16.1
2023/5/26,19:00,16.2
2023/5/26,20:00,16.6
2023/5/26,21:00,16.7
2023/5/26,22:00,16.8
2023/5/26,23:00,16.8
2023/5/27,0:00,16.5
2023/5/27,1:00,16.2
2023/5/27,2:00,15.3
2023/5/27,3:00,15.1
2023/5/27,4:00,14.5
2023/5/27,5:00,15
2023/5/27,6:00,17.2
2023/5/27,7:00,18.9
2023/5/27,8:00,19.9
2023/5/27,9:00,21.5
2023/5/27,10:00,22
2023/5/27,11:00,22.7
2023/5/27,12:00,21.9
2023/5/27,13:00,23.3
2023/5/27,14:00,23.1
2023/5/27,15:00,23
2023/5/27,16:00,22
2023/5/27,17:00,21.7
2023/5/27,18:00,18.7
2023/5/27,19:00,17.8
2023/5/27,20:00,17.5
2023/5/27,21:00,17.7
2023/5/27,22:00,17.6
2023/5/27,23:00,17.7
2023/5/28,0:00,17.6
2023/5/28,1:00,17.5
2023/5/28,2:00,17.2
2023/5/28,3:00,17
2023/5/28,4:00,17.1
2023/5/28,5:00,17.3
2023/5/28,6:00,18.2
2023/5/28,7:00,18.9
2023/5/28,8:00,21.7
2023/5/28,9:00,22.2
2023/5/28,10:00,21.3
2023/5/28,11:00,20.1
2023/5/28,12:00,19.7
2023/5/28,13:00,22.9
2023/5/28,14:00,21
2023/5/28,15:00,22.5
2023/5/28,16:00,20.1
2023/5/28,17:00,19.5
2023/5/28,18:00,19.3
2023/5/28,19:00,19
2023/5/28,20:00,19.1
2023/5/28,21:00,19.3
2023/5/28,22:00,19.6
2023/5/28,23:00,19.2
2023/5/29,0:00,19.3
2023/5/29,1:00,19.3
2023/5/29,2:00,19.1
2023/5/29,3:00,19
2023/5/29,4:00,19
2023/5/29,5:00,19.2
2023/5/29,6:00,19.3
2023/5/29,7:00,19.6
2023/5/29,8:00,20.4
2023/5/29,9:00,20.8
2023/5/29,10:00,20.9
2023/5/29,11:00,20.8
2023/5/29,12:00,20.9
2023/5/29,13:00,21.3
2023/5/29,14:00,20.9
2023/5/29,15:00,20.9
2023/5/29,16:00,20.6
2023/5/29,17:00,20.5
2023/5/29,18:00,20.3
2023/5/29,19:00,19.6
2023/5/29,20:00,19.4
2023/5/29,21:00,19.5
2023/5/29,22:00,19.6
2023/5/29,23:00,19.6
2023/5/30,0:00,19.6
2023/5/30,1:00,19.7
2023/5/30,2:00,19.7
2023/5/30,3:00,19.6
2023/5/30,4:00,19.1
2023/5/30,5:00,19.4
2023/5/30,6:00,19.9
2023/5/30,7:00,20.6
2023/5/30,8:00,21.5
2023/5/30,9:00,22.4
2023/5/30,10:00,23.2
2023/5/30,11:00,23.1
2023/5/30,12:00,24.6
2023/5/30,13:00,23
2023/5/30,14:00,25.6
2023/5/30,15:00,25
2023/5/30,16:00,23.9
2023/5/30,17:00,21.2
2023/5/30,18:00,20.2
2023/5/30,19:00,19.9
2023/5/30,20:00,19.9
2023/5/30,21:00,19.8
2023/5/30,22:00,19.6
2023/5/30,23:00,19.8
2023/5/31,0:00,20
2023/5/31,1:00,20.3
2023/5/31,2:00,17.9
2023/5/31,3:00,16.4
2023/5/31,4:00,16.1
2023/5/31,5:00,16.2
2023/5/31,6:00,17.1
2023/5/31,7:00,17.5
2023/5/31,8:00,17
2023/5/31,9:00,17.6
2023/5/31,10:00,17.9
2023/5/31,11:00,17.4
2023/5/31,12:00,16.5
2023/5/31,13:00,18.1
2023/5/31,14:00,17
2023/5/31,15:00,15.5
2023/5/31,16:00,15.6
2023/5/31,17:00,17.8
2023/5/31,18:00,16.7
2023/5/31,19:00,15.1
2023/5/31,20:00,16.3
2023/5/31,21:00,16.4
2023/5/31,22:00,16.5
2023/5/31,23:00,15.6
2023/6/1,0:00,15.8
2023/6/1,1:00,14.3
2023/6/1,2:00,14.4
2023/6/1,3:00,13.8
2023/6/1,4:00,13.8
2023/6/1,5:00,13.7
2023/6/1,6:00,15.9
2023/6/1,7:00,18.5
2023/6/1,8:00,17.7
2023/6/1,9:00,21.2
2023/6/1,10:00,20.4
2023/6/1,11:00,19.8
2023/6/1,12:00,22.1
2023/6/1,13:00,20.3
2023/6/1,14:00,22.7
2023/6/1,15:00,23
2023/6/1,16:00,22.1
2023/6/1,17:00,19.9
2023/6/1,18:00,19.4
2023/6/1,19:00,19.4
2023/6/1,20:00,19.7
2023/6/1,21:00,19.9
2023/6/1,22:00,20
2023/6/1,23:00,20.2
2023/6/2,0:00,20.2
2023/6/2,1:00,20.2
2023/6/2,2:00,20
2023/6/2,3:00,18.9
2023/6/2,4:00,18.9
2023/6/2,5:00,19
2023/6/2,6:00,19.1
2023/6/2,7:00,19.8
2023/6/2,8:00,20.1
2023/6/2,9:00,20.3
2023/6/2,10:00,20.7
2023/6/2,11:00,21.1
2023/6/2,12:00,22
2023/6/2,13:00,22.6
2023/6/2,14:00,23
2023/6/2,15:00,23.5
2023/6/2,16:00,19.7
2023/6/2,17:00,19.8
2023/6/2,18:00,19.6
2023/6/2,19:00,21.2
2023/6/2,20:00,21.8
2023/6/2,21:00,19.8
2023/6/2,22:00,19.2
2023/6/2,23:00,19
2023/6/3,0:00,19
2023/6/3,1:00,19.1
2023/6/3,2:00,19.3
2023/6/3,3:00,19.4
2023/6/3,4:00,19.5
2023/6/3,5:00,18.7
2023/6/3,6:00,19.2
2023/6/3,7:00,19.7
2023/6/3,8:00,19.5
2023/6/3,9:00,19.5
2023/6/3,10:00,20
2023/6/3,11:00,22.7
2023/6/3,12:00,21.5
2023/6/3,13:00,20.6
2023/6/3,14:00,23.2
2023/6/3,15:00,23.4
2023/6/3,16:00,23.3
2023/6/3,17:00,22.6
2023/6/3,18:00,17.8
2023/6/3,19:00,15.3
2023/6/3,20:00,14.7
2023/6/3,21:00,14.2
2023/6/3,22:00,14.3
2023/6/3,23:00,14.4
2023/6/4,0:00,14.1
2023/6/4,1:00,13.7
2023/6/4,2:00,13.6
2023/6/4,3:00,13.7
2023/6/4,4:00,13.5
2023/6/4,5:00,13.7
2023/6/4,6:00,16.8
2023/6/4,7:00,19.2
2023/6/4,8:00,20.4
2023/6/4,9:00,22.2
2023/6/4,10:00,22.9
2023/6/4,11:00,24
2023/6/4,12:00,23.8
2023/6/4,13:00,24.2
2023/6/4,14:00,21.5
2023/6/4,15:00,21.1
2023/6/4,16:00,20.5
2023/6/4,17:00,20.6
2023/6/4,18:00,20
2023/6/4,19:00,19.7
2023/6/4,20:00,19.1
2023/6/4,21:00,19.1
2023/6/4,22:00,18.7
2023/6/4,23:00,18.8
2023/6/5,0:00,18.3
2023/6/5,1:00,18.1
2023/6/5,2:00,18.2
2023/6/5,3:00,18.2
2023/6/5,4:00,17.5
2023/6/5,5:00,17.3
2023/6/5,6:00,18
2023/6/5,7:00,21.2
2023/6/5,8:00,21.7
2023/6/5,9:00,20.9
2023/6/5,10:00,22.3
2023/6/5,11:00,20.8
2023/6/5,12:00,21.6
2023/6/5,13:00,21.3
2023/6/5,14:00,22.5
2023/6/5,15:00,22.3
2023/6/5,16:00,19.6
2023/6/5,17:00,19
2023/6/5,18:00,17.9
2023/6/5,19:00,18.3
2023/6/5,20:00,18.1
2023/6/5,21:00,18.1
2023/6/5,22:00,16.8
2023/6/5,23:00,17.1
2023/6/6,0:00,17.6
2023/6/6,1:00,17.8
2023/6/6,2:00,16.9
2023/6/6,3:00,16.3
2023/6/6,4:00,16.5
2023/6/6,5:00,16.4
2023/6/6,6:00,17.6
2023/6/6,7:00,19
2023/6/6,8:00,19.7
2023/6/6,9:00,19.4
2023/6/6,10:00,20
2023/6/6,11:00,20.4
2023/6/6,12:00,21.5
2023/6/6,13:00,22.7
2023/6/6,14:00,20.8
2023/6/6,15:00,20.9
2023/6/6,16:00,20.6
2023/6/6,17:00,20.2
2023/6/6,18:00,19.2
2023/6/6,19:00,18.1
2023/6/6,20:00,17.6
2023/6/6,21:00,18.3
2023/6/6,22:00,17.6
2023/6/6,23:00,17.6
2023/6/7,0:00,17.6
2023/6/7,1:00,17.5
2023/6/7,2:00,17.3
2023/6/7,3:00,17.3
2023/6/7,4:00,17.2
2023/6/7,5:00,17.5
2023/6/7,6:00,18.3
2023/6/7,7:00,20.8
2023/6/7,8:00,21.1
2023/6/7,9:00,22.7
2023/6/7,10:00,23.8
2023/6/7,11:00,23.1
2023/6/7,12:00,23.5
2023/6/7,13:00,24.1
2023/6/7,14:00,23.8
2023/6/7,15:00,23.9
2023/6/7,16:00,23.8
2023/6/7,17:00,21.7
2023/6/7,18:00,21.5
2023/6/7,19:00,20.7
2023/6/7,20:00,19.9
2023/6/7,21:00,19.4
2023/6/7,22:00,19.6
2023/6/7,23:00,19.7
2023/6/8,0:00,19.9
2023/6/8,1:00,19.5
2023/6/8,2:00,19.5
2023/6/8,3:00,20
2023/6/8,4:00,19.7
2023/6/8,5:00,19.5
2023/6/8,6:00,21.7
2023/6/8,7:00,21.1
2023/6/8,8:00,24.2
2023/6/8,9:00,24.9
2023/6/8,10:00,25.2
2023/6/8,11:00,23.1
2023/6/8,12:00,21
2023/6/8,13:00,21.5
2023/6/8,14:00,21.9
2023/6/8,15:00,22.3
2023/6/8,16:00,21.4
2023/6/8,17:00,21.1
2023/6/8,18:00,21
2023/6/8,19:00,20.7
2023/6/8,20:00,20.7
2023/6/8,21:00,21
2023/6/8,22:00,21
2023/6/8,23:00,20.8
2023/6/9,0:00,18.3
2023/6/9,1:00,18.5
2023/6/9,2:00,18.2
2023/6/9,3:00,18.3
2023/6/9,4:00,18.7
2023/6/9,5:00,19.2
2023/6/9,6:00,19.6
2023/6/9,7:00,19.4
2023/6/9,8:00,20.5
2023/6/9,9:00,20.9
2023/6/9,10:00,20.4
2023/6/9,11:00,21
2023/6/9,12:00,21.6
2023/6/9,13:00,21.6
2023/6/9,14:00,21.8
2023/6/9,15:00,21.8
2023/6/9,16:00,21.8
2023/6/9,17:00,21.6
2023/6/9,18:00,21.6
2023/6/9,19:00,20.7
2023/6/9,20:00,20.8
2023/6/9,21:00,21.1
2023/6/9,22:00,21
2023/6/9,23:00,20.6
2023/6/10,0:00,20.7
2023/6/10,1:00,20.6
2023/6/10,2:00,20
2023/6/10,3:00,19.6
2023/6/10,4:00,19.6
2023/6/10,5:00,19.5
2023/6/10,6:00,20.1
2023/6/10,7:00,20.6
2023/6/10,8:00,21.4
2023/6/10,9:00,22.2
2023/6/10,10:00,22.6
2023/6/10,11:00,25.7
2023/6/10,12:00,24.5
2023/6/10,13:00,24.2
2023/6/10,14:00,24.7
2023/6/10,15:00,23.9
2023/6/10,16:00,23.7
2023/6/10,17:00,23.2
2023/6/10,18:00,22.5
2023/6/10,19:00,21.6
2023/6/10,20:00,21.2
2023/6/10,21:00,21.1
2023/6/10,22:00,21.1
2023/6/10,23:00,21.1
2023/6/11,0:00,21.2
2023/6/11,1:00,21
2023/6/11,2:00,20.6
2023/6/11,3:00,20.7
2023/6/11,4:00,20.7
2023/6/11,5:00,20.7
2023/6/11,6:00,21.1
2023/6/11,7:00,21.6
2023/6/11,8:00,22.4
2023/6/11,9:00,22
2023/6/11,10:00,22.6
2023/6/11,11:00,22.8
2023/6/11,12:00,23.1
2023/6/11,13:00,22.8
2023/6/11,14:00,22.8
2023/6/11,15:00,22.8
2023/6/11,16:00,22.3
2023/6/11,17:00,22.1
2023/6/11,18:00,21.5
2023/6/11,19:00,20.6
2023/6/11,20:00,20.5
2023/6/11,21:00,20.5
2023/6/11,22:00,20.4
2023/6/11,23:00,20.4
2023/6/12,0:00,20.4
2023/6/12,1:00,20.4
2023/6/12,2:00,20.4
2023/6/12,3:00,20.2
2023/6/12,4:00,20.1
2023/6/12,5:00,20.2
2023/6/12,6:00,20.9
2023/6/12,7:00,21.4
2023/6/12,8:00,21.6
2023/6/12,9:00,21.9
2023/6/12,10:00,22.8
2023/6/12,11:00,22.8
2023/6/12,12:00,22.5
2023/6/12,13:00,22.8
2023/6/12,14:00,22.8
2023/6/12,15:00,22.8
2023/6/12,16:00,22.2
2023/6/12,17:00,22.1
2023/6/12,18:00,21.8
2023/6/12,19:00,21.5
2023/6/12,20:00,21.4
2023/6/12,21:00,21.2
2023/6/12,22:00,21.1
2023/6/12,23:00,21
2023/6/13,0:00,20.8
2023/6/13,1:00,20.3
2023/6/13,2:00,20.2
2023/6/13,3:00,20.4
2023/6/13,4:00,20.4
2023/6/13,5:00,20.6
2023/6/13,6:00,21.1
2023/6/13,7:00,22
2023/6/13,8:00,22.9
2023/6/13,9:00,25.8
2023/6/13,10:00,26.3
2023/6/13,11:00,26.7
2023/6/13,12:00,27.8
2023/6/13,13:00,27.6
2023/6/13,14:00,26
2023/6/13,15:00,25.5
2023/6/13,16:00,26
2023/6/13,17:00,23.8
2023/6/13,18:00,23.2
2023/6/13,19:00,22.7
2023/6/13,20:00,22.4
2023/6/13,21:00,22.4
2023/6/13,22:00,22.4
2023/6/13,23:00,22.7
2023/6/14,0:00,22.7
2023/6/14,1:00,22.8
2023/6/14,2:00,22.8
2023/6/14,3:00,22.4
2023/6/14,4:00,22.3
2023/6/14,5:00,22.4
2023/6/14,6:00,22.5
2023/6/14,7:00,23.2
2023/6/14,8:00,23.8
2023/6/14,9:00,23.9
2023/6/14,10:00,25
2023/6/14,11:00,25.1
2023/6/14,12:00,25.3
2023/6/14,13:00,23.8
2023/6/14,14:00,24.3
2023/6/14,15:00,24.5
2023/6/14,16:00,24.2
2023/6/14,17:00,22
2023/6/14,18:00,22
2023/6/14,19:00,21.7
2023/6/14,20:00,21.4
2023/6/14,21:00,21.3
2023/6/14,22:00,21.5
2023/6/14,23:00,21.2
2023/6/15,0:00,20.9
2023/6/15,1:00,21
2023/6/15,2:00,20.9
2023/6/15,3:00,20.9
2023/6/15,4:00,20.9
2023/6/15,5:00,21.2
2023/6/15,6:00,21.4
2023/6/15,7:00,22.2
2023/6/15,8:00,22.6
2023/6/15,9:00,24.6
2023/6/15,10:00,23.2
2023/6/15,11:00,23.5
2023/6/15,12:00,24
2023/6/15,13:00,23.6
2023/6/15,14:00,23.8
2023/6/15,15:00,23.4
2023/6/15,16:00,23.6
2023/6/15,17:00,23
2023/6/15,18:00,21.2
2023/6/15,19:00,21.1
2023/6/15,20:00,20.6
2023/6/15,21:00,20.7
2023/6/15,22:00,20.5
2023/6/15,23:00,20.6
2023/6/16,0:00,20.6
2023/6/16,1:00,20.5
2023/6/16,2:00,20.5
2023/6/16,3:00,20.5
2023/6/16,4:00,20.3
2023/6/16,5:00,20.4
2023/6/16,6:00,22.9
2023/6/16,7:00,24
2023/6/16,8:00,25.3
2023/6/16,9:00,25
2023/6/16,10:00,24.9
2023/6/16,11:00,25.5
2023/6/16,12:00,26
2023/6/16,13:00,25.6
2023/6/16,14:00,25.7
2023/6/16,15:00,25
2023/6/16,16:00,24.1
2023/6/16,17:00,22.7
2023/6/16,18:00,20.8
2023/6/16,19:00,18.9
2023/6/16,20:00,18.2
2023/6/16,21:00,18
2023/6/16,22:00,17.4
2023/6/16,23:00,17.1
2023/6/17,0:00,16.8
2023/6/17,1:00,16.6
2023/6/17,2:00,16.9
2023/6/17,3:00,16.5
2023/6/17,4:00,16.8
2023/6/17,5:00,17.3
2023/6/17,6:00,19.4
2023/6/17,7:00,22.1
2023/6/17,8:00,23
2023/6/17,9:00,23.7
2023/6/17,10:00,24.6
2023/6/17,11:00,24.7
2023/6/17,12:00,25.6
2023/6/17,13:00,26.8
2023/6/17,14:00,26
2023/6/17,15:00,26.3
2023/6/17,16:00,26.2
2023/6/17,17:00,25.2
2023/6/17,18:00,23.5
2023/6/17,19:00,21.3
2023/6/17,20:00,21.7
2023/6/17,21:00,21.9
2023/6/17,22:00,21.9
2023/6/17,23:00,21.6
2023/6/18,0:00,21.4
2023/6/18,1:00,21
2023/6/18,2:00,20.6
2023/6/18,3:00,20.1
2023/6/18,4:00,20.2
2023/6/18,5:00,19.9
2023/6/18,6:00,22.6
2023/6/18,7:00,24.2
2023/6/18,8:00,25.1
2023/6/18,9:00,26.2
2023/6/18,10:00,27.7
2023/6/18,11:00,27.7
2023/6/18,12:00,27.3
2023/6/18,13:00,28.7
2023/6/18,14:00,28.3
2023/6/18,15:00,27.8
2023/6/18,16:00,28.1
2023/6/18,17:00,25
2023/6/18,18:00,24.2
2023/6/18,19:00,23.1
2023/6/18,20:00,23
2023/6/18,21:00,23.2
2023/6/18,22:00,23.1
2023/6/18,23:00,22.7
2023/6/19,0:00,22.4
2023/6/19,1:00,21.9
2023/6/19,2:00,20.9
2023/6/19,3:00,20.5
2023/6/19,4:00,20.2
2023/6/19,5:00,20.2
2023/6/19,6:00,20.4
2023/6/19,7:00,20.7
2023/6/19,8:00,20.9
2023/6/19,9:00,21.5
2023/6/19,10:00,24.9
2023/6/19,11:00,22.4
2023/6/19,12:00,24
2023/6/19,13:00,24.2
2023/6/19,14:00,24.8
2023/6/19,15:00,24.5
2023/6/19,16:00,24.3
2023/6/19,17:00,22.9
2023/6/19,18:00,20.5
2023/6/19,19:00,18.5
2023/6/19,20:00,17.6
2023/6/19,21:00,17.9
2023/6/19,22:00,18.1
2023/6/19,23:00,17.9
2023/6/20,0:00,18.2
2023/6/20,1:00,18.4
2023/6/20,2:00,18.5
2023/6/20,3:00,18.7
2023/6/20,4:00,18.5
2023/6/20,5:00,18.5
2023/6/20,6:00,18.8
2023/6/20,7:00,19.7
2023/6/20,8:00,20.8
2023/6/20,9:00,22
2023/6/20,10:00,22.7
2023/6/20,11:00,21.7
2023/6/20,12:00,21.9
2023/6/20,13:00,21.3
2023/6/20,14:00,24.4
2023/6/20,15:00,23.9
2023/6/20,16:00,21.7
2023/6/20,17:00,23
2023/6/20,18:00,21.6
2023/6/20,19:00,19.6
2023/6/20,20:00,19.5
2023/6/20,21:00,19.3
2023/6/20,22:00,19.2
2023/6/20,23:00,19
2023/6/21,0:00,18.7
2023/6/21,1:00,18.7
2023/6/21,2:00,18.7
2023/6/21,3:00,19
2023/6/21,4:00,18.2
2023/6/21,5:00,18.5
2023/6/21,6:00,19.1
2023/6/21,7:00,22.3
2023/6/21,8:00,22.8
2023/6/21,9:00,23.8
2023/6/21,10:00,23.9
2023/6/21,11:00,23.1
2023/6/21,12:00,23.1
2023/6/21,13:00,21.9
2023/6/21,14:00,22.1
2023/6/21,15:00,21.8
2023/6/21,16:00,21.4
2023/6/21,17:00,22
2023/6/21,18:00,19.5
2023/6/21,19:00,19.5
2023/6/21,20:00,19.4
2023/6/21,21:00,19.3
2023/6/21,22:00,19.4
2023/6/21,23:00,19.1
2023/6/22,0:00,19.3
2023/6/22,1:00,19.2
2023/6/22,2:00,18.8
2023/6/22,3:00,18.3
2023/6/22,4:00,18.5
2023/6/22,5:00,18.9
2023/6/22,6:00,19.5
2023/6/22,7:00,20.2
2023/6/22,8:00,20.2
2023/6/22,9:00,21.1
2023/6/22,10:00,19.5
2023/6/22,11:00,18.3
2023/6/22,12:00,19.1
2023/6/22,13:00,18.4
2023/6/22,14:00,18.7
2023/6/22,15:00,19.3
2023/6/22,16:00,18.9
2023/6/22,17:00,18.1
2023/6/22,18:00,17.9
2023/6/22,19:00,16.6
2023/6/22,20:00,16.1
2023/6/22,21:00,16.4
2023/6/22,22:00,16.3
2023/6/22,23:00,16.7
2023/6/23,0:00,16.6
2023/6/23,1:00,16.7
2023/6/23,2:00,16.7
2023/6/23,3:00,16.8
2023/6/23,4:00,16.9
2023/6/23,5:00,17.2
2023/6/23,6:00,17.9
2023/6/23,7:00,18.2
2023/6/23,8:00,19
2023/6/23,9:00,20
2023/6/23,10:00,20.7
2023/6/23,11:00,21
2023/6/23,12:00,21.5
2023/6/23,13:00,22.1
2023/6/23,14:00,22.9
2023/6/23,15:00,22.2
2023/6/23,16:00,22.3
2023/6/23,17:00,22.1
2023/6/23,18:00,21.8
2023/6/23,19:00,21.2
2023/6/23,20:00,21.3
2023/6/23,21:00,21.4
2023/6/23,22:00,21.4
2023/6/23,23:00,21.3
2023/6/24,0:00,20.8
2023/6/24,1:00,21
2023/6/24,2:00,21.1
2023/6/24,3:00,20.8
2023/6/24,4:00,20.6
2023/6/24,5:00,20.2
2023/6/24,6:00,20.9
2023/6/24,7:00,23.8
2023/6/24,8:00,24.7
2023/6/24,9:00,25
2023/6/24,10:00,26.3
2023/6/24,11:00,26.8
2023/6/24,12:00,24.9
2023/6/24,13:00,25.5
2023/6/24,14:00,24.8
2023/6/24,15:00,26.9
2023/6/24,16:00,24.5
2023/6/24,17:00,23.1
2023/6/24,18:00,22.9
2023/6/24,19:00,21.6
2023/6/24,20:00,22
2023/6/24,21:00,22.1
2023/6/24,22:00,22
2023/6/24,23:00,21.4
2023/6/25,0:00,21.6
2023/6/25,1:00,21.5
2023/6/25,2:00,21.2
2023/6/25,3:00,21.6
2023/6/25,4:00,21.7
2023/6/25,5:00,21.5
2023/6/25,6:00,23.4
2023/6/25,7:00,24.9
2023/6/25,8:00,25.8
2023/6/25,9:00,26.2
2023/6/25,10:00,25.8
2023/6/25,11:00,26.6
2023/6/25,12:00,27.5
2023/6/25,13:00,26.1
2023/6/25,14:00,27.8
2023/6/25,15:00,27
2023/6/25,16:00,26.8
2023/6/25,17:00,26.6
2023/6/25,18:00,24.1
2023/6/25,19:00,23.3
2023/6/25,20:00,23.2
2023/6/25,21:00,22.8
2023/6/25,22:00,22.6
2023/6/25,23:00,22.6
2023/6/26,0:00,22.2
2023/6/26,1:00,22.3
2023/6/26,2:00,22.8
2023/6/26,3:00,22.5
2023/6/26,4:00,22.7
2023/6/26,5:00,23
2023/6/26,6:00,23.7
2023/6/26,7:00,24
2023/6/26,8:00,24.3
2023/6/26,9:00,24.7
2023/6/26,10:00,25.5
2023/6/26,11:00,25.8
2023/6/26,12:00,27.7
2023/6/26,13:00,27.8
2023/6/26,14:00,26
2023/6/26,15:00,28.3
2023/6/26,16:00,25
2023/6/26,17:00,24.7
2023/6/26,18:00,23.8
2023/6/26,19:00,23
2023/6/26,20:00,22.9
2023/6/26,21:00,23
2023/6/26,22:00,22.9
2023/6/26,23:00,23
2023/6/27,0:00,23.3
2023/6/27,1:00,23.1
2023/6/27,2:00,23
2023/6/27,3:00,22.9
2023/6/27,4:00,22.8
2023/6/27,5:00,23.1
2023/6/27,6:00,23.7
2023/6/27,7:00,24.1
2023/6/27,8:00,24.9
2023/6/27,9:00,25.1
2023/6/27,10:00,25.3
2023/6/27,11:00,25.7
2023/6/27,12:00,26.4
2023/6/27,13:00,26.5
2023/6/27,14:00,26.6
2023/6/27,15:00,26.2
2023/6/27,16:00,26
2023/6/27,17:00,25.7
2023/6/27,18:00,25.1
2023/6/27,19:00,23.9
2023/6/27,20:00,24
2023/6/27,21:00,24
2023/6/27,22:00,24.1
2023/6/27,23:00,23.8
2023/6/28,0:00,23.7
2023/6/28,1:00,23.5
2023/6/28,2:00,23.2
2023/6/28,3:00,23.2
2023/6/28,4:00,23.4
2023/6/28,5:00,23.7
2023/6/28,6:00,24.8
2023/6/28,7:00,27.1
2023/6/28,8:00,27.9
2023/6/28,9:00,26.7
2023/6/28,10:00,29.6
2023/6/28,11:00,27.7
2023/6/28,12:00,29.8
2023/6/28,13:00,30.1
2023/6/28,14:00,28.8
2023/6/28,15:00,28.5
2023/6/28,16:00,29.7
2023/6/28,17:00,27.5
2023/6/28,18:00,26.6
2023/6/28,19:00,25.3
2023/6/28,20:00,23.6
2023/6/28,21:00,23.2
2023/6/28,22:00,23.1
2023/6/28,23:00,23
2023/6/29,0:00,23.2
2023/6/29,1:00,22.7
2023/6/29,2:00,22.6
2023/6/29,3:00,22.5
2023/6/29,4:00,22.7
2023/6/29,5:00,22.9
2023/6/29,6:00,23.7
2023/6/29,7:00,25.7
2023/6/29,8:00,26.6
2023/6/29,9:00,28.3
2023/6/29,10:00,28.6
2023/6/29,11:00,29
2023/6/29,12:00,28.9
2023/6/29,13:00,29.6
2023/6/29,14:00,30
2023/6/29,15:00,30.3
2023/6/29,16:00,29.9
2023/6/29,17:00,27.5
2023/6/29,18:00,26.3
2023/6/29,19:00,25.4
2023/6/29,20:00,25.2
2023/6/29,21:00,25.4
2023/6/29,22:00,25
2023/6/29,23:00,25.2
2023/6/30,0:00,24.7
2023/6/30,1:00,24.3
2023/6/30,2:00,24.1
2023/6/30,3:00,23.8
2023/6/30,4:00,23.7
2023/6/30,5:00,24.1
2023/6/30,6:00,24.5
2023/6/30,7:00,25.3
2023/6/30,8:00,26.8
2023/6/30,9:00,27.2
2023/6/30,10:00,27.4
2023/6/30,11:00,27.6
2023/6/30,12:00,27.3
2023/6/30,13:00,28.6
2023/6/30,14:00,31.5
2023/6/30,15:00,28.5
2023/6/30,16:00,27.7
2023/6/30,17:00,26.9
2023/6/30,18:00,26.3
2023/6/30,19:00,25.5
2023/6/30,20:00,25.2
2023/6/30,21:00,25.3
2023/6/30,22:00,25.2
2023/6/30,23:00,25.3
2023/7/1,0:00,25.1
2023/7/1,1:00,25.1
2023/7/1,2:00,24.8
2023/7/1,3:00,24.8
2023/7/1,4:00,24.3
2023/7/1,5:00,24.8
2023/7/1,6:00,25.5
2023/7/1,7:00,25.7
2023/7/1,8:00,28.6
2023/7/1,9:00,27
2023/7/1,10:00,27.3
2023/7/1,11:00,26.5
2023/7/1,12:00,27
2023/7/1,13:00,26.7
2023/7/1,14:00,27.2
2023/7/1,15:00,26.7
2023/7/1,16:00,27.2
2023/7/1,17:00,27
2023/7/1,18:00,26.8
2023/7/1,19:00,26
2023/7/1,20:00,25.9
2023/7/1,21:00,25.9
2023/7/1,22:00,25.7
2023/7/1,23:00,21.5
2023/7/2,0:00,21
2023/7/2,1:00,21.4
2023/7/2,2:00,21.3
2023/7/2,3:00,21.2
2023/7/2,4:00,21.3
2023/7/2,5:00,21.5
2023/7/2,6:00,22.5
2023/7/2,7:00,24.4
2023/7/2,8:00,26.6
2023/7/2,9:00,27.4
2023/7/2,10:00,27.7
2023/7/2,11:00,27.7
2023/7/2,12:00,28.6
2023/7/2,13:00,28.8
2023/7/2,14:00,28.7
2023/7/2,15:00,29.7
2023/7/2,16:00,28.8
2023/7/2,17:00,26.4
2023/7/2,18:00,24.5
2023/7/2,19:00,22.8
2023/7/2,20:00,22.6
2023/7/2,21:00,22.8
2023/7/2,22:00,23.2
2023/7/2,23:00,23.8
2023/7/3,0:00,23.4
2023/7/3,1:00,23.3
2023/7/3,2:00,23.6
2023/7/3,3:00,23.6
2023/7/3,4:00,23.1
2023/7/3,5:00,22.8
2023/7/3,6:00,24.6
2023/7/3,7:00,25.9
2023/7/3,8:00,27.8
2023/7/3,9:00,28
2023/7/3,10:00,26.4
2023/7/3,11:00,29.2
2023/7/3,12:00,29.1
2023/7/3,13:00,29.4
2023/7/3,14:00,31
2023/7/3,15:00,30.7
2023/7/3,16:00,27.9
2023/7/3,17:00,27.4
2023/7/3,18:00,26.3
2023/7/3,19:00,25.9
2023/7/3,20:00,25.5
2023/7/3,21:00,25.6
2023/7/3,22:00,25.4
2023/7/3,23:00,25.2
2023/7/4,0:00,25.2
2023/7/4,1:00,24.2
2023/7/4,2:00,23.8
2023/7/4,3:00,22.5
2023/7/4,4:00,21.7
2023/7/4,5:00,22
2023/7/4,6:00,22.9
2023/7/4,7:00,25.4
2023/7/4,8:00,26.9
2023/7/4,9:00,27
2023/7/4,10:00,26.2
2023/7/4,11:00,27.8
2023/7/4,12:00,27
2023/7/4,13:00,27.6
2023/7/4,14:00,27.3
2023/7/4,15:00,27.5
2023/7/4,16:00,26.5
2023/7/4,17:00,23.3
2023/7/4,18:00,23.6
2023/7/4,19:00,22.5
2023/7/4,20:00,22.2
2023/7/4,21:00,22.3
2023/7/4,22:00,22.4
2023/7/4,23:00,22.1
2023/7/5,0:00,22.1
2023/7/5,1:00,22
2023/7/5,2:00,22.3
2023/7/5,3:00,22.5
2023/7/5,4:00,22.3
2023/7/5,5:00,22.5
2023/7/5,6:00,23.6
2023/7/5,7:00,23.7
2023/7/5,8:00,24.2
2023/7/5,9:00,24.9
2023/7/5,10:00,25.8
2023/7/5,11:00,25.7
2023/7/5,12:00,26.1
2023/7/5,13:00,25.6
2023/7/5,14:00,25.2
2023/7/5,15:00,24.4
2023/7/5,16:00,24.2
2023/7/5,17:00,24
2023/7/5,18:00,23.2
2023/7/5,19:00,22.5
2023/7/5,20:00,23.4
2023/7/5,21:00,23.7
2023/7/5,22:00,23.6
2023/7/5,23:00,23.8
2023/7/6,0:00,24.1
2023/7/6,1:00,24.2
2023/7/6,2:00,23.8
2023/7/6,3:00,23.6
2023/7/6,4:00,22.3
2023/7/6,5:00,23
2023/7/6,6:00,23.2
2023/7/6,7:00,23.5
2023/7/6,8:00,24.3
2023/7/6,9:00,26.8
2023/7/6,10:00,28.1
2023/7/6,11:00,28.5
2023/7/6,12:00,29
2023/7/6,13:00,28.9
2023/7/6,14:00,30.5
2023/7/6,15:00,29.9
2023/7/6,16:00,27.3
2023/7/6,17:00,27.2
2023/7/6,18:00,26.5
2023/7/6,19:00,25.7
2023/7/6,20:00,25.1
2023/7/6,21:00,25.1
2023/7/6,22:00,24.9
2023/7/6,23:00,24.8
2023/7/7,0:00,24.6
2023/7/7,1:00,24.3
2023/7/7,2:00,24
2023/7/7,3:00,23.9
2023/7/7,4:00,23.6
2023/7/7,5:00,23.6
2023/7/7,6:00,25
2023/7/7,7:00,25.7
2023/7/7,8:00,27.1
2023/7/7,9:00,28.1
2023/7/7,10:00,28.7
2023/7/7,11:00,29.7
2023/7/7,12:00,31.1
2023/7/7,13:00,30.1
2023/7/7,14:00,28.5
2023/7/7,15:00,28.7
2023/7/7,16:00,28.1
2023/7/7,17:00,27.2
2023/7/7,18:00,24.3
2023/7/7,19:00,24.3
2023/7/7,20:00,25.3
2023/7/7,21:00,24.1
2023/7/7,22:00,23.3
2023/7/7,23:00,23
2023/7/8,0:00,23.3
2023/7/8,1:00,23.5
2023/7/8,2:00,23.6
2023/7/8,3:00,23.9
2023/7/8,4:00,24.1
2023/7/8,5:00,24.2
2023/7/8,6:00,24.9
2023/7/8,7:00,25.9
2023/7/8,8:00,25
2023/7/8,9:00,25.5
2023/7/8,10:00,26.4
2023/7/8,11:00,26.6
2023/7/8,12:00,26.5
2023/7/8,13:00,27.1
2023/7/8,14:00,26.4
2023/7/8,15:00,26.5
2023/7/8,16:00,26.5
2023/7/8,17:00,25
2023/7/8,18:00,24.6
2023/7/8,19:00,24.4
2023/7/8,20:00,24.4
2023/7/8,21:00,23.9
2023/7/8,22:00,24.2
2023/7/8,23:00,23.9
2023/7/9,0:00,23.5
2023/7/9,1:00,23.6
2023/7/9,2:00,23.3
2023/7/9,3:00,23.6
2023/7/9,4:00,23.5
2023/7/9,5:00,23.8
2023/7/9,6:00,24.6
2023/7/9,7:00,25.1
2023/7/9,8:00,28.2
2023/7/9,9:00,30.2
2023/7/9,10:00,28.1
2023/7/9,11:00,29.1
2023/7/9,12:00,29
2023/7/9,13:00,28.9
2023/7/9,14:00,29.5
2023/7/9,15:00,28.9
2023/7/9,16:00,29.2
2023/7/9,17:00,28.3
2023/7/9,18:00,27.9
2023/7/9,19:00,27.2
2023/7/9,20:00,27
2023/7/9,21:00,26.5
2023/7/9,22:00,26.2
2023/7/9,23:00,26.1
2023/7/10,0:00,26.1
2023/7/10,1:00,26.3
2023/7/10,2:00,25.6
2023/7/10,3:00,25.3
2023/7/10,4:00,24.8
2023/7/10,5:00,24.8
2023/7/10,6:00,27.2
2023/7/10,7:00,28.6
2023/7/10,8:00,29.9
2023/7/10,9:00,31
2023/7/10,10:00,32.1
2023/7/10,11:00,32.8
2023/7/10,12:00,32.8
2023/7/10,13:00,32.8
2023/7/10,14:00,32.3
2023/7/10,15:00,30.6
2023/7/10,16:00,32
2023/7/10,17:00,31.5
2023/7/10,18:00,29.5
2023/7/10,19:00,27.9
2023/7/10,20:00,25.8
2023/7/10,21:00,25.2
2023/7/10,22:00,25.2
2023/7/10,23:00,24.8
2023/7/11,0:00,24.7
2023/7/11,1:00,24.3
2023/7/11,2:00,24.3
2023/7/11,3:00,24.3
2023/7/11,4:00,24.1
2023/7/11,5:00,24.2
2023/7/11,6:00,26.7
2023/7/11,7:00,28.6
2023/7/11,8:00,29.5
2023/7/11,9:00,29.9
2023/7/11,10:00,31.3
2023/7/11,11:00,31.5
2023/7/11,12:00,30.4
2023/7/11,13:00,30.6
2023/7/11,14:00,31.5
2023/7/11,15:00,31.5
2023/7/11,16:00,31
2023/7/11,17:00,30.6
2023/7/11,18:00,29.2
2023/7/11,19:00,27.2
2023/7/11,20:00,26.4
2023/7/11,21:00,25.9
2023/7/11,22:00,25.8
2023/7/11,23:00,25.4
2023/7/12,0:00,24.8
2023/7/12,1:00,24.8
2023/7/12,2:00,24.7
2023/7/12,3:00,24.4
2023/7/12,4:00,24.5
2023/7/12,5:00,24.4
2023/7/12,6:00,27.1
2023/7/12,7:00,28.3
2023/7/12,8:00,29.8
2023/7/12,9:00,30.5
2023/7/12,10:00,31.2
2023/7/12,11:00,30.7
2023/7/12,12:00,31.6
2023/7/12,13:00,31.7
2023/7/12,14:00,31.7
2023/7/12,15:00,29.7
2023/7/12,16:00,30.2
2023/7/12,17:00,27.4
2023/7/12,18:00,26.6
2023/7/12,19:00,25
2023/7/12,20:00,24.8
2023/7/12,21:00,25.1
2023/7/12,22:00,24.9
2023/7/12,23:00,25.1
2023/7/13,0:00,25
2023/7/13,1:00,25.2
2023/7/13,2:00,25.3
2023/7/13,3:00,23.1
2023/7/13,4:00,22.2
2023/7/13,5:00,22.3
2023/7/13,6:00,23
2023/7/13,7:00,23.9
2023/7/13,8:00,24.5
2023/7/13,9:00,25
2023/7/13,10:00,25.6
2023/7/13,11:00,27.1
2023/7/13,12:00,27
2023/7/13,13:00,26.4
2023/7/13,14:00,26.7
2023/7/13,15:00,26.7
2023/7/13,16:00,26.3
2023/7/13,17:00,26.1
2023/7/13,18:00,25.4
2023/7/13,19:00,25
2023/7/13,20:00,24.9
2023/7/13,21:00,24.4
2023/7/13,22:00,25.1
2023/7/13,23:00,24.4
2023/7/14,0:00,24.3
2023/7/14,1:00,24.3
2023/7/14,2:00,23.8
2023/7/14,3:00,23.3
2023/7/14,4:00,23.7
2023/7/14,5:00,23.5
2023/7/14,6:00,23.8
2023/7/14,7:00,24.3
2023/7/14,8:00,24.7
2023/7/14,9:00,25.2
2023/7/14,10:00,25.8
2023/7/14,11:00,26.2
2023/7/14,12:00,26.7
2023/7/14,13:00,26.5
2023/7/14,14:00,28.6
2023/7/14,15:00,28.9
2023/7/14,16:00,26.9
2023/7/14,17:00,27.9
2023/7/14,18:00,26.4
2023/7/14,19:00,25.8
2023/7/14,20:00,26
2023/7/14,21:00,26.3
2023/7/14,22:00,26.1
2023/7/14,23:00,25.9
2023/7/15,0:00,25.3
2023/7/15,1:00,25
2023/7/15,2:00,24.9
2023/7/15,3:00,24.8
2023/7/15,4:00,24.8
2023/7/15,5:00,24.9
2023/7/15,6:00,25.4
2023/7/15,7:00,25.9
2023/7/15,8:00,26.8
2023/7/15,9:00,27.1
2023/7/15,10:00,27.9
2023/7/15,11:00,28.2
2023/7/15,12:00,28.7
2023/7/15,13:00,28.9
2023/7/15,14:00,30.4
2023/7/15,15:00,30.4
2023/7/15,16:00,27.7
2023/7/15,17:00,27.2
2023/7/15,18:00,27.1
2023/7/15,19:00,26.3
2023/7/15,20:00,26.2
2023/7/15,21:00,26.2
2023/7/15,22:00,26.2
2023/7/15,23:00,25.8
2023/7/16,0:00,25.5
2023/7/16,1:00,25.4
2023/7/16,2:00,25.3
2023/7/16,3:00,25
2023/7/16,4:00,25
2023/7/16,5:00,25.1
2023/7/16,6:00,27.4
2023/7/16,7:00,28.6
2023/7/16,8:00,29.7
2023/7/16,9:00,30.5
2023/7/16,10:00,31.1
2023/7/16,11:00,31.4
2023/7/16,12:00,31.8
2023/7/16,13:00,32.2
2023/7/16,14:00,32.3
2023/7/16,15:00,33.1
2023/7/16,16:00,31.6
2023/7/16,17:00,31.1
2023/7/16,18:00,29.1
2023/7/16,19:00,28
2023/7/16,20:00,28.1
2023/7/16,21:00,27.7
2023/7/16,22:00,27.2
2023/7/16,23:00,27
2023/7/17,0:00,26.2
2023/7/17,1:00,25.9
2023/7/17,2:00,26.3
2023/7/17,3:00,25.8
2023/7/17,4:00,25.8
2023/7/17,5:00,25.8
2023/7/17,6:00,28.5
2023/7/17,7:00,29.6
2023/7/17,8:00,30.7
2023/7/17,9:00,31.4
2023/7/17,10:00,32.7
2023/7/17,11:00,30.1
2023/7/17,12:00,31.8
2023/7/17,13:00,31.9
2023/7/17,14:00,31.6
2023/7/17,15:00,31.3
2023/7/17,16:00,29.9
2023/7/17,17:00,29.7
2023/7/17,18:00,28
2023/7/17,19:00,26.5
2023/7/17,20:00,26.2
2023/7/17,21:00,25.7
2023/7/17,22:00,25.5
2023/7/17,23:00,25.4
2023/7/18,0:00,25.1
2023/7/18,1:00,24.7
2023/7/18,2:00,24.9
2023/7/18,3:00,24.9
2023/7/18,4:00,24.9
2023/7/18,5:00,25.1
2023/7/18,6:00,27.4
2023/7/18,7:00,28.6
2023/7/18,8:00,29.9
2023/7/18,9:00,30.4
2023/7/18,10:00,31.5
2023/7/18,11:00,30.9
2023/7/18,12:00,31.2
2023/7/18,13:00,31.3
2023/7/18,14:00,31.7
2023/7/18,15:00,31.7
2023/7/18,16:00,30.8
2023/7/18,17:00,28.5
2023/7/18,18:00,27.5
2023/7/18,19:00,27.1
2023/7/18,20:00,25.9
2023/7/18,21:00,25.8
2023/7/18,22:00,25.2
2023/7/18,23:00,25
2023/7/19,0:00,26.4
2023/7/19,1:00,25.9
2023/7/19,2:00,25.8
2023/7/19,3:00,25.5
2023/7/19,4:00,25.3
2023/7/19,5:00,25.4
2023/7/19,6:00,26.2
2023/7/19,7:00,26.9
2023/7/19,8:00,29.6
2023/7/19,9:00,30.2
2023/7/19,10:00,30.5
2023/7/19,11:00,29.2
2023/7/19,12:00,29.6
2023/7/19,13:00,29.6
2023/7/19,14:00,29.4
2023/7/19,15:00,29
2023/7/19,16:00,28
2023/7/19,17:00,30.1
2023/7/19,18:00,27.6
2023/7/19,19:00,26.8
2023/7/19,20:00,26.5
2023/7/19,21:00,26
2023/7/19,22:00,26.2
2023/7/19,23:00,25.9
2023/7/20,0:00,25.9
2023/7/20,1:00,25.6
2023/7/20,2:00,25.4
2023/7/20,3:00,25.2
2023/7/20,4:00,25.2
2023/7/20,5:00,25
2023/7/20,6:00,25.1
2023/7/20,7:00,27.3
2023/7/20,8:00,28
2023/7/20,9:00,28.8
2023/7/20,10:00,28.5
2023/7/20,11:00,27.4
2023/7/20,12:00,27.1
2023/7/20,13:00,28.8
2023/7/20,14:00,26.2
2023/7/20,15:00,25.5
2023/7/20,16:00,25.4
2023/7/20,17:00,24.9
2023/7/20,18:00,23.8
2023/7/20,19:00,23.6
2023/7/20,20:00,24
2023/7/20,21:00,23.7
2023/7/20,22:00,23.7
2023/7/20,23:00,23.6
2023/7/21,0:00,23.5
2023/7/21,1:00,23.2
2023/7/21,2:00,23.3
2023/7/21,3:00,23.2
2023/7/21,4:00,23.3
2023/7/21,5:00,23.3
2023/7/21,6:00,24.6
2023/7/21,7:00,25.9
2023/7/21,8:00,24.7
2023/7/21,9:00,25.6
2023/7/21,10:00,25.7
2023/7/21,11:00,26.4
2023/7/21,12:00,26.5
2023/7/21,13:00,28.3
2023/7/21,14:00,28.2
2023/7/21,15:00,28.6
2023/7/21,16:00,27.7
2023/7/21,17:00,27.1
2023/7/21,18:00,25.6
2023/7/21,19:00,23.9
2023/7/21,20:00,23.2
2023/7/21,21:00,22.8
2023/7/21,22:00,23
2023/7/21,23:00,22.9
2023/7/22,0:00,23.1
2023/7/22,1:00,23
2023/7/22,2:00,23.2
2023/7/22,3:00,23
2023/7/22,4:00,23.1
2023/7/22,5:00,23.1
2023/7/22,6:00,23.5
2023/7/22,7:00,25.7
2023/7/22,8:00,24.6
2023/7/22,9:00,25.1
2023/7/22,10:00,25.3
2023/7/22,11:00,26
2023/7/22,12:00,28.1
2023/7/22,13:00,27.6
2023/7/22,14:00,28.4
2023/7/22,15:00,26.4
2023/7/22,16:00,28.2
2023/7/22,17:00,27.6
2023/7/22,18:00,25.6
2023/7/22,19:00,23.5
2023/7/22,20:00,23.6
2023/7/22,21:00,23.4
2023/7/22,22:00,23
2023/7/22,23:00,22.9
2023/7/23,0:00,22.6
2023/7/23,1:00,22.7
2023/7/23,2:00,22.8
2023/7/23,3:00,22.7
2023/7/23,4:00,22.4
2023/7/23,5:00,22.7
2023/7/23,6:00,24.8
2023/7/23,7:00,26.2
2023/7/23,8:00,27.2
2023/7/23,9:00,28.7
2023/7/23,10:00,28
2023/7/23,11:00,29
2023/7/23,12:00,28.3
2023/7/23,13:00,29.1
2023/7/23,14:00,28.7
2023/7/23,15:00,28.8
2023/7/23,16:00,27
2023/7/23,17:00,26.6
2023/7/23,18:00,25.9
2023/7/23,19:00,24.5
2023/7/23,20:00,23.8
2023/7/23,21:00,23.5
2023/7/23,22:00,22.7
2023/7/23,23:00,22.7
2023/7/24,0:00,23.1
2023/7/24,1:00,23.5
2023/7/24,2:00,23.3
2023/7/24,3:00,23.6
2023/7/24,4:00,23.2
2023/7/24,5:00,22.6
2023/7/24,6:00,25
2023/7/24,7:00,26.1
2023/7/24,8:00,27
2023/7/24,9:00,27.9
2023/7/24,10:00,28.4
2023/7/24,11:00,28.5
2023/7/24,12:00,29.4
2023/7/24,13:00,30
2023/7/24,14:00,28.2
2023/7/24,15:00,28.5
2023/7/24,16:00,28.4
2023/7/24,17:00,28.3
2023/7/24,18:00,26.5
2023/7/24,19:00,25.3
2023/7/24,20:00,25.3
2023/7/24,21:00,25.3
2023/7/24,22:00,25.3
2023/7/24,23:00,25.3
2023/7/25,0:00,24.9
2023/7/25,1:00,24.2
2023/7/25,2:00,24
2023/7/25,3:00,23.8
2023/7/25,4:00,23.3
2023/7/25,5:00,23.4
2023/7/25,6:00,25.6
2023/7/25,7:00,27.1
2023/7/25,8:00,28.2
2023/7/25,9:00,29.2
2023/7/25,10:00,29.4
2023/7/25,11:00,29.1
2023/7/25,12:00,29.2
2023/7/25,13:00,29.7
2023/7/25,14:00,29.9
2023/7/25,15:00,30
2023/7/25,16:00,29.5
2023/7/25,17:00,28.9
2023/7/25,18:00,27.3
2023/7/25,19:00,25.3
2023/7/25,20:00,24.8
2023/7/25,21:00,23.8
2023/7/25,22:00,23.3
2023/7/25,23:00,23.5
2023/7/26,0:00,23.9
2023/7/26,1:00,23.4
2023/7/26,2:00,23.1
2023/7/26,3:00,22.9
2023/7/26,4:00,22.8
2023/7/26,5:00,23.1
2023/7/26,6:00,25.9
2023/7/26,7:00,27.1
2023/7/26,8:00,28.1
2023/7/26,9:00,28.8
2023/7/26,10:00,29.2
2023/7/26,11:00,30
2023/7/26,12:00,30.3
2023/7/26,13:00,30.4
2023/7/26,14:00,31.3
2023/7/26,15:00,30.7
2023/7/26,16:00,30
2023/7/26,17:00,29.4
2023/7/26,18:00,26.6
2023/7/26,19:00,25.4
2023/7/26,20:00,23.6
2023/7/26,21:00,23.7
2023/7/26,22:00,24.2
2023/7/26,23:00,24.2
2023/7/27,0:00,23.9
2023/7/27,1:00,24.3
2023/7/27,2:00,25
2023/7/27,3:00,25.1
2023/7/27,4:00,24.3
2023/7/27,5:00,24.2
2023/7/27,6:00,26.3
2023/7/27,7:00,27.9
2023/7/27,8:00,28.5
2023/7/27,9:00,28.6
2023/7/27,10:00,29.9
2023/7/27,11:00,30.3
2023/7/27,12:00,31.2
2023/7/27,13:00,31.9
2023/7/27,14:00,32.3
2023/7/27,15:00,30.3
2023/7/27,16:00,30
2023/7/27,17:00,28.1
2023/7/27,18:00,25.1
2023/7/27,19:00,25.1
2023/7/27,20:00,25.5
2023/7/27,21:00,25.8
2023/7/27,22:00,26.4
2023/7/27,23:00,26.3
2023/7/28,0:00,26.2
2023/7/28,1:00,26.1
2023/7/28,2:00,26
2023/7/28,3:00,25.9
2023/7/28,4:00,25.8
2023/7/28,5:00,25.9
2023/7/28,6:00,27.8
2023/7/28,7:00,28.6
2023/7/28,8:00,29.9
2023/7/28,9:00,31.2
2023/7/28,10:00,31.3
2023/7/28,11:00,31.4
2023/7/28,12:00,32.3
2023/7/28,13:00,32.6
2023/7/28,14:00,31.6
2023/7/28,15:00,31.4
2023/7/28,16:00,29.7
2023/7/28,17:00,28.7
2023/7/28,18:00,25.8
2023/7/28,19:00,24.8
2023/7/28,20:00,25.2
2023/7/28,21:00,25.6
2023/7/28,22:00,25.6
2023/7/28,23:00,25.5
2023/7/29,0:00,25.8
2023/7/29,1:00,25.4
2023/7/29,2:00,25.1
2023/7/29,3:00,25
2023/7/29,4:00,24.8
2023/7/29,5:00,24.7
2023/7/29,6:00,27
2023/7/29,7:00,28.5
2023/7/29,8:00,29.2
2023/7/29,9:00,30.4
2023/7/29,10:00,30
2023/7/29,11:00,30.7
2023/7/29,12:00,31.2
2023/7/29,13:00,31.5
2023/7/29,14:00,30.1
2023/7/29,15:00,29.9
2023/7/29,16:00,30.1
2023/7/29,17:00,29
2023/7/29,18:00,27
2023/7/29,19:00,25.3
2023/7/29,20:00,25.7
2023/7/29,21:00,25.9
2023/7/29,22:00,25.4
2023/7/29,23:00,25.2
2023/7/30,0:00,24.7
2023/7/30,1:00,24.7
2023/7/30,2:00,24.3
2023/7/30,3:00,24
2023/7/30,4:00,24.4
2023/7/30,5:00,24.4
2023/7/30,6:00,26.7
2023/7/30,7:00,28.6
2023/7/30,8:00,29.3
2023/7/30,9:00,30.7
2023/7/30,10:00,31.1
2023/7/30,11:00,31.8
2023/7/30,12:00,31.8
2023/7/30,13:00,31.6
2023/7/30,14:00,31.1
2023/7/30,15:00,31
2023/7/30,16:00,30.6
2023/7/30,17:00,29.6
2023/7/30,18:00,28.3
2023/7/30,19:00,27
2023/7/30,20:00,27
2023/7/30,21:00,27
2023/7/30,22:00,26.6
2023/7/30,23:00,26.5
2023/7/31,0:00,26.3
2023/7/31,1:00,26.2
2023/7/31,2:00,26
2023/7/31,3:00,25.8
2023/7/31,4:00,26.3
2023/7/31,5:00,25.9
2023/7/31,6:00,28
2023/7/31,7:00,30.1
2023/7/31,8:00,30.6
2023/7/31,9:00,29.2
2023/7/31,10:00,31.8
2023/7/31,11:00,31.6
2023/7/31,12:00,31.6
2023/7/31,13:00,31.8
2023/7/31,14:00,31.8
2023/7/31,15:00,30.9
2023/7/31,16:00,29.7
2023/7/31,17:00,27.2
2023/7/31,18:00,26.8
2023/7/31,19:00,26.3
2023/7/31,20:00,26.3
2023/7/31,21:00,26.3
2023/7/31,22:00,26.5
2023/7/31,23:00,26.3
2023/8/1,0:00,25.7
2023/8/1,1:00,25.3
2023/8/1,2:00,25.3
2023/8/1,3:00,25.3
2023/8/1,4:00,25.5
2023/8/1,5:00,25.6
2023/8/1,6:00,26
2023/8/1,7:00,26.7
2023/8/1,8:00,27.8
2023/8/1,9:00,28.2
2023/8/1,10:00,28.9
2023/8/1,11:00,29.1
2023/8/1,12:00,25.5
2023/8/1,13:00,25.2
2023/8/1,14:00,25.1
2023/8/1,15:00,25.2
2023/8/1,16:00,24.8
2023/8/1,17:00,24.9
2023/8/1,18:00,24.7
2023/8/1,19:00,24
2023/8/1,20:00,24.1
2023/8/1,21:00,23.6
2023/8/1,22:00,23.3
2023/8/1,23:00,23.2
2023/8/2,0:00,23.3
2023/8/2,1:00,23.2
2023/8/2,2:00,23.4
2023/8/2,3:00,23.3
2023/8/2,4:00,23.1
2023/8/2,5:00,23
2023/8/2,6:00,23.5
2023/8/2,7:00,26.5
2023/8/2,8:00,27.8
2023/8/2,9:00,28.6
2023/8/2,10:00,28.7
2023/8/2,11:00,29.4
2023/8/2,12:00,30.3
2023/8/2,13:00,30.5
2023/8/2,14:00,31.1
2023/8/2,15:00,31.2
2023/8/2,16:00,30.2
2023/8/2,17:00,28.8
2023/8/2,18:00,26.5
2023/8/2,19:00,26.4
2023/8/2,20:00,26.5
2023/8/2,21:00,26.4
2023/8/2,22:00,26.2
2023/8/2,23:00,25.7
2023/8/3,0:00,24.2
2023/8/3,1:00,24
2023/8/3,2:00,24
2023/8/3,3:00,23.8
2023/8/3,4:00,23.8
2023/8/3,5:00,23.7
2023/8/3,6:00,25.7
2023/8/3,7:00,27.2
2023/8/3,8:00,28.7
2023/8/3,9:00,29.6
2023/8/3,10:00,30.1
2023/8/3,11:00,30.6
2023/8/3,12:00,30.6
2023/8/3,13:00,31
2023/8/3,14:00,31.2
2023/8/3,15:00,30.8
2023/8/3,16:00,30.1
2023/8/3,17:00,29.4
2023/8/3,18:00,27.1
2023/8/3,19:00,26.5
2023/8/3,20:00,25.9
2023/8/3,21:00,25.9
2023/8/3,22:00,25.9
2023/8/3,23:00,26
2023/8/4,0:00,25.4
2023/8/4,1:00,25.7
2023/8/4,2:00,25.5
2023/8/4,3:00,25.5
2023/8/4,4:00,25.5
2023/8/4,5:00,25.5
2023/8/4,6:00,27.9
2023/8/4,7:00,29.6
2023/8/4,8:00,30.1
2023/8/4,9:00,31
2023/8/4,10:00,30.5
2023/8/4,11:00,30.8
2023/8/4,12:00,31.6
2023/8/4,13:00,32.2
2023/8/4,14:00,31.7
2023/8/4,15:00,31.1
2023/8/4,16:00,31
2023/8/4,17:00,30.1
2023/8/4,18:00,28
2023/8/4,19:00,27.6
2023/8/4,20:00,27.3
2023/8/4,21:00,26.8
2023/8/4,22:00,26.9
2023/8/4,23:00,26.6
2023/8/5,0:00,26.6
2023/8/5,1:00,26.3
2023/8/5,2:00,25.9
2023/8/5,3:00,26
2023/8/5,4:00,26
2023/8/5,5:00,26.2
2023/8/5,6:00,27.9
2023/8/5,7:00,27.3
2023/8/5,8:00,29.9
2023/8/5,9:00,30.5
2023/8/5,10:00,31.8
2023/8/5,11:00,31.6
2023/8/5,12:00,31.6
2023/8/5,13:00,32
2023/8/5,14:00,31.6
2023/8/5,15:00,31.3
2023/8/5,16:00,30.9
2023/8/5,17:00,29.4
2023/8/5,18:00,27.3
2023/8/5,19:00,26.5
2023/8/5,20:00,26.5
2023/8/5,21:00,26.6
2023/8/5,22:00,26.7
2023/8/5,23:00,26.5
2023/8/6,0:00,26.5
2023/8/6,1:00,26.5
2023/8/6,2:00,26.3
2023/8/6,3:00,26.2
2023/8/6,4:00,26.2
2023/8/6,5:00,26.3
2023/8/6,6:00,28.3
2023/8/6,7:00,29.4
2023/8/6,8:00,30.3
2023/8/6,9:00,30.5
2023/8/6,10:00,30.1
2023/8/6,11:00,30.9
2023/8/6,12:00,30.9
2023/8/6,13:00,30.7
2023/8/6,14:00,28.9
2023/8/6,15:00,28.3
2023/8/6,16:00,27.9
2023/8/6,17:00,27.6
2023/8/6,18:00,27.1
2023/8/6,19:00,26.9
2023/8/6,20:00,26.6
2023/8/6,21:00,26.5
2023/8/6,22:00,26.3
2023/8/6,23:00,25.7
2023/8/7,0:00,25.7
2023/8/7,1:00,25.9
2023/8/7,2:00,25.8
2023/8/7,3:00,25.6
2023/8/7,4:00,25.7
2023/8/7,5:00,25.6
2023/8/7,6:00,26.4
2023/8/7,7:00,29.6
2023/8/7,8:00,30.2
2023/8/7,9:00,30.4
2023/8/7,10:00,30.9
2023/8/7,11:00,30.3
2023/8/7,12:00,31.2
2023/8/7,13:00,30.5
2023/8/7,14:00,31.2
2023/8/7,15:00,29.2
2023/8/7,16:00,27.7
2023/8/7,17:00,27.3
2023/8/7,18:00,26.6
2023/8/7,19:00,26.2
2023/8/7,20:00,25.9
2023/8/7,21:00,26.1
2023/8/7,22:00,25.5
2023/8/7,23:00,26
2023/8/8,0:00,25.9
2023/8/8,1:00,25.9
2023/8/8,2:00,25.5
2023/8/8,3:00,25.3
2023/8/8,4:00,25.2
2023/8/8,5:00,25.4
2023/8/8,6:00,26.8
2023/8/8,7:00,29.5
2023/8/8,8:00,27.8
2023/8/8,9:00,28.7
2023/8/8,10:00,27.3
2023/8/8,11:00,30.8
2023/8/8,12:00,31.4
2023/8/8,13:00,32
2023/8/8,14:00,31.3
2023/8/8,15:00,29.4
2023/8/8,16:00,28.4
2023/8/8,17:00,29.8
2023/8/8,18:00,28.3
2023/8/8,19:00,27.1
2023/8/8,20:00,27.2
2023/8/8,21:00,27.4
2023/8/8,22:00,27
2023/8/8,23:00,27
2023/8/9,0:00,26.4
2023/8/9,1:00,26.4
2023/8/9,2:00,26.9
2023/8/9,3:00,25.9
2023/8/9,4:00,26.1
2023/8/9,5:00,26.4
2023/8/9,6:00,27.5
2023/8/9,7:00,28.3
2023/8/9,8:00,28.5
2023/8/9,9:00,29.3
2023/8/9,10:00,30.1
2023/8/9,11:00,30.3
2023/8/9,12:00,30.6
2023/8/9,13:00,28.7
2023/8/9,14:00,28.8
2023/8/9,15:00,29.1
2023/8/9,16:00,28.3
2023/8/9,17:00,27.8
2023/8/9,18:00,27.7
2023/8/9,19:00,26.9
2023/8/9,20:00,27.1
2023/8/9,21:00,27.1
2023/8/9,22:00,27
2023/8/9,23:00,26.2
2023/8/10,0:00,26.2
2023/8/10,1:00,26.3
2023/8/10,2:00,26.1
2023/8/10,3:00,26.1
2023/8/10,4:00,26.2
2023/8/10,5:00,25.8
2023/8/10,6:00,27.4
2023/8/10,7:00,28.6
2023/8/10,8:00,29.1
2023/8/10,9:00,29.8
2023/8/10,10:00,29.4
2023/8/10,11:00,30
2023/8/10,12:00,29.4
2023/8/10,13:00,29.7
2023/8/10,14:00,30.3
2023/8/10,15:00,30.5
2023/8/10,16:00,29.2
2023/8/10,17:00,27.9
2023/8/10,18:00,26.7
2023/8/10,19:00,26.2
2023/8/10,20:00,26.2
2023/8/10,21:00,26
2023/8/10,22:00,26.4
2023/8/10,23:00,26.2
2023/8/11,0:00,26.1
2023/8/11,1:00,26.1
2023/8/11,2:00,26.1
2023/8/11,3:00,25.8
2023/8/11,4:00,25.6
2023/8/11,5:00,25
2023/8/11,6:00,25.7
2023/8/11,7:00,27.7
2023/8/11,8:00,29.2
2023/8/11,9:00,27.7
2023/8/11,10:00,31.2
2023/8/11,11:00,30
2023/8/11,12:00,27.9
2023/8/11,13:00,30.2
2023/8/11,14:00,30.1
2023/8/11,15:00,30.1
2023/8/11,16:00,29.3
2023/8/11,17:00,28.2
2023/8/11,18:00,26.3
2023/8/11,19:00,25.7
2023/8/11,20:00,25.8
2023/8/11,21:00,25.8
2023/8/11,22:00,25.4
2023/8/11,23:00,25.6
2023/8/12,0:00,25.4
2023/8/12,1:00,25.2
2023/8/12,2:00,25.2
2023/8/12,3:00,25.1
2023/8/12,4:00,25.1
2023/8/12,5:00,25
2023/8/12,6:00,26.8
2023/8/12,7:00,26.3
2023/8/12,8:00,28.6
2023/8/12,9:00,29.6
2023/8/12,10:00,30.4
2023/8/12,11:00,29.3
2023/8/12,12:00,30.7
2023/8/12,13:00,30.5
2023/8/12,14:00,31.2
2023/8/12,15:00,30.9
2023/8/12,16:00,30.2
2023/8/12,17:00,30.1
2023/8/12,18:00,28
2023/8/12,19:00,26.7
2023/8/12,20:00,26
2023/8/12,21:00,25.4
2023/8/12,22:00,25.2
2023/8/12,23:00,25.8
2023/8/13,0:00,26
2023/8/13,1:00,26.1
2023/8/13,2:00,25.9
2023/8/13,3:00,25.7
2023/8/13,4:00,25.2
2023/8/13,5:00,25.2
2023/8/13,6:00,26
2023/8/13,7:00,26.5
2023/8/13,8:00,29.9
2023/8/13,9:00,29.4
2023/8/13,10:00,30.9
2023/8/13,11:00,29.4
2023/8/13,12:00,32.1
2023/8/13,13:00,30.3
2023/8/13,14:00,28
2023/8/13,15:00,29.1
2023/8/13,16:00,28.5
2023/8/13,17:00,28.1
2023/8/13,18:00,27.6
2023/8/13,19:00,27.2
2023/8/13,20:00,27.2
2023/8/13,21:00,26.3
2023/8/13,22:00,26.5
2023/8/13,23:00,26.6
2023/8/14,0:00,26.5
2023/8/14,1:00,26.7
2023/8/14,2:00,26.7
2023/8/14,3:00,26.6
2023/8/14,4:00,26.6
2023/8/14,5:00,26.3
2023/8/14,6:00,26.9
2023/8/14,7:00,27.5
2023/8/14,8:00,30.7
2023/8/14,9:00,29.4
2023/8/14,10:00,29
2023/8/14,11:00,28.8
2023/8/14,12:00,29.3
2023/8/14,13:00,31.7
2023/8/14,14:00,32
2023/8/14,15:00,29.3
2023/8/14,16:00,29.3
2023/8/14,17:00,29.8
2023/8/14,18:00,28
2023/8/14,19:00,27.4
2023/8/14,20:00,27
2023/8/14,21:00,27.1
2023/8/14,22:00,27.3
2023/8/14,23:00,27.3
2023/8/15,0:00,27.2
2023/8/15,1:00,27.1
2023/8/15,2:00,27
2023/8/15,3:00,26.4
2023/8/15,4:00,26.8
2023/8/15,5:00,26.4
2023/8/15,6:00,26.9
2023/8/15,7:00,28.1
2023/8/15,8:00,29.2
2023/8/15,9:00,29
2023/8/15,10:00,29.5
2023/8/15,11:00,31.1
2023/8/15,12:00,29.5
2023/8/15,13:00,29.5
2023/8/15,14:00,30.9
2023/8/15,15:00,29.4
2023/8/15,16:00,30.2
2023/8/15,17:00,27.9
2023/8/15,18:00,27.3
2023/8/15,19:00,26.7
2023/8/15,20:00,26.6
2023/8/15,21:00,25.3
2023/8/15,22:00,26.8
2023/8/15,23:00,26
2023/8/16,0:00,25.6
2023/8/16,1:00,25.8
2023/8/16,2:00,25.8
2023/8/16,3:00,26
2023/8/16,4:00,26.1
2023/8/16,5:00,26
2023/8/16,6:00,27.5
2023/8/16,7:00,28.9
2023/8/16,8:00,28.1
2023/8/16,9:00,28.1
2023/8/16,10:00,28.7
2023/8/16,11:00,30.8
2023/8/16,12:00,28.7
2023/8/16,13:00,28.7
2023/8/16,14:00,30.3
2023/8/16,15:00,30.7
2023/8/16,16:00,29.7
2023/8/16,17:00,27.4
2023/8/16,18:00,27
2023/8/16,19:00,26.8
2023/8/16,20:00,26.8
2023/8/16,21:00,26.9
2023/8/16,22:00,27
2023/8/16,23:00,26.9
2023/8/17,0:00,26.9
2023/8/17,1:00,26.7
2023/8/17,2:00,26.5
2023/8/17,3:00,26.5
2023/8/17,4:00,25.9
2023/8/17,5:00,25.6
2023/8/17,6:00,27.4
2023/8/17,7:00,29.3
2023/8/17,8:00,30.1
2023/8/17,9:00,31
2023/8/17,10:00,30.8
2023/8/17,11:00,31.5
2023/8/17,12:00,32
2023/8/17,13:00,32.7
2023/8/17,14:00,32
2023/8/17,15:00,32
2023/8/17,16:00,31.6
2023/8/17,17:00,29.7
2023/8/17,18:00,27.7
2023/8/17,19:00,27.2
2023/8/17,20:00,27.1
2023/8/17,21:00,27.2
2023/8/17,22:00,26.9
2023/8/17,23:00,26.5
2023/8/18,0:00,26.2
2023/8/18,1:00,26.1
2023/8/18,2:00,26
2023/8/18,3:00,26.1
2023/8/18,4:00,26.2
2023/8/18,5:00,26.2
2023/8/18,6:00,26.9
2023/8/18,7:00,27.5
2023/8/18,8:00,28.5
2023/8/18,9:00,29.6
2023/8/18,10:00,31.3
2023/8/18,11:00,32.3
2023/8/18,12:00,32.4
2023/8/18,13:00,32
2023/8/18,14:00,32.1
2023/8/18,15:00,32.1
2023/8/18,16:00,31.2
2023/8/18,17:00,29.8
2023/8/18,18:00,27.7
2023/8/18,19:00,27.3
2023/8/18,20:00,27.4
2023/8/18,21:00,27.6
2023/8/18,22:00,27.3
2023/8/18,23:00,27.2
2023/8/19,0:00,27.2
2023/8/19,1:00,27.1
2023/8/19,2:00,27.1
2023/8/19,3:00,26.5
2023/8/19,4:00,26
2023/8/19,5:00,26
2023/8/19,6:00,28.2
2023/8/19,7:00,29.7
2023/8/19,8:00,30.8
2023/8/19,9:00,31.7
2023/8/19,10:00,32
2023/8/19,11:00,32
2023/8/19,12:00,32.9
2023/8/19,13:00,32.1
2023/8/19,14:00,31.8
2023/8/19,15:00,31.7
2023/8/19,16:00,30.8
2023/8/19,17:00,28.8
2023/8/19,18:00,28.2
2023/8/19,19:00,27
2023/8/19,20:00,27.2
2023/8/19,21:00,27
2023/8/19,22:00,26.9
2023/8/19,23:00,26.8
2023/8/20,0:00,26.8
2023/8/20,1:00,26.8
2023/8/20,2:00,26.1
2023/8/20,3:00,26
2023/8/20,4:00,25.8
2023/8/20,5:00,25.6
2023/8/20,6:00,27.5
2023/8/20,7:00,29.1
2023/8/20,8:00,30.4
2023/8/20,9:00,31
2023/8/20,10:00,31.9
2023/8/20,11:00,31.8
2023/8/20,12:00,33.4
2023/8/20,13:00,32.1
2023/8/20,14:00,31.7
2023/8/20,15:00,29.3
2023/8/20,16:00,28.8
2023/8/20,17:00,29.8
2023/8/20,18:00,27.9
2023/8/20,19:00,27.5
2023/8/20,20:00,26.9
2023/8/20,21:00,26.5
2023/8/20,22:00,26.9
2023/8/20,23:00,27.1
2023/8/21,0:00,26.9
2023/8/21,1:00,26.7
2023/8/21,2:00,26.3
2023/8/21,3:00,26.3
2023/8/21,4:00,26.1
2023/8/21,5:00,25.8
2023/8/21,6:00,26.8
2023/8/21,7:00,29.5
2023/8/21,8:00,29.7
2023/8/21,9:00,28.7
2023/8/21,10:00,31.1
2023/8/21,11:00,28.6
2023/8/21,12:00,30.8
2023/8/21,13:00,32
2023/8/21,14:00,30.9
2023/8/21,15:00,31
2023/8/21,16:00,30.9
2023/8/21,17:00,29.7
2023/8/21,18:00,28
2023/8/21,19:00,27.7
2023/8/21,20:00,27.2
2023/8/21,21:00,27.1
2023/8/21,22:00,26.9
2023/8/21,23:00,27.2
2023/8/22,0:00,27
2023/8/22,1:00,26.9
2023/8/22,2:00,26.9
2023/8/22,3:00,26.8
2023/8/22,4:00,26.6
2023/8/22,5:00,26.6
2023/8/22,6:00,28.3
2023/8/22,7:00,29.6
2023/8/22,8:00,30.9
2023/8/22,9:00,30.3
2023/8/22,10:00,29.2
2023/8/22,11:00,29.1
2023/8/22,12:00,28.3
2023/8/22,13:00,28.7
2023/8/22,14:00,28.9
2023/8/22,15:00,28.7
2023/8/22,16:00,29.1
2023/8/22,17:00,27.2
2023/8/22,18:00,26.4
2023/8/22,19:00,26.5
2023/8/22,20:00,26.9
2023/8/22,21:00,26.8
2023/8/22,22:00,27.2
2023/8/22,23:00,27.1
2023/8/23,0:00,26.8
2023/8/23,1:00,26.6
2023/8/23,2:00,26.7
2023/8/23,3:00,26.6
2023/8/23,4:00,26.7
2023/8/23,5:00,26.6
2023/8/23,6:00,28.1
2023/8/23,7:00,28.2
2023/8/23,8:00,28.7
2023/8/23,9:00,29.1
2023/8/23,10:00,29.4
2023/8/23,11:00,29.4
2023/8/23,12:00,32.1
2023/8/23,13:00,30.9
2023/8/23,14:00,32.1
2023/8/23,15:00,32.1
2023/8/23,16:00,31.1
2023/8/23,17:00,29.6
2023/8/23,18:00,27.7
2023/8/23,19:00,26.9
2023/8/23,20:00,27
2023/8/23,21:00,26.7
2023/8/23,22:00,26.6
2023/8/23,23:00,26.8
2023/8/24,0:00,26.7
2023/8/24,1:00,26.6
2023/8/24,2:00,25.8
2023/8/24,3:00,26
2023/8/24,4:00,26.2
2023/8/24,5:00,26.1
2023/8/24,6:00,28
2023/8/24,7:00,29.9
2023/8/24,8:00,30.4
2023/8/24,9:00,31.1
2023/8/24,10:00,29.3
2023/8/24,11:00,31.7
2023/8/24,12:00,31.7
2023/8/24,13:00,31.1
2023/8/24,14:00,31.6
2023/8/24,15:00,30.8
2023/8/24,16:00,30.5
2023/8/24,17:00,28.6
2023/8/24,18:00,26.7
2023/8/24,19:00,26.8
2023/8/24,20:00,26.7
2023/8/24,21:00,26.5
2023/8/24,22:00,26.6
2023/8/24,23:00,26.7
2023/8/25,0:00,26.4
2023/8/25,1:00,26.3
2023/8/25,2:00,26.1
2023/8/25,3:00,26.1
2023/8/25,4:00,25.7
2023/8/25,5:00,25.6
2023/8/25,6:00,26.7
2023/8/25,7:00,28.1
2023/8/25,8:00,29.1
2023/8/25,9:00,30.3
2023/8/25,10:00,30.2
2023/8/25,11:00,30.5
2023/8/25,12:00,30.8
2023/8/25,13:00,30.8
2023/8/25,14:00,30.8
2023/8/25,15:00,30.2
2023/8/25,16:00,29.9
2023/8/25,17:00,28.8
2023/8/25,18:00,26.8
2023/8/25,19:00,26.4
2023/8/25,20:00,26.3
2023/8/25,21:00,26.8
2023/8/25,22:00,26.8
2023/8/25,23:00,26.4
2023/8/26,0:00,26
2023/8/26,1:00,26.1
2023/8/26,2:00,26.2
2023/8/26,3:00,26
2023/8/26,4:00,25.5
2023/8/26,5:00,25.9
2023/8/26,6:00,26.7
2023/8/26,7:00,29.1
2023/8/26,8:00,29.7
2023/8/26,9:00,29.7
2023/8/26,10:00,28.2
2023/8/26,11:00,30.1
2023/8/26,12:00,28.4
2023/8/26,13:00,28.1
2023/8/26,14:00,28.2
2023/8/26,15:00,28
2023/8/26,16:00,29
2023/8/26,17:00,27.4
2023/8/26,18:00,26.4
2023/8/26,19:00,26
2023/8/26,20:00,26
2023/8/26,21:00,25.3
2023/8/26,22:00,25.1
2023/8/26,23:00,25.4
2023/8/27,0:00,25.3
2023/8/27,1:00,25.4
2023/8/27,2:00,24.4
2023/8/27,3:00,24.2
2023/8/27,4:00,23.9
2023/8/27,5:00,24
2023/8/27,6:00,26.1
2023/8/27,7:00,26.1
2023/8/27,8:00,28.4
2023/8/27,9:00,29.1
2023/8/27,10:00,28.1
2023/8/27,11:00,27.9
2023/8/27,12:00,30.4
2023/8/27,13:00,29.9
2023/8/27,14:00,29.7
2023/8/27,15:00,31
2023/8/27,16:00,29.1
2023/8/27,17:00,26.9
2023/8/27,18:00,26.1
2023/8/27,19:00,25.5
2023/8/27,20:00,25.2
2023/8/27,21:00,25.3
2023/8/27,22:00,25.2
2023/8/27,23:00,25
2023/8/28,0:00,25
2023/8/28,1:00,24.8
2023/8/28,2:00,25
2023/8/28,3:00,24.8
2023/8/28,4:00,24.7
2023/8/28,5:00,24.9
2023/8/28,6:00,25.1
2023/8/28,7:00,26.1
2023/8/28,8:00,29
2023/8/28,9:00,30.1
2023/8/28,10:00,31.1
2023/8/28,11:00,30.4
2023/8/28,12:00,30.7
2023/8/28,13:00,30.4
2023/8/28,14:00,30.5
2023/8/28,15:00,30.8
2023/8/28,16:00,27.8
2023/8/28,17:00,27.5
2023/8/28,18:00,26.7
2023/8/28,19:00,26.8
2023/8/28,20:00,26.5
2023/8/28,21:00,26.4
2023/8/28,22:00,26.5
2023/8/28,23:00,26.6
2023/8/29,0:00,26.6
2023/8/29,1:00,25.9
2023/8/29,2:00,25.9
2023/8/29,3:00,25.5
2023/8/29,4:00,25.1
2023/8/29,5:00,25.1
2023/8/29,6:00,26.9
2023/8/29,7:00,28.6
2023/8/29,8:00,29.9
2023/8/29,9:00,30.2
2023/8/29,10:00,31
2023/8/29,11:00,32.8
2023/8/29,12:00,31.2
2023/8/29,13:00,31
2023/8/29,14:00,31
2023/8/29,15:00,30.8
2023/8/29,16:00,29.6
2023/8/29,17:00,28.6
2023/8/29,18:00,26.5
2023/8/29,19:00,26.1
2023/8/29,20:00,25.8
2023/8/29,21:00,26.2
2023/8/29,22:00,26.1
2023/8/29,23:00,26
2023/8/30,0:00,25.6
2023/8/30,1:00,25.3
2023/8/30,2:00,25.1
2023/8/30,3:00,25
2023/8/30,4:00,25.4
2023/8/30,5:00,25.3
2023/8/30,6:00,26
2023/8/30,7:00,28.4
2023/8/30,8:00,29.7
2023/8/30,9:00,30.2
2023/8/30,10:00,30.7
2023/8/30,11:00,30.8
2023/8/30,12:00,31.5
2023/8/30,13:00,31.4
2023/8/30,14:00,31.3
2023/8/30,15:00,30.8
2023/8/30,16:00,30.5
2023/8/30,17:00,28.9
2023/8/30,18:00,27.1
2023/8/30,19:00,26.6
2023/8/30,20:00,26.8
2023/8/30,21:00,26.8
2023/8/30,22:00,26.6
2023/8/30,23:00,26.4
2023/8/31,0:00,26.3
2023/8/31,1:00,26.2
2023/8/31,2:00,26.4
2023/8/31,3:00,25.9
2023/8/31,4:00,25.9
2023/8/31,5:00,25.5
2023/8/31,6:00,26.9
2023/8/31,7:00,28.5
2023/8/31,8:00,29.4
2023/8/31,9:00,29.3
2023/8/31,10:00,29.5
2023/8/31,11:00,28.8
2023/8/31,12:00,29.4
2023/8/31,13:00,29.9
2023/8/31,14:00,30
2023/8/31,15:00,29.3
2023/8/31,16:00,27.3
2023/8/31,17:00,26.5
2023/8/31,18:00,25.7
2023/8/31,19:00,25.6
2023/8/31,20:00,26
2023/8/31,21:00,26.3
2023/8/31,22:00,25.9
2023/8/31,23:00,25.6
2023/9/1,0:00,25.4
2023/9/1,1:00,25.2
2023/9/1,2:00,24.7
2023/9/1,3:00,24.2
2023/9/1,4:00,24.6
2023/9/1,5:00,24.2
2023/9/1,6:00,24.9
2023/9/1,7:00,26.9
2023/9/1,8:00,28.6
2023/9/1,9:00,28.5
2023/9/1,10:00,28.9
2023/9/1,11:00,29.6
2023/9/1,12:00,29.2
2023/9/1,13:00,29.8
2023/9/1,14:00,30.5
2023/9/1,15:00,29.6
2023/9/1,16:00,28.7
2023/9/1,17:00,27.6
2023/9/1,18:00,25.5
2023/9/1,19:00,24.8
2023/9/1,20:00,25.1
2023/9/1,21:00,25.6
2023/9/1,22:00,25.6
2023/9/1,23:00,25.9
2023/9/2,0:00,25.7
2023/9/2,1:00,25.6
2023/9/2,2:00,25.2
2023/9/2,3:00,25.1
2023/9/2,4:00,24.7
2023/9/2,5:00,24.7
2023/9/2,6:00,26.2
2023/9/2,7:00,28.1
2023/9/2,8:00,29.1
2023/9/2,9:00,30.2
2023/9/2,10:00,30.4
2023/9/2,11:00,30.1
2023/9/2,12:00,29.8
2023/9/2,13:00,30.5
2023/9/2,14:00,30.8
2023/9/2,15:00,30.5
2023/9/2,16:00,28.1
2023/9/2,17:00,26.7
2023/9/2,18:00,25.3
2023/9/2,19:00,26.1
2023/9/2,20:00,25.4
2023/9/2,21:00,25.2
2023/9/2,22:00,25.5
2023/9/2,23:00,25.5
2023/9/3,0:00,25.2
2023/9/3,1:00,24.8
2023/9/3,2:00,24.9
2023/9/3,3:00,24.7
2023/9/3,4:00,24.5
2023/9/3,5:00,24.3
2023/9/3,6:00,25.3
2023/9/3,7:00,26.8
2023/9/3,8:00,27.3
2023/9/3,9:00,30.7
2023/9/3,10:00,29.7
2023/9/3,11:00,27.5
2023/9/3,12:00,27.6
2023/9/3,13:00,29.8
2023/9/3,14:00,29.6
2023/9/3,15:00,29.5
2023/9/3,16:00,28.6
2023/9/3,17:00,26.4
2023/9/3,18:00,26.4
2023/9/3,19:00,26.3
2023/9/3,20:00,26.4
2023/9/3,21:00,26.5
2023/9/3,22:00,26.1
2023/9/3,23:00,25.9
2023/9/4,0:00,25.5
2023/9/4,1:00,25.3
2023/9/4,2:00,25
2023/9/4,3:00,24.8
2023/9/4,4:00,24.6
2023/9/4,5:00,24.3
2023/9/4,6:00,24.5
2023/9/4,7:00,25.1
2023/9/4,8:00,25.9
2023/9/4,9:00,26.3
2023/9/4,10:00,27.2
2023/9/4,11:00,27.6
2023/9/4,12:00,27.9
2023/9/4,13:00,28.3
2023/9/4,14:00,29.8
2023/9/4,15:00,28.3
2023/9/4,16:00,27.4
2023/9/4,17:00,27.4
2023/9/4,18:00,27.2
2023/9/4,19:00,26.9
2023/9/4,20:00,26.5
2023/9/4,21:00,26.3
2023/9/4,22:00,26.5
2023/9/4,23:00,26.7
2023/9/5,0:00,26.4
2023/9/5,1:00,26.3
2023/9/5,2:00,25.9
2023/9/5,3:00,25.7
2023/9/5,4:00,25.8
2023/9/5,5:00,25.6
2023/9/5,6:00,25.9
2023/9/5,7:00,28.4
2023/9/5,8:00,29.3
2023/9/5,9:00,30.3
2023/9/5,10:00,31
2023/9/5,11:00,31.5
2023/9/5,12:00,31.3
2023/9/5,13:00,31.6
2023/9/5,14:00,32.6
2023/9/5,15:00,31.6
2023/9/5,16:00,30.8
2023/9/5,17:00,29.6
2023/9/5,18:00,27.3
2023/9/5,19:00,27.1
2023/9/5,20:00,26.9
2023/9/5,21:00,24.9
2023/9/5,22:00,24
2023/9/5,23:00,24.2
2023/9/6,0:00,24.4
2023/9/6,1:00,24.4
2023/9/6,2:00,24.3
2023/9/6,3:00,24.5
2023/9/6,4:00,24.6
2023/9/6,5:00,24.9
2023/9/6,6:00,25.1
2023/9/6,7:00,25.8
2023/9/6,8:00,26.7
2023/9/6,9:00,29.7
2023/9/6,10:00,28.3
2023/9/6,11:00,28.5
2023/9/6,12:00,31.1
2023/9/6,13:00,29.1
2023/9/6,14:00,26.6
2023/9/6,15:00,26.2
2023/9/6,16:00,27
2023/9/6,17:00,23.8
2023/9/6,18:00,23.8
2023/9/6,19:00,23.7
2023/9/6,20:00,23.5
2023/9/6,21:00,23.4
2023/9/6,22:00,23.6
2023/9/6,23:00,23.7
2023/9/7,0:00,23.7
2023/9/7,1:00,23.7
2023/9/7,2:00,23.8
2023/9/7,3:00,23.7
2023/9/7,4:00,22.8
2023/9/7,5:00,22.5
2023/9/7,6:00,22.7
2023/9/7,7:00,23.4
2023/9/7,8:00,26.5
2023/9/7,9:00,27.4
2023/9/7,10:00,27.5
2023/9/7,11:00,27.9
2023/9/7,12:00,27.9
2023/9/7,13:00,26.4
2023/9/7,14:00,26.1
2023/9/7,15:00,25.7
2023/9/7,16:00,25.3
2023/9/7,17:00,24.7
2023/9/7,18:00,23.4
2023/9/7,19:00,24.1
2023/9/7,20:00,24.4
2023/9/7,21:00,24.6
2023/9/7,22:00,24.5
2023/9/7,23:00,24.4
2023/9/8,0:00,24.3
2023/9/8,1:00,23.8
2023/9/8,2:00,23.6
2023/9/8,3:00,23.4
2023/9/8,4:00,23
2023/9/8,5:00,22.8
2023/9/8,6:00,22.8
2023/9/8,7:00,23.2
2023/9/8,8:00,21.6
2023/9/8,9:00,21.9
2023/9/8,10:00,22.3
2023/9/8,11:00,22.5
2023/9/8,12:00,22.5
2023/9/8,13:00,22.4
2023/9/8,14:00,22.7
2023/9/8,15:00,22.5
2023/9/8,16:00,22.1
2023/9/8,17:00,21.5
2023/9/8,18:00,21.1
2023/9/8,19:00,21.2
2023/9/8,20:00,21.4
2023/9/8,21:00,21.5
2023/9/8,22:00,21.6
2023/9/8,23:00,21.7
2023/9/9,0:00,21.7
2023/9/9,1:00,21.8
2023/9/9,2:00,21.8
2023/9/9,3:00,21.8
2023/9/9,4:00,22
2023/9/9,5:00,22.1
2023/9/9,6:00,22.6
2023/9/9,7:00,24.8
2023/9/9,8:00,24.2
2023/9/9,9:00,25.5
2023/9/9,10:00,25.6
2023/9/9,11:00,25.9
2023/9/9,12:00,26.5
2023/9/9,13:00,26.7
2023/9/9,14:00,26.7
2023/9/9,15:00,26.7
2023/9/9,16:00,27
2023/9/9,17:00,26.9
2023/9/9,18:00,26
2023/9/9,19:00,25.8
2023/9/9,20:00,25.6
2023/9/9,21:00,25.2
2023/9/9,22:00,24.9
2023/9/9,23:00,24.7
2023/9/10,0:00,24.2
2023/9/10,1:00,24.1
2023/9/10,2:00,24
2023/9/10,3:00,23.7
2023/9/10,4:00,23.4
2023/9/10,5:00,23.3
2023/9/10,6:00,24.5
2023/9/10,7:00,26.9
2023/9/10,8:00,28.2
2023/9/10,9:00,29.7
2023/9/10,10:00,29.6
2023/9/10,11:00,30.1
2023/9/10,12:00,31.3
2023/9/10,13:00,30.7
2023/9/10,14:00,30.9
2023/9/10,15:00,30.7
2023/9/10,16:00,29.8
2023/9/10,17:00,28.2
2023/9/10,18:00,26.6
2023/9/10,19:00,26.5
2023/9/10,20:00,26.4
2023/9/10,21:00,26.3
2023/9/10,22:00,26.2
2023/9/10,23:00,26
2023/9/11,0:00,25.9
2023/9/11,1:00,25.7
2023/9/11,2:00,25.9
2023/9/11,3:00,25.6
2023/9/11,4:00,25.4
2023/9/11,5:00,25.4
2023/9/11,6:00,25.6
2023/9/11,7:00,26.5
2023/9/11,8:00,27.5
2023/9/11,9:00,27.9
2023/9/11,10:00,30.3
2023/9/11,11:00,29.6
2023/9/11,12:00,28
2023/9/11,13:00,30.4
2023/9/11,14:00,28.1
2023/9/11,15:00,29.8
2023/9/11,16:00,29.7
2023/9/11,17:00,27.5
2023/9/11,18:00,25.5
2023/9/11,19:00,25.5
2023/9/11,20:00,25.3
2023/9/11,21:00,25.4
2023/9/11,22:00,25.4
2023/9/11,23:00,25.2
2023/9/12,0:00,25.2
2023/9/12,1:00,25
2023/9/12,2:00,25.1
2023/9/12,3:00,25
2023/9/12,4:00,24.6
2023/9/12,5:00,24.8
2023/9/12,6:00,25.5
2023/9/12,7:00,24.8
2023/9/12,8:00,28.1
2023/9/12,9:00,29.2
2023/9/12,10:00,29.3
2023/9/12,11:00,29.8
2023/9/12,12:00,29.6
2023/9/12,13:00,29.6
2023/9/12,14:00,27.1
2023/9/12,15:00,29.3
2023/9/12,16:00,28.7
2023/9/12,17:00,25.6
2023/9/12,18:00,25.5
2023/9/12,19:00,24.7
2023/9/12,20:00,24.4
2023/9/12,21:00,24.6
2023/9/12,22:00,24
2023/9/12,23:00,23.9
2023/9/13,0:00,24.2
2023/9/13,1:00,23.4
2023/9/13,2:00,23.3
2023/9/13,3:00,23
2023/9/13,4:00,22.8
2023/9/13,5:00,22.4
2023/9/13,6:00,23.4
2023/9/13,7:00,25.4
2023/9/13,8:00,27.1
2023/9/13,9:00,28.5
2023/9/13,10:00,28.6
2023/9/13,11:00,28.7
2023/9/13,12:00,28.7
2023/9/13,13:00,28.8
2023/9/13,14:00,29.1
2023/9/13,15:00,28.5
2023/9/13,16:00,28.2
2023/9/13,17:00,26.7
2023/9/13,18:00,25.8
2023/9/13,19:00,26.1
2023/9/13,20:00,25.3
2023/9/13,21:00,25.5
2023/9/13,22:00,25.3
2023/9/13,23:00,25.6
2023/9/14,0:00,25.8
2023/9/14,1:00,25.6
2023/9/14,2:00,25.1
2023/9/14,3:00,25.2
2023/9/14,4:00,23.2
2023/9/14,5:00,23.3
2023/9/14,6:00,23.6
2023/9/14,7:00,26.4
2023/9/14,8:00,28.3
2023/9/14,9:00,28.8
2023/9/14,10:00,30.5
2023/9/14,11:00,30.1
2023/9/14,12:00,30
2023/9/14,13:00,31.4
2023/9/14,14:00,31
2023/9/14,15:00,30.3
2023/9/14,16:00,29.4
2023/9/14,17:00,28
2023/9/14,18:00,26.7
2023/9/14,19:00,26.7
2023/9/14,20:00,26.5
2023/9/14,21:00,26.5
2023/9/14,22:00,26.3
2023/9/14,23:00,26.1
2023/9/15,0:00,26
2023/9/15,1:00,25.8
2023/9/15,2:00,25.5
2023/9/15,3:00,25.3
2023/9/15,4:00,25.3
2023/9/15,5:00,25.3
2023/9/15,6:00,26.1
2023/9/15,7:00,28.2
2023/9/15,8:00,30
2023/9/15,9:00,30.4
2023/9/15,10:00,28.9
2023/9/15,11:00,28.9
2023/9/15,12:00,29.3
2023/9/15,13:00,30.8
2023/9/15,14:00,29.5
2023/9/15,15:00,27.4
2023/9/15,16:00,26.1
2023/9/15,17:00,27.3
2023/9/15,18:00,26.1
2023/9/15,19:00,26.9
2023/9/15,20:00,26.5
2023/9/15,21:00,25.8
2023/9/15,22:00,26.2
2023/9/15,23:00,25.9
2023/9/16,0:00,25.6
2023/9/16,1:00,25.9
2023/9/16,2:00,25.5
2023/9/16,3:00,25.3
2023/9/16,4:00,25.4
2023/9/16,5:00,25.2
2023/9/16,6:00,25
2023/9/16,7:00,25.7
2023/9/16,8:00,26.3
2023/9/16,9:00,29.5
2023/9/16,10:00,28.8
2023/9/16,11:00,28.5
2023/9/16,12:00,28.9
2023/9/16,13:00,31.4
2023/9/16,14:00,31.2
2023/9/16,15:00,31.3
2023/9/16,16:00,28.6
2023/9/16,17:00,28.1
2023/9/16,18:00,27.3
2023/9/16,19:00,27.4
2023/9/16,20:00,27.3
2023/9/16,21:00,27.3
2023/9/16,22:00,26.8
2023/9/16,23:00,26.7
2023/9/17,0:00,25.7
2023/9/17,1:00,25.1
2023/9/17,2:00,25.1
2023/9/17,3:00,24.8
2023/9/17,4:00,24.8
2023/9/17,5:00,24.8
2023/9/17,6:00,24.9
2023/9/17,7:00,25.7
2023/9/17,8:00,26.7
2023/9/17,9:00,27.6
2023/9/17,10:00,28.2
2023/9/17,11:00,29
2023/9/17,12:00,31.2
2023/9/17,13:00,30.9
2023/9/17,14:00,31.2
2023/9/17,15:00,31
2023/9/17,16:00,29.8
2023/9/17,17:00,28.5
2023/9/17,18:00,26.9
2023/9/17,19:00,26.6
2023/9/17,20:00,26.5
2023/9/17,21:00,26.5
2023/9/17,22:00,26.2
2023/9/17,23:00,25.8
2023/9/18,0:00,25.6
2023/9/18,1:00,25.3
2023/9/18,2:00,24.9
2023/9/18,3:00,24.8
2023/9/18,4:00,24.6
2023/9/18,5:00,25.3
2023/9/18,6:00,25.7
2023/9/18,7:00,26.7
2023/9/18,8:00,29.1
2023/9/18,9:00,29.9
2023/9/18,10:00,30
2023/9/18,11:00,31
2023/9/18,12:00,30.6
2023/9/18,13:00,31.6
2023/9/18,14:00,30.8
2023/9/18,15:00,30.2
2023/9/18,16:00,28.9
2023/9/18,17:00,27.1
2023/9/18,18:00,25.5
2023/9/18,19:00,25.7
2023/9/18,20:00,25.6
2023/9/18,21:00,25.5
2023/9/18,22:00,25.2
2023/9/18,23:00,25.1
2023/9/19,0:00,24.8
2023/9/19,1:00,24.5
2023/9/19,2:00,24.4
2023/9/19,3:00,24.6
2023/9/19,4:00,24.2
2023/9/19,5:00,24.3
2023/9/19,6:00,24.9
2023/9/19,7:00,27
2023/9/19,8:00,28.2
2023/9/19,9:00,29.7
2023/9/19,10:00,29.9
2023/9/19,11:00,30.2
2023/9/19,12:00,29.9
2023/9/19,13:00,30
2023/9/19,14:00,29.8
2023/9/19,15:00,29.9
2023/9/19,16:00,29.3
2023/9/19,17:00,27.9
2023/9/19,18:00,26.5
2023/9/19,19:00,26.5
2023/9/19,20:00,26.4
2023/9/19,21:00,26.1
2023/9/19,22:00,25.8
2023/9/19,23:00,24.9
2023/9/20,0:00,24.8
2023/9/20,1:00,24.5
2023/9/20,2:00,24.5
2023/9/20,3:00,24.2
2023/9/20,4:00,23.8
2023/9/20,5:00,24
2023/9/20,6:00,24.4
2023/9/20,7:00,25.9
2023/9/20,8:00,26.4
2023/9/20,9:00,29.5
2023/9/20,10:00,30.2
2023/9/20,11:00,28.3
2023/9/20,12:00,28.4
2023/9/20,13:00,30.2
2023/9/20,14:00,30.3
2023/9/20,15:00,28.5
2023/9/20,16:00,26.4
2023/9/20,17:00,25.1
2023/9/20,18:00,24.6
2023/9/20,19:00,24.3
2023/9/20,20:00,24.2
2023/9/20,21:00,24.3
2023/9/20,22:00,24.7
2023/9/20,23:00,24.9
2023/9/21,0:00,23.9
2023/9/21,1:00,23.9
2023/9/21,2:00,23.9
2023/9/21,3:00,23.5
2023/9/21,4:00,23.5
2023/9/21,5:00,23.2
2023/9/21,6:00,23.4
2023/9/21,7:00,24.1
2023/9/21,8:00,24.4
2023/9/21,9:00,25.2
2023/9/21,10:00,25.9
2023/9/21,11:00,27.1
2023/9/21,12:00,28.1
2023/9/21,13:00,28.3
2023/9/21,14:00,27.4
2023/9/21,15:00,27
2023/9/21,16:00,26.6
2023/9/21,17:00,26
2023/9/21,18:00,25.7
2023/9/21,19:00,25.7
2023/9/21,20:00,25.7
2023/9/21,21:00,25.7
2023/9/21,22:00,25.1
2023/9/21,23:00,24.5
2023/9/22,0:00,24.1
2023/9/22,1:00,24
2023/9/22,2:00,24.1
2023/9/22,3:00,24.2
2023/9/22,4:00,24.1
2023/9/22,5:00,24.2
2023/9/22,6:00,24.6
2023/9/22,7:00,25.2
2023/9/22,8:00,25.9
2023/9/22,9:00,26.5
2023/9/22,10:00,26.6
2023/9/22,11:00,27.1
2023/9/22,12:00,27
2023/9/22,13:00,27.3
2023/9/22,14:00,25.8
2023/9/22,15:00,25
2023/9/22,16:00,24.5
2023/9/22,17:00,23.9
2023/9/22,18:00,23.3
2023/9/22,19:00,23.4
2023/9/22,20:00,23.3
2023/9/22,21:00,22.8
2023/9/22,22:00,21.8
2023/9/22,23:00,21.9
2023/9/23,0:00,21.6
2023/9/23,1:00,21.6
2023/9/23,2:00,21.7
2023/9/23,3:00,21.5
2023/9/23,4:00,21.6
2023/9/23,5:00,21.4
2023/9/23,6:00,21.1
2023/9/23,7:00,21.4
2023/9/23,8:00,21.7
2023/9/23,9:00,22.7
2023/9/23,10:00,22.9
2023/9/23,11:00,23.4
2023/9/23,12:00,23.8
2023/9/23,13:00,24.1
2023/9/23,14:00,23.5
2023/9/23,15:00,24
2023/9/23,16:00,23
2023/9/23,17:00,22.2
2023/9/23,18:00,20.6
2023/9/23,19:00,20.7
2023/9/23,20:00,20.6
2023/9/23,21:00,17.5
2023/9/23,22:00,16.8
2023/9/23,23:00,17.4
2023/9/24,0:00,17.4
2023/9/24,1:00,17.3
2023/9/24,2:00,17.6
2023/9/24,3:00,18.4
2023/9/24,4:00,18.3
2023/9/24,5:00,18.1
2023/9/24,6:00,17.6
2023/9/24,7:00,18
2023/9/24,8:00,20.7
2023/9/24,9:00,21.2
2023/9/24,10:00,21.9
2023/9/24,11:00,21.9
2023/9/24,12:00,22.8
2023/9/24,13:00,23.2
2023/9/24,14:00,23.2
2023/9/24,15:00,23.5
2023/9/24,16:00,22.5
2023/9/24,17:00,20.8
2023/9/24,18:00,19.3
2023/9/24,19:00,19
2023/9/24,20:00,18.9
2023/9/24,21:00,18.8
2023/9/24,22:00,18.1
2023/9/24,23:00,17.7
2023/9/25,0:00,17.2
2023/9/25,1:00,17.1
2023/9/25,2:00,16.9
2023/9/25,3:00,16.4
2023/9/25,4:00,16.5
2023/9/25,5:00,16.2
2023/9/25,6:00,16.5
2023/9/25,7:00,19.2
2023/9/25,8:00,20.6
2023/9/25,9:00,22
2023/9/25,10:00,22.8
2023/9/25,11:00,21
2023/9/25,12:00,23.7
2023/9/25,13:00,23.3
2023/9/25,14:00,24
2023/9/25,15:00,23.1
2023/9/25,16:00,22.3
2023/9/25,17:00,20.5
2023/9/25,18:00,20
2023/9/25,19:00,20.7
2023/9/25,20:00,20.6
2023/9/25,21:00,20.6
2023/9/25,22:00,20.3
2023/9/25,23:00,19.9
2023/9/26,0:00,18.9
2023/9/26,1:00,18.4
2023/9/26,2:00,18.1
2023/9/26,3:00,17.8
2023/9/26,4:00,17.7
2023/9/26,5:00,17.3
2023/9/26,6:00,17.6
2023/9/26,7:00,20.2
2023/9/26,8:00,21.8
2023/9/26,9:00,24.6
2023/9/26,10:00,24.9
2023/9/26,11:00,25.3
2023/9/26,12:00,26.3
2023/9/26,13:00,25.8
2023/9/26,14:00,24.4
2023/9/26,15:00,23.7
2023/9/26,16:00,23.4
2023/9/26,17:00,22.7
2023/9/26,18:00,22.2
2023/9/26,19:00,22.2
2023/9/26,20:00,22.4
2023/9/26,21:00,22.8
2023/9/26,22:00,22.5
2023/9/26,23:00,22.4
2023/9/27,0:00,22.3
2023/9/27,1:00,22.1
2023/9/27,2:00,21.7
2023/9/27,3:00,21.6
2023/9/27,4:00,21.4
2023/9/27,5:00,21.1
2023/9/27,6:00,21.1
2023/9/27,7:00,21.9
2023/9/27,8:00,22.6
2023/9/27,9:00,23.6
2023/9/27,10:00,25.9
2023/9/27,11:00,26.3
2023/9/27,12:00,27.6
2023/9/27,13:00,27.9
2023/9/27,14:00,28.2
2023/9/27,15:00,27.1
2023/9/27,16:00,26.4
2023/9/27,17:00,24.3
2023/9/27,18:00,24
2023/9/27,19:00,23.5
2023/9/27,20:00,23.5
2023/9/27,21:00,23.4
2023/9/27,22:00,23.4
2023/9/27,23:00,23.4
2023/9/28,0:00,23.4
2023/9/28,1:00,23.2
2023/9/28,2:00,23.1
2023/9/28,3:00,22.9
2023/9/28,4:00,22.7
2023/9/28,5:00,22.6
2023/9/28,6:00,22.8
2023/9/28,7:00,23.4
2023/9/28,8:00,23.5
2023/9/28,9:00,24.4
2023/9/28,10:00,28.1
2023/9/28,11:00,28.3
2023/9/28,12:00,29
2023/9/28,13:00,29.4
2023/9/28,14:00,29.6
2023/9/28,15:00,29.8
2023/9/28,16:00,29.4
2023/9/28,17:00,27.8
2023/9/28,18:00,26.4
2023/9/28,19:00,26.2
2023/9/28,20:00,25.9
2023/9/28,21:00,25.6
2023/9/28,22:00,25.4
2023/9/28,23:00,24.6
2023/9/29,0:00,24.7
2023/9/29,1:00,24.6
2023/9/29,2:00,24.3
2023/9/29,3:00,24.3
2023/9/29,4:00,22.5
2023/9/29,5:00,22
2023/9/29,6:00,22
2023/9/29,7:00,23.8
2023/9/29,8:00,26.5
2023/9/29,9:00,27
2023/9/29,10:00,25.3
2023/9/29,11:00,25.1
2023/9/29,12:00,25
2023/9/29,13:00,25.4
2023/9/29,14:00,25.4
2023/9/29,15:00,24.3
2023/9/29,16:00,24.1
2023/9/29,17:00,23.4
2023/9/29,18:00,22.2
2023/9/29,19:00,22.7
2023/9/29,20:00,22.9
2023/9/29,21:00,23.3
2023/9/29,22:00,23.1
2023/9/29,23:00,23.3
2023/9/30,0:00,23.3
2023/9/30,1:00,23.2
2023/9/30,2:00,23.4
2023/9/30,3:00,23
2023/9/30,4:00,22.7
2023/9/30,5:00,22.7
2023/9/30,6:00,22.8
2023/9/30,7:00,24.1
2023/9/30,8:00,26.3
2023/9/30,9:00,24.7
2023/9/30,10:00,24.9
2023/9/30,11:00,24.8
2023/9/30,12:00,25.3
2023/9/30,13:00,25
2023/9/30,14:00,25
2023/9/30,15:00,27
2023/9/30,16:00,26.7
2023/9/30,17:00,24.7
2023/9/30,18:00,24.3
2023/9/30,19:00,23.8
2023/9/30,20:00,23.9
2023/9/30,21:00,23.8
2023/9/30,22:00,23.6
2023/9/30,23:00,23.1
2023/10/1,0:00,23
2023/10/1,1:00,22.7
2023/10/1,2:00,22.6
2023/10/1,3:00,22.2
2023/10/1,4:00,22.3
2023/10/1,5:00,22.3
2023/10/1,6:00,22.4
2023/10/1,7:00,22.8
2023/10/1,8:00,23.5
2023/10/1,9:00,23.8
2023/10/1,10:00,24
2023/10/1,11:00,23.7
2023/10/1,12:00,23.9
2023/10/1,13:00,25.1
2023/10/1,14:00,25.1
2023/10/1,15:00,24.7
2023/10/1,16:00,23.7
2023/10/1,17:00,23.2
2023/10/1,18:00,22.7
2023/10/1,19:00,22.4
2023/10/1,20:00,22.4
2023/10/1,21:00,22
2023/10/1,22:00,22.1
2023/10/1,23:00,22.1
2023/10/2,0:00,22
2023/10/2,1:00,19.7
2023/10/2,2:00,19.5
2023/10/2,3:00,18.2
2023/10/2,4:00,17.3
2023/10/2,5:00,17.1
2023/10/2,6:00,17.3
2023/10/2,7:00,19.1
2023/10/2,8:00,20.4
2023/10/2,9:00,21.4
2023/10/2,10:00,21.3
2023/10/2,11:00,21.9
2023/10/2,12:00,21.5
2023/10/2,13:00,19.3
2023/10/2,14:00,19.6
2023/10/2,15:00,19.4
2023/10/2,16:00,19.1
2023/10/2,17:00,18.3
2023/10/2,18:00,18.2
2023/10/2,19:00,16.6
2023/10/2,20:00,16.5
2023/10/2,21:00,15.9
2023/10/2,22:00,15.2
2023/10/2,23:00,15.2
2023/10/3,0:00,14.7
2023/10/3,1:00,14.9
2023/10/3,2:00,14.6
2023/10/3,3:00,14.5
2023/10/3,4:00,14.3
2023/10/3,5:00,13.8
2023/10/3,6:00,14.4
2023/10/3,7:00,17.5
2023/10/3,8:00,17.7
2023/10/3,9:00,19.4
2023/10/3,10:00,20.5
2023/10/3,11:00,21.1
2023/10/3,12:00,21.6
2023/10/3,13:00,21
2023/10/3,14:00,21.5
2023/10/3,15:00,20.8
2023/10/3,16:00,18.9
2023/10/3,17:00,17.9
2023/10/3,18:00,18.1
2023/10/3,19:00,18.5
2023/10/3,20:00,18.6
2023/10/3,21:00,19.8
2023/10/3,22:00,20.3
2023/10/3,23:00,19.6
2023/10/4,0:00,19
2023/10/4,1:00,18.7
2023/10/4,2:00,18.1
2023/10/4,3:00,18.4
2023/10/4,4:00,17.9
2023/10/4,5:00,16.8
2023/10/4,6:00,16.8
2023/10/4,7:00,16.8
2023/10/4,8:00,17.6
2023/10/4,9:00,18.2
2023/10/4,10:00,18.9
2023/10/4,11:00,18.7
2023/10/4,12:00,19.1
2023/10/4,13:00,18.9
2023/10/4,14:00,18.9
2023/10/4,15:00,19
2023/10/4,16:00,18.8
2023/10/4,17:00,18.5
2023/10/4,18:00,18.5
2023/10/4,19:00,18.4
2023/10/4,20:00,18.5
2023/10/4,21:00,18.3
2023/10/4,22:00,18.1
2023/10/4,23:00,17.8
2023/10/5,0:00,17.7
2023/10/5,1:00,17.5
2023/10/5,2:00,17.2
2023/10/5,3:00,17.3
2023/10/5,4:00,17.3
2023/10/5,5:00,17.2
2023/10/5,6:00,17.3
2023/10/5,7:00,18.1
2023/10/5,8:00,18.4
2023/10/5,9:00,19.2
2023/10/5,10:00,19.6
2023/10/5,11:00,20.7
2023/10/5,12:00,21.3
2023/10/5,13:00,23.1
2023/10/5,14:00,22
2023/10/5,15:00,21.9
2023/10/5,16:00,20
2023/10/5,17:00,16.6
2023/10/5,18:00,14.6
2023/10/5,19:00,13.9
2023/10/5,20:00,13.5
2023/10/5,21:00,13.3
2023/10/5,22:00,12.6
2023/10/5,23:00,12.3
2023/10/6,0:00,11.7
2023/10/6,1:00,11.5
2023/10/6,2:00,11.2
2023/10/6,3:00,11.4
2023/10/6,4:00,11.5
2023/10/6,5:00,11.3
2023/10/6,6:00,11.2
2023/10/6,7:00,13.9
2023/10/6,8:00,16.1
2023/10/6,9:00,16.9
2023/10/6,10:00,17.9
2023/10/6,11:00,18.5
2023/10/6,12:00,18.8
2023/10/6,13:00,18.9
2023/10/6,14:00,18.9
2023/10/6,15:00,18.1
2023/10/6,16:00,17
2023/10/6,17:00,15.1
2023/10/6,18:00,13.6
2023/10/6,19:00,13.2
2023/10/6,20:00,12.8
2023/10/6,21:00,12.5
2023/10/6,22:00,12.6
2023/10/6,23:00,12
2023/10/7,0:00,12.1
2023/10/7,1:00,11.8
2023/10/7,2:00,11.9
2023/10/7,3:00,11.8
2023/10/7,4:00,11.4
2023/10/7,5:00,11.4
2023/10/7,6:00,11.9
2023/10/7,7:00,12.7
2023/10/7,8:00,15.4
2023/10/7,9:00,16.9
2023/10/7,10:00,17.8
2023/10/7,11:00,18.4
2023/10/7,12:00,19.1
2023/10/7,13:00,18.5
2023/10/7,14:00,18.2
2023/10/7,15:00,17.8
2023/10/7,16:00,16.8
2023/10/7,17:00,14.4
2023/10/7,18:00,14
2023/10/7,19:00,13.3
2023/10/7,20:00,12.9
2023/10/7,21:00,12.6
2023/10/7,22:00,12.4
2023/10/7,23:00,12.3
2023/10/8,0:00,12.1
2023/10/8,1:00,12.1
2023/10/8,2:00,11.9
2023/10/8,3:00,11.8
2023/10/8,4:00,11.5
2023/10/8,5:00,11.4
2023/10/8,6:00,11.4
2023/10/8,7:00,12.3
2023/10/8,8:00,12.7
2023/10/8,9:00,14.4
2023/10/8,10:00,17
2023/10/8,11:00,16.2
2023/10/8,12:00,15.8
2023/10/8,13:00,16
2023/10/8,14:00,15.7
2023/10/8,15:00,15.6
2023/10/8,16:00,15.1
2023/10/8,17:00,14.8
2023/10/8,18:00,14.7
2023/10/8,19:00,14.7
2023/10/8,20:00,15
2023/10/8,21:00,14.8
2023/10/8,22:00,14.6
2023/10/8,23:00,14.2
2023/10/9,0:00,14
2023/10/9,1:00,14.2
2023/10/9,2:00,14.1
2023/10/9,3:00,13.7
2023/10/9,4:00,13.6
2023/10/9,5:00,13.3
2023/10/9,6:00,13.2
2023/10/9,7:00,13.7
2023/10/9,8:00,14.5
2023/10/9,9:00,14.9
2023/10/9,10:00,15.5
2023/10/9,11:00,15.9
2023/10/9,12:00,16.4
2023/10/9,13:00,16.6
2023/10/9,14:00,17
2023/10/9,15:00,16.9
2023/10/9,16:00,16.8
2023/10/9,17:00,16.6
2023/10/9,18:00,16.2
2023/10/9,19:00,16.4
2023/10/9,20:00,16.6
2023/10/9,21:00,16.8
2023/10/9,22:00,16.7
2023/10/9,23:00,16.7
2023/10/10,0:00,16.7
2023/10/10,1:00,16.8
2023/10/10,2:00,16.8
2023/10/10,3:00,16.8
2023/10/10,4:00,16.7
2023/10/10,5:00,16.8
2023/10/10,6:00,17
2023/10/10,7:00,17.8
2023/10/10,8:00,18.9
2023/10/10,9:00,20.7
2023/10/10,10:00,23
2023/10/10,11:00,24.1
2023/10/10,12:00,24.9
2023/10/10,13:00,24.9
2023/10/10,14:00,24.7
2023/10/10,15:00,23.9
2023/10/10,16:00,19.5
2023/10/10,17:00,19
2023/10/10,18:00,18.5
2023/10/10,19:00,17.4
2023/10/10,20:00,15.8
2023/10/10,21:00,15.4
2023/10/10,22:00,15.6
2023/10/10,23:00,15.2
2023/10/11,0:00,15
2023/10/11,1:00,14.6
2023/10/11,2:00,14.2
2023/10/11,3:00,14.2
2023/10/11,4:00,13.5
2023/10/11,5:00,13.4
2023/10/11,6:00,13
2023/10/11,7:00,15.5
2023/10/11,8:00,17.5
2023/10/11,9:00,18.4
2023/10/11,10:00,19
2023/10/11,11:00,19.4
2023/10/11,12:00,19.8
2023/10/11,13:00,19.8
2023/10/11,14:00,19.3
2023/10/11,15:00,19.3
2023/10/11,16:00,18.7
2023/10/11,17:00,16.3
2023/10/11,18:00,16.3
2023/10/11,19:00,16.6
2023/10/11,20:00,16.4
2023/10/11,21:00,16.4
2023/10/11,22:00,16
2023/10/11,23:00,15.9
2023/10/12,0:00,15.5
2023/10/12,1:00,15.6
2023/10/12,2:00,14.5
2023/10/12,3:00,13.8
2023/10/12,4:00,13.4
2023/10/12,5:00,13.3
2023/10/12,6:00,12.6
2023/10/12,7:00,14.8
2023/10/12,8:00,16.8
2023/10/12,9:00,17.7
2023/10/12,10:00,18.8
2023/10/12,11:00,19.1
2023/10/12,12:00,20
2023/10/12,13:00,20
2023/10/12,14:00,19.5
2023/10/12,15:00,19.4
2023/10/12,16:00,18.3
2023/10/12,17:00,16.7
2023/10/12,18:00,16.4
2023/10/12,19:00,16.7
2023/10/12,20:00,16.5
2023/10/12,21:00,16.1
2023/10/12,22:00,16.1
2023/10/12,23:00,15.6
2023/10/13,0:00,15.5
2023/10/13,1:00,14.9
2023/10/13,2:00,14.9
2023/10/13,3:00,14.5
2023/10/13,4:00,14
2023/10/13,5:00,13.5
2023/10/13,6:00,13.2
2023/10/13,7:00,15
2023/10/13,8:00,16.3
2023/10/13,9:00,18
2023/10/13,10:00,18.9
2023/10/13,11:00,18.4
2023/10/13,12:00,19.2
2023/10/13,13:00,18.5
2023/10/13,14:00,17.8
2023/10/13,15:00,17.1
2023/10/13,16:00,15.5
2023/10/13,17:00,13.2
2023/10/13,18:00,13
2023/10/13,19:00,13.5
2023/10/13,20:00,12.9
2023/10/13,21:00,12.3
2023/10/13,22:00,12.4
2023/10/13,23:00,11.8
2023/10/14,0:00,11.4
2023/10/14,1:00,11
2023/10/14,2:00,10.7
2023/10/14,3:00,9.9
2023/10/14,4:00,10.4
2023/10/14,5:00,10.2
2023/10/14,6:00,10
2023/10/14,7:00,12.2
2023/10/14,8:00,14.2
2023/10/14,9:00,13.4
2023/10/14,10:00,14.5
2023/10/14,11:00,17.3
2023/10/14,12:00,18.3
2023/10/14,13:00,19.6
2023/10/14,14:00,17.5
2023/10/14,15:00,17.4
2023/10/14,16:00,17.4
2023/10/14,17:00,17
2023/10/14,18:00,17
2023/10/14,19:00,16.8
2023/10/14,20:00,16.1
2023/10/14,21:00,15.2
2023/10/14,22:00,14.8
2023/10/14,23:00,14.5
2023/10/15,0:00,15.1
2023/10/15,1:00,15.3
2023/10/15,2:00,15
2023/10/15,3:00,15.1
2023/10/15,4:00,15
2023/10/15,5:00,14.8
2023/10/15,6:00,14.8
2023/10/15,7:00,14.9
2023/10/15,8:00,14.8
2023/10/15,9:00,15
2023/10/15,10:00,15.4
2023/10/15,11:00,15.6
2023/10/15,12:00,15.9
2023/10/15,13:00,15.6
2023/10/15,14:00,16.4
2023/10/15,15:00,18.6
2023/10/15,16:00,18.8
2023/10/15,17:00,17.3
2023/10/15,18:00,16.2
2023/10/15,19:00,15.9
2023/10/15,20:00,15.1
2023/10/15,21:00,15
2023/10/15,22:00,14.1
2023/10/15,23:00,14.3
2023/10/16,0:00,13.6
2023/10/16,1:00,12.5
2023/10/16,2:00,12.2
2023/10/16,3:00,12
2023/10/16,4:00,11.3
2023/10/16,5:00,10.8
2023/10/16,6:00,10.6
2023/10/16,7:00,13.6
2023/10/16,8:00,17.1
2023/10/16,9:00,19.5
2023/10/16,10:00,19.8
2023/10/16,11:00,21
2023/10/16,12:00,20.9
2023/10/16,13:00,21.6
2023/10/16,14:00,20.5
2023/10/16,15:00,20.5
2023/10/16,16:00,19.5
2023/10/16,17:00,18.2
2023/10/16,18:00,17.4
2023/10/16,19:00,17.8
2023/10/16,20:00,17.8
2023/10/16,21:00,17.6
2023/10/16,22:00,16.6
2023/10/16,23:00,15.8
2023/10/17,0:00,15.2
2023/10/17,1:00,14.8
2023/10/17,2:00,13.8
2023/10/17,3:00,13.8
2023/10/17,4:00,13
2023/10/17,5:00,12.8
2023/10/17,6:00,12.8
2023/10/17,7:00,14.8
2023/10/17,8:00,17.5
2023/10/17,9:00,19.2
2023/10/17,10:00,19.5
2023/10/17,11:00,20
2023/10/17,12:00,19.9
2023/10/17,13:00,20.6
2023/10/17,14:00,19.6
2023/10/17,15:00,19.2
2023/10/17,16:00,17.7
2023/10/17,17:00,14
2023/10/17,18:00,12.9
2023/10/17,19:00,12.6
2023/10/17,20:00,12.3
2023/10/17,21:00,12
2023/10/17,22:00,11.7
2023/10/17,23:00,11.5
2023/10/18,0:00,11.6
2023/10/18,1:00,11.4
2023/10/18,2:00,10.9
2023/10/18,3:00,10.9
2023/10/18,4:00,10.6
2023/10/18,5:00,10.3
2023/10/18,6:00,9.9
2023/10/18,7:00,12.1
2023/10/18,8:00,15.1
2023/10/18,9:00,16.5
2023/10/18,10:00,18
2023/10/18,11:00,19.1
2023/10/18,12:00,19.4
2023/10/18,13:00,21.5
2023/10/18,14:00,21.4
2023/10/18,15:00,21
2023/10/18,16:00,20.3
2023/10/18,17:00,18.4
2023/10/18,18:00,18.3
2023/10/18,19:00,18
2023/10/18,20:00,17.1
2023/10/18,21:00,16.3
2023/10/18,22:00,16.5
2023/10/18,23:00,16.3
2023/10/19,0:00,15.8
2023/10/19,1:00,15
2023/10/19,2:00,14.7
2023/10/19,3:00,14.1
2023/10/19,4:00,13.6
2023/10/19,5:00,12.3
2023/10/19,6:00,12.8
2023/10/19,7:00,14.8
2023/10/19,8:00,18
2023/10/19,9:00,19.8
2023/10/19,10:00,21.6
2023/10/19,11:00,22.5
2023/10/19,12:00,21.9
2023/10/19,13:00,20.8
2023/10/19,14:00,20.5
2023/10/19,15:00,19.8
2023/10/19,16:00,17.7
2023/10/19,17:00,17.2
2023/10/19,18:00,17.2
2023/10/19,19:00,16.9
2023/10/19,20:00,16.9
2023/10/19,21:00,16.6
2023/10/19,22:00,15.9
2023/10/19,23:00,15.5
2023/10/20,0:00,14.7
2023/10/20,1:00,14.6
2023/10/20,2:00,13.6
2023/10/20,3:00,13.7
2023/10/20,4:00,13.5
2023/10/20,5:00,13.4
2023/10/20,6:00,13.2
2023/10/20,7:00,15.2
2023/10/20,8:00,17.1
2023/10/20,9:00,19.2
2023/10/20,10:00,20.6
2023/10/20,11:00,22.1
2023/10/20,12:00,23.2
2023/10/20,13:00,23.6
2023/10/20,14:00,23.5
2023/10/20,15:00,22.9
2023/10/20,16:00,19.8
2023/10/20,17:00,18.9
2023/10/20,18:00,18.9
2023/10/20,19:00,18.9
2023/10/20,20:00,18.2
2023/10/20,21:00,17.1
2023/10/20,22:00,16.9
2023/10/20,23:00,16.7
2023/10/21,0:00,16.5
2023/10/21,1:00,15.7
2023/10/21,2:00,14.8
2023/10/21,3:00,14.1
2023/10/21,4:00,13.8
2023/10/21,5:00,13.2
2023/10/21,6:00,12.7
2023/10/21,7:00,12.4
2023/10/21,8:00,13
2023/10/21,9:00,15.9
2023/10/21,10:00,14
2023/10/21,11:00,15.3
2023/10/21,12:00,15
2023/10/21,13:00,15.4
2023/10/21,14:00,17
2023/10/21,15:00,15.6
2023/10/21,16:00,15.2
2023/10/21,17:00,12.7
2023/10/21,18:00,11.5
2023/10/21,19:00,10.7
2023/10/21,20:00,10.2
2023/10/21,21:00,9.7
2023/10/21,22:00,9
2023/10/21,23:00,8.5
2023/10/22,0:00,8.3
2023/10/22,1:00,8
2023/10/22,2:00,7.8
2023/10/22,3:00,7.6
2023/10/22,4:00,7.4
2023/10/22,5:00,6.9
2023/10/22,6:00,7.1
2023/10/22,7:00,8.8
2023/10/22,8:00,10.5
2023/10/22,9:00,13
2023/10/22,10:00,14.5
2023/10/22,11:00,15.4
2023/10/22,12:00,15.3
2023/10/22,13:00,15.8
2023/10/22,14:00,16.7
2023/10/22,15:00,16.3
2023/10/22,16:00,15.2
2023/10/22,17:00,13.5
2023/10/22,18:00,13.2
2023/10/22,19:00,13
2023/10/22,20:00,12.7
2023/10/22,21:00,12.6
2023/10/22,22:00,11.7
2023/10/22,23:00,10.8
2023/10/23,0:00,10.2
2023/10/23,1:00,10.1
2023/10/23,2:00,9.5
2023/10/23,3:00,9.2
2023/10/23,4:00,8.7
2023/10/23,5:00,8.5
2023/10/23,6:00,8.2
2023/10/23,7:00,9.9
2023/10/23,8:00,11.8
2023/10/23,9:00,15
2023/10/23,10:00,15.1
2023/10/23,11:00,16.4
2023/10/23,12:00,18
2023/10/23,13:00,17.8
2023/10/23,14:00,18.2
2023/10/23,15:00,17.2
2023/10/23,16:00,15.9
2023/10/23,17:00,14
2023/10/23,18:00,13.8
2023/10/23,19:00,14.3
2023/10/23,20:00,14.3
2023/10/23,21:00,13.2
2023/10/23,22:00,11.5
2023/10/23,23:00,11.5
2023/10/24,0:00,11.4
2023/10/24,1:00,10.8
2023/10/24,2:00,10.3
2023/10/24,3:00,10.2
2023/10/24,4:00,10.2
2023/10/24,5:00,9.5
2023/10/24,6:00,9.3
2023/10/24,7:00,11.3
2023/10/24,8:00,13.8
2023/10/24,9:00,17
2023/10/24,10:00,18.4
2023/10/24,11:00,20.1
2023/10/24,12:00,19.9
2023/10/24,13:00,20.5
2023/10/24,14:00,19.8
2023/10/24,15:00,19.4
2023/10/24,16:00,18.5
2023/10/24,17:00,15.7
2023/10/24,18:00,16.2
2023/10/24,19:00,17.1
2023/10/24,20:00,17.3
2023/10/24,21:00,17.1
2023/10/24,22:00,15.9
2023/10/24,23:00,13.6
2023/10/25,0:00,13.2
2023/10/25,1:00,13.2
2023/10/25,2:00,13.3
2023/10/25,3:00,13.7
2023/10/25,4:00,12.9
2023/10/25,5:00,12.8
2023/10/25,6:00,12.2
2023/10/25,7:00,13.1
2023/10/25,8:00,15.5
2023/10/25,9:00,16.6
2023/10/25,10:00,19
2023/10/25,11:00,17.3
2023/10/25,12:00,20
2023/10/25,13:00,17.6
2023/10/25,14:00,18.9
2023/10/25,15:00,17.3
2023/10/25,16:00,17.5
2023/10/25,17:00,15.2
2023/10/25,18:00,14.4
2023/10/25,19:00,14.2
2023/10/25,20:00,13.9
2023/10/25,21:00,14.1
2023/10/25,22:00,13.9
2023/10/25,23:00,13.4
2023/10/26,0:00,12.6
2023/10/26,1:00,12.4
2023/10/26,2:00,11.9
2023/10/26,3:00,11.9
2023/10/26,4:00,11.2
2023/10/26,5:00,10.6
2023/10/26,6:00,10
2023/10/26,7:00,11.6
2023/10/26,8:00,14.5
2023/10/26,9:00,17.2
2023/10/26,10:00,18.1
2023/10/26,11:00,18.5
2023/10/26,12:00,19.2
2023/10/26,13:00,18.3
2023/10/26,14:00,18
2023/10/26,15:00,18.1
2023/10/26,16:00,16
2023/10/26,17:00,14
2023/10/26,18:00,14.3
2023/10/26,19:00,13.8
2023/10/26,20:00,13.3
2023/10/26,21:00,14
2023/10/26,22:00,13.6
2023/10/26,23:00,12.4
2023/10/27,0:00,12.4
2023/10/27,1:00,12.6
2023/10/27,2:00,12.2
2023/10/27,3:00,11.2
2023/10/27,4:00,11.1
2023/10/27,5:00,10.7
2023/10/27,6:00,10.2
2023/10/27,7:00,12
2023/10/27,8:00,14.7
2023/10/27,9:00,15.9
2023/10/27,10:00,17.5
2023/10/27,11:00,18.4
2023/10/27,12:00,19.6
2023/10/27,13:00,19.8
2023/10/27,14:00,20.3
2023/10/27,15:00,19.4
2023/10/27,16:00,16.5
2023/10/27,17:00,16
2023/10/27,18:00,15.3
2023/10/27,19:00,15.1
2023/10/27,20:00,14.5
2023/10/27,21:00,13.7
2023/10/27,22:00,12.7
2023/10/27,23:00,12.7
2023/10/28,0:00,13.3
2023/10/28,1:00,13.4
2023/10/28,2:00,12.8
2023/10/28,3:00,12.8
2023/10/28,4:00,12.4
2023/10/28,5:00,12.7
2023/10/28,6:00,12.9
2023/10/28,7:00,14
2023/10/28,8:00,14.3
2023/10/28,9:00,14.5
2023/10/28,10:00,18.1
2023/10/28,11:00,19
2023/10/28,12:00,19.3
2023/10/28,13:00,19.1
2023/10/28,14:00,18.6
2023/10/28,15:00,18.7
2023/10/28,16:00,17.2
2023/10/28,17:00,15.4
2023/10/28,18:00,15.7
2023/10/28,19:00,15.6
2023/10/28,20:00,14.8
2023/10/28,21:00,13.7
2023/10/28,22:00,12.7
2023/10/28,23:00,12.6
2023/10/29,0:00,12.2
2023/10/29,1:00,12.6
2023/10/29,2:00,12.1
2023/10/29,3:00,11.9
2023/10/29,4:00,12
2023/10/29,5:00,11.8
2023/10/29,6:00,12
2023/10/29,7:00,13
2023/10/29,8:00,13.2
2023/10/29,9:00,13.6
2023/10/29,10:00,13.4
2023/10/29,11:00,14.7
2023/10/29,12:00,15.3
2023/10/29,13:00,17.2
2023/10/29,14:00,17.6
2023/10/29,15:00,17.5
2023/10/29,16:00,14.9
2023/10/29,17:00,12.8
2023/10/29,18:00,12.2
2023/10/29,19:00,11.9
2023/10/29,20:00,11.3
2023/10/29,21:00,10.8
2023/10/29,22:00,10.5
2023/10/29,23:00,10.4
2023/10/30,0:00,9.9
2023/10/30,1:00,9.6
2023/10/30,2:00,9.7
2023/10/30,3:00,9.4
2023/10/30,4:00,8.7
2023/10/30,5:00,8.3
2023/10/30,6:00,8.9
2023/10/30,7:00,11.2
2023/10/30,8:00,14
2023/10/30,9:00,15.3
2023/10/30,10:00,17
2023/10/30,11:00,18.4
2023/10/30,12:00,18.5
2023/10/30,13:00,18.8
2023/10/30,14:00,18.5
2023/10/30,15:00,18
2023/10/30,16:00,17.2
2023/10/30,17:00,15.5
2023/10/30,18:00,15
2023/10/30,19:00,14
2023/10/30,20:00,14
2023/10/30,21:00,14
2023/10/30,22:00,13.9
2023/10/30,23:00,13.5
2023/10/31,0:00,13.5
2023/10/31,1:00,12.7
2023/10/31,2:00,12.2
2023/10/31,3:00,12.4
2023/10/31,4:00,11.9
2023/10/31,5:00,12.4
2023/10/31,6:00,12
2023/10/31,7:00,12.8
2023/10/31,8:00,15.9
2023/10/31,9:00,15.8
2023/10/31,10:00,18.6
2023/10/31,11:00,17.2
2023/10/31,12:00,17
2023/10/31,13:00,17.3
2023/10/31,14:00,16.9
2023/10/31,15:00,18.1
2023/10/31,16:00,16.6
2023/10/31,17:00,15.6
2023/10/31,18:00,15.1
2023/10/31,19:00,15
2023/10/31,20:00,14.3
2023/10/31,21:00,13.4
2023/10/31,22:00,13.5
2023/10/31,23:00,13.3
2023/11/1,0:00,12.7
2024/4/1,1:00,13.1
2024/4/1,2:00,12.9
2024/4/1,3:00,12.3
2024/4/1,4:00,11.8
2024/4/1,5:00,11.4
2024/4/1,6:00,11.4
2024/4/1,7:00,12.1
2024/4/1,8:00,12.8
2024/4/1,9:00,12.8
2024/4/1,10:00,15.6
2024/4/1,11:00,16
2024/4/1,12:00,16.3
2024/4/1,13:00,16.4
2024/4/1,14:00,14
2024/4/1,15:00,14.5
2024/4/1,16:00,13.6
2024/4/1,17:00,13.3
2024/4/1,18:00,12.7
2024/4/1,19:00,11.9
2024/4/1,20:00,10.8
2024/4/1,21:00,10.4
2024/4/1,22:00,9.8
2024/4/1,23:00,8
2024/4/2,0:00,6.8
2024/4/2,1:00,5.9
2024/4/2,2:00,5
2024/4/2,3:00,4.6
2024/4/2,4:00,4.5
2024/4/2,5:00,4.4
2024/4/2,6:00,5.5
2024/4/2,7:00,7.8
2024/4/2,8:00,9.7
2024/4/2,9:00,10.4
2024/4/2,10:00,12.2
2024/4/2,11:00,14.4
2024/4/2,12:00,14.8
2024/4/2,13:00,13.2
2024/4/2,14:00,16.2
2024/4/2,15:00,15.9
2024/4/2,16:00,15.1
2024/4/2,17:00,12.7
2024/4/2,18:00,11.8
2024/4/2,19:00,11.8
2024/4/2,20:00,11.7
2024/4/2,21:00,11.7
2024/4/2,22:00,11.9
2024/4/2,23:00,11.8
2024/4/3,0:00,11
2024/4/3,1:00,11
2024/4/3,2:00,10.5
2024/4/3,3:00,8.4
2024/4/3,4:00,8
2024/4/3,5:00,7.7
2024/4/3,6:00,8.1
2024/4/3,7:00,8.9
2024/4/3,8:00,9.8
2024/4/3,9:00,10.6
2024/4/3,10:00,11.5
2024/4/3,11:00,11.7
2024/4/3,12:00,12.4
2024/4/3,13:00,12.2
2024/4/3,14:00,12.7
2024/4/3,15:00,12.6
2024/4/3,16:00,12.1
2024/4/3,17:00,11.5
2024/4/3,18:00,11.3
2024/4/3,19:00,11.2
2024/4/3,20:00,11.1
2024/4/3,21:00,10.9
2024/4/3,22:00,10.2
2024/4/3,23:00,10.1
2024/4/4,0:00,10.3
2024/4/4,1:00,10.4
2024/4/4,2:00,10.7
2024/4/4,3:00,10.9
2024/4/4,4:00,11.2
2024/4/4,5:00,11.4
2024/4/4,6:00,11.9
2024/4/4,7:00,12.4
2024/4/4,8:00,13.2
2024/4/4,9:00,13.9
2024/4/4,10:00,14.9
2024/4/4,11:00,15.4
2024/4/4,12:00,16.4
2024/4/4,13:00,16.3
2024/4/4,14:00,17.4
2024/4/4,15:00,16.7
2024/4/4,16:00,16.4
2024/4/4,17:00,15.9
2024/4/4,18:00,15.5
2024/4/4,19:00,15.2
2024/4/4,20:00,12.3
2024/4/4,21:00,11.4
2024/4/4,22:00,10.5
2024/4/4,23:00,10.2
2024/4/5,0:00,10.1
2024/4/5,1:00,10
2024/4/5,2:00,10.3
2024/4/5,3:00,11.4
2024/4/5,4:00,11.4
2024/4/5,5:00,10.8
2024/4/5,6:00,10.2
2024/4/5,7:00,9.9
2024/4/5,8:00,9.9
2024/4/5,9:00,9.9
2024/4/5,10:00,9.6
2024/4/5,11:00,9.6
2024/4/5,12:00,9.2
2024/4/5,13:00,9.3
2024/4/5,14:00,9.6
2024/4/5,15:00,9.5
2024/4/5,16:00,9.4
2024/4/5,17:00,9
2024/4/5,18:00,8.6
2024/4/5,19:00,8.7
2024/4/5,20:00,8.7
2024/4/5,21:00,8.5
2024/4/5,22:00,8.4
2024/4/5,23:00,8.5
2024/4/6,0:00,8.6
2024/4/6,1:00,8.8
2024/4/6,2:00,8.4
2024/4/6,3:00,8.3
2024/4/6,4:00,8.4
2024/4/6,5:00,8.3
2024/4/6,6:00,8.7
2024/4/6,7:00,9.5
2024/4/6,8:00,9.8
2024/4/6,9:00,10.4
2024/4/6,10:00,11
2024/4/6,11:00,11.9
2024/4/6,12:00,12.1
2024/4/6,13:00,12.8
2024/4/6,14:00,14
2024/4/6,15:00,14.1
2024/4/6,16:00,14.2
2024/4/6,17:00,14
2024/4/6,18:00,13.7
2024/4/6,19:00,13.7
2024/4/6,20:00,13.6
2024/4/6,21:00,13.3
2024/4/6,22:00,12.8
2024/4/6,23:00,12.8
2024/4/7,0:00,12.4
2024/4/7,1:00,12.2
2024/4/7,2:00,12.5
2024/4/7,3:00,12.4
2024/4/7,4:00,12.6
2024/4/7,5:00,12.3
2024/4/7,6:00,12.5
2024/4/7,7:00,13.1
2024/4/7,8:00,15.8
2024/4/7,9:00,16.7
2024/4/7,10:00,18.5
2024/4/7,11:00,19.6
2024/4/7,12:00,19.7
2024/4/7,13:00,20.1
2024/4/7,14:00,20.5
2024/4/7,15:00,21
2024/4/7,16:00,19.7
2024/4/7,17:00,18.4
2024/4/7,18:00,16.9
2024/4/7,19:00,17.1
2024/4/7,20:00,16.7
2024/4/7,21:00,16.1
2024/4/7,22:00,15.3
2024/4/7,23:00,15
2024/4/8,0:00,14.6
2024/4/8,1:00,14.9
2024/4/8,2:00,14.8
2024/4/8,3:00,14.6
2024/4/8,4:00,14.7
2024/4/8,5:00,14.8
2024/4/8,6:00,15.2
2024/4/8,7:00,17.8
2024/4/8,8:00,17.6
2024/4/8,9:00,18.3
2024/4/8,10:00,19.3
2024/4/8,11:00,19.5
2024/4/8,12:00,20.4
2024/4/8,13:00,20.1
2024/4/8,14:00,19.4
2024/4/8,15:00,19.5
2024/4/8,16:00,19.4
2024/4/8,17:00,18.8
2024/4/8,18:00,18.4
2024/4/8,19:00,18.2
2024/4/8,20:00,17.9
2024/4/8,21:00,17.7
2024/4/8,22:00,17.6
2024/4/8,23:00,17.5
2024/4/9,0:00,17.4
2024/4/9,1:00,17.1
2024/4/9,2:00,17
2024/4/9,3:00,17.1
2024/4/9,4:00,17.1
2024/4/9,5:00,17.1
2024/4/9,6:00,17.4
2024/4/9,7:00,18.2
2024/4/9,8:00,19.6
2024/4/9,9:00,20.6
2024/4/9,10:00,21.2
2024/4/9,11:00,13.6
2024/4/9,12:00,14.8
2024/4/9,13:00,13.6
2024/4/9,14:00,13
2024/4/9,15:00,12.6
2024/4/9,16:00,12.2
2024/4/9,17:00,11
2024/4/9,18:00,9.6
2024/4/9,19:00,9.2
2024/4/9,20:00,8.4
2024/4/9,21:00,7.7
2024/4/9,22:00,6.4
2024/4/9,23:00,5.2
2024/4/10,0:00,4.7
2024/4/10,1:00,4.2
2024/4/10,2:00,4
2024/4/10,3:00,3.7
2024/4/10,4:00,3.6
2024/4/10,5:00,3.3
2024/4/10,6:00,4.5
2024/4/10,7:00,6.5
2024/4/10,8:00,7.9
2024/4/10,9:00,9.5
2024/4/10,10:00,10.1
2024/4/10,11:00,11.4
2024/4/10,12:00,11.2
2024/4/10,13:00,11.7
2024/4/10,14:00,12.4
2024/4/10,15:00,11.7
2024/4/10,16:00,12.3
2024/4/10,17:00,10.3
2024/4/10,18:00,8.4
2024/4/10,19:00,9.1
2024/4/10,20:00,8.5
2024/4/10,21:00,8
2024/4/10,22:00,7.7
2024/4/10,23:00,7
2024/4/11,0:00,7
2024/4/11,1:00,6.8
2024/4/11,2:00,5.6
2024/4/11,3:00,5.7
2024/4/11,4:00,5.8
2024/4/11,5:00,4.6
2024/4/11,6:00,5.9
2024/4/11,7:00,8.7
2024/4/11,8:00,10.3
2024/4/11,9:00,12
2024/4/11,10:00,13.8
2024/4/11,11:00,14.9
2024/4/11,12:00,15.3
2024/4/11,13:00,15.8
2024/4/11,14:00,15.9
2024/4/11,15:00,13.6
2024/4/11,16:00,15
2024/4/11,17:00,12.6
2024/4/11,18:00,11.9
2024/4/11,19:00,11.8
2024/4/11,20:00,11.8
2024/4/11,21:00,11.6
2024/4/11,22:00,11.5
2024/4/11,23:00,11.1
2024/4/12,0:00,11.5
2024/4/12,1:00,11.3
2024/4/12,2:00,11.3
2024/4/12,3:00,11.1
2024/4/12,4:00,11.2
2024/4/12,5:00,10.9
2024/4/12,6:00,11.1
2024/4/12,7:00,11.7
2024/4/12,8:00,12.9
2024/4/12,9:00,15.8
2024/4/12,10:00,16.1
2024/4/12,11:00,14.4
2024/4/12,12:00,14.6
2024/4/12,13:00,17.5
2024/4/12,14:00,15.1
2024/4/12,15:00,14.9
2024/4/12,16:00,16.4
2024/4/12,17:00,15.4
2024/4/12,18:00,13.5
2024/4/12,19:00,13.2
2024/4/12,20:00,12.7
2024/4/12,21:00,12.2
2024/4/12,22:00,11.8
2024/4/12,23:00,11.4
2024/4/13,0:00,10.9
2024/4/13,1:00,10.7
2024/4/13,2:00,10.1
2024/4/13,3:00,9.5
2024/4/13,4:00,9.5
2024/4/13,5:00,9.4
2024/4/13,6:00,11.4
2024/4/13,7:00,13.7
2024/4/13,8:00,15.2
2024/4/13,9:00,16.7
2024/4/13,10:00,16.8
2024/4/13,11:00,17.9
2024/4/13,12:00,17.3
2024/4/13,13:00,18.4
2024/4/13,14:00,18.6
2024/4/13,15:00,18.5
2024/4/13,16:00,18
2024/4/13,17:00,16.3
2024/4/13,18:00,14.3
2024/4/13,19:00,13.9
2024/4/13,20:00,14.3
2024/4/13,21:00,14.5
2024/4/13,22:00,14.3
2024/4/13,23:00,14.1
2024/4/14,0:00,14
2024/4/14,1:00,12.6
2024/4/14,2:00,12.3
2024/4/14,3:00,11.7
2024/4/14,4:00,11.4
2024/4/14,5:00,10.9
2024/4/14,6:00,12.4
2024/4/14,7:00,14.6
2024/4/14,8:00,16.9
2024/4/14,9:00,18.3
2024/4/14,10:00,18.2
2024/4/14,11:00,20.4
2024/4/14,12:00,20
2024/4/14,13:00,19.6
2024/4/14,14:00,19.5
2024/4/14,15:00,20.3
2024/4/14,16:00,19.6
2024/4/14,17:00,18.3
2024/4/14,18:00,16.3
2024/4/14,19:00,14.8
2024/4/14,20:00,13.8
2024/4/14,21:00,13.9
2024/4/14,22:00,13.2
2024/4/14,23:00,13.7
2024/4/15,0:00,13.8
2024/4/15,1:00,13.2
2024/4/15,2:00,13
2024/4/15,3:00,12.2
2024/4/15,4:00,11.6
2024/4/15,5:00,11.3
2024/4/15,6:00,12.5
2024/4/15,7:00,14.9
2024/4/15,8:00,17
2024/4/15,9:00,19.2
2024/4/15,10:00,19.9
2024/4/15,11:00,19.8
2024/4/15,12:00,20.2
2024/4/15,13:00,20.5
2024/4/15,14:00,22
2024/4/15,15:00,21.3
2024/4/15,16:00,20.1
2024/4/15,17:00,18.6
2024/4/15,18:00,15.2
2024/4/15,19:00,15.3
2024/4/15,20:00,15
2024/4/15,21:00,15.7
2024/4/15,22:00,15.7
2024/4/15,23:00,15.6
2024/4/16,0:00,15.2
2024/4/16,1:00,15.3
2024/4/16,2:00,14.7
2024/4/16,3:00,14.5
2024/4/16,4:00,14.7
2024/4/16,5:00,12.3
2024/4/16,6:00,12.8
2024/4/16,7:00,13.6
2024/4/16,8:00,14.5
2024/4/16,9:00,15.9
2024/4/16,10:00,20.2
2024/4/16,11:00,20.2
2024/4/16,12:00,20
2024/4/16,13:00,20.6
2024/4/16,14:00,20.3
2024/4/16,15:00,20.1
2024/4/16,16:00,19.8
2024/4/16,17:00,18.3
2024/4/16,18:00,16
2024/4/16,19:00,15.8
2024/4/16,20:00,15.4
2024/4/16,21:00,15.4
2024/4/16,22:00,15.4
2024/4/16,23:00,15.3
2024/4/17,0:00,15.2
2024/4/17,1:00,15.1
2024/4/17,2:00,14.8
2024/4/17,3:00,14.5
2024/4/17,4:00,14.3
2024/4/17,5:00,13.4
2024/4/17,6:00,14.7
2024/4/17,7:00,16.1
2024/4/17,8:00,19.6
2024/4/17,9:00,19.6
2024/4/17,10:00,20.4
2024/4/17,11:00,21.8
2024/4/17,12:00,20.9
2024/4/17,13:00,21.2
2024/4/17,14:00,22.1
2024/4/17,15:00,21
2024/4/17,16:00,20.3
2024/4/17,17:00,18.1
2024/4/17,18:00,16.4
2024/4/17,19:00,15.6
2024/4/17,20:00,15.8
2024/4/17,21:00,15.6
2024/4/17,22:00,15.8
2024/4/17,23:00,15.9
2024/4/18,0:00,16
2024/4/18,1:00,15.6
2024/4/18,2:00,14.9
2024/4/18,3:00,15.3
2024/4/18,4:00,14.7
2024/4/18,5:00,13.3
2024/4/18,6:00,13.6
2024/4/18,7:00,14.4
2024/4/18,8:00,16.2
2024/4/18,9:00,15.9
2024/4/18,10:00,16.4
2024/4/18,11:00,16.9
2024/4/18,12:00,17.1
2024/4/18,13:00,16.9
2024/4/18,14:00,16.5
2024/4/18,15:00,16.3
2024/4/18,16:00,15.6
2024/4/18,17:00,14.6
2024/4/18,18:00,14.8
2024/4/18,19:00,15.2
2024/4/18,20:00,14.1
2024/4/18,21:00,14.1
2024/4/18,22:00,13.8
2024/4/18,23:00,13.6
2024/4/19,0:00,13.2
2024/4/19,1:00,13.2
2024/4/19,2:00,13
2024/4/19,3:00,11.1
2024/4/19,4:00,10.6
2024/4/19,5:00,10.3
2024/4/19,6:00,11.4
2024/4/19,7:00,13.4
2024/4/19,8:00,15
2024/4/19,9:00,16
2024/4/19,10:00,16.3
2024/4/19,11:00,16.1
2024/4/19,12:00,16.9
2024/4/19,13:00,17.8
2024/4/19,14:00,17.9
2024/4/19,15:00,17
2024/4/19,16:00,16.4
2024/4/19,17:00,14.5
2024/4/19,18:00,12.5
2024/4/19,19:00,11.4
2024/4/19,20:00,11.2
2024/4/19,21:00,10.8
2024/4/19,22:00,10.3
2024/4/19,23:00,10
2024/4/20,0:00,9.6
2024/4/20,1:00,9
2024/4/20,2:00,9.1
2024/4/20,3:00,8.6
2024/4/20,4:00,9
2024/4/20,5:00,8.9
2024/4/20,6:00,9.8
2024/4/20,7:00,12.7
2024/4/20,8:00,15.3
2024/4/20,9:00,16.2
2024/4/20,10:00,17.1
2024/4/20,11:00,18.1
2024/4/20,12:00,18.4
2024/4/20,13:00,17.4
2024/4/20,14:00,19
2024/4/20,15:00,19.5
2024/4/20,16:00,16.5
2024/4/20,17:00,16.3
2024/4/20,18:00,15.2
2024/4/20,19:00,15
2024/4/20,20:00,15.2
2024/4/20,21:00,15.9
2024/4/20,22:00,14.9
2024/4/20,23:00,14.7
2024/4/21,0:00,14.7
2024/4/21,1:00,13.7
2024/4/21,2:00,13.2
2024/4/21,3:00,13.2
2024/4/21,4:00,13.5
2024/4/21,5:00,13.7
2024/4/21,6:00,14.6
2024/4/21,7:00,14.3
2024/4/21,8:00,15.4
2024/4/21,9:00,16.8
2024/4/21,10:00,15.4
2024/4/21,11:00,19.6
2024/4/21,12:00,18
2024/4/21,13:00,18.4
2024/4/21,14:00,18.8
2024/4/21,15:00,18.5
2024/4/21,16:00,18.2
2024/4/21,17:00,17.2
2024/4/21,18:00,15.9
2024/4/21,19:00,15.8
2024/4/21,20:00,15.6
2024/4/21,21:00,15.7
2024/4/21,22:00,15.6
2024/4/21,23:00,15.8
2024/4/22,0:00,15.5
2024/4/22,1:00,15.1
2024/4/22,2:00,14.8
2024/4/22,3:00,14.2
2024/4/22,4:00,14
2024/4/22,5:00,13.6
2024/4/22,6:00,13.7
2024/4/22,7:00,14.1
2024/4/22,8:00,14.1
2024/4/22,9:00,14.1
2024/4/22,10:00,15.4
2024/4/22,11:00,15.3
2024/4/22,12:00,16
2024/4/22,13:00,16.4
2024/4/22,14:00,16.8
2024/4/22,15:00,16.4
2024/4/22,16:00,16.5
2024/4/22,17:00,17.2
2024/4/22,18:00,15.4
2024/4/22,19:00,15.1
2024/4/22,20:00,15.1
2024/4/22,21:00,15.1
2024/4/22,22:00,14.9
2024/4/22,23:00,14.8
2024/4/23,0:00,14.1
2024/4/23,1:00,14.4
2024/4/23,2:00,14.7
2024/4/23,3:00,14.8
2024/4/23,4:00,14.7
2024/4/23,5:00,14.7
2024/4/23,6:00,15.4
2024/4/23,7:00,15.8
2024/4/23,8:00,16.1
2024/4/23,9:00,17
2024/4/23,10:00,17.5
2024/4/23,11:00,18.1
2024/4/23,12:00,17.7
2024/4/23,13:00,17.7
2024/4/23,14:00,17.1
2024/4/23,15:00,17.2
2024/4/23,16:00,16.7
2024/4/23,17:00,16.2
2024/4/23,18:00,15.6
2024/4/23,19:00,15.6
2024/4/23,20:00,15.6
2024/4/23,21:00,15.5
2024/4/23,22:00,15
2024/4/23,23:00,14.9
2024/4/24,0:00,14.6
2024/4/24,1:00,14.4
2024/4/24,2:00,14.3
2024/4/24,3:00,14.2
2024/4/24,4:00,14.1
2024/4/24,5:00,14.2
2024/4/24,6:00,14.6
2024/4/24,7:00,15
2024/4/24,8:00,15.8
2024/4/24,9:00,16
2024/4/24,10:00,15.4
2024/4/24,11:00,15.8
2024/4/24,12:00,16.2
2024/4/24,13:00,15.9
2024/4/24,14:00,15.7
2024/4/24,15:00,15.8
2024/4/24,16:00,15.4
2024/4/24,17:00,15
2024/4/24,18:00,14.7
2024/4/24,19:00,14.4
2024/4/24,20:00,14.4
2024/4/24,21:00,14.2
2024/4/24,22:00,13.9
2024/4/24,23:00,13.6
2024/4/25,0:00,13.7
2024/4/25,1:00,13.9
2024/4/25,2:00,13.9
2024/4/25,3:00,13.9
2024/4/25,4:00,13.9
2024/4/25,5:00,13.9
2024/4/25,6:00,14.8
2024/4/25,7:00,17.5
2024/4/25,8:00,18.9
2024/4/25,9:00,20.6
2024/4/25,10:00,21.2
2024/4/25,11:00,22.2
2024/4/25,12:00,21.8
2024/4/25,13:00,22.8
2024/4/25,14:00,23.2
2024/4/25,15:00,23.3
2024/4/25,16:00,22.7
2024/4/25,17:00,22.2
2024/4/25,18:00,18
2024/4/25,19:00,16.9
2024/4/25,20:00,15.9
2024/4/25,21:00,15.2
2024/4/25,22:00,14.1
2024/4/25,23:00,13.5
2024/4/26,0:00,13.1
2024/4/26,1:00,12.4
2024/4/26,2:00,12.6
2024/4/26,3:00,14.9
2024/4/26,4:00,13
2024/4/26,5:00,13.2
2024/4/26,6:00,13.8
2024/4/26,7:00,14.1
2024/4/26,8:00,17.7
2024/4/26,9:00,19.4
2024/4/26,10:00,21
2024/4/26,11:00,21.7
2024/4/26,12:00,22.1
2024/4/26,13:00,20.9
2024/4/26,14:00,19.9
2024/4/26,15:00,20
2024/4/26,16:00,19.5
2024/4/26,17:00,20
2024/4/26,18:00,19.8
2024/4/26,19:00,19.5
2024/4/26,20:00,19.4
2024/4/26,21:00,19.2
2024/4/26,22:00,19
2024/4/26,23:00,19
2024/4/27,0:00,18.7
2024/4/27,1:00,18.2
2024/4/27,2:00,17.6
2024/4/27,3:00,18.1
2024/4/27,4:00,17.8
2024/4/27,5:00,17.6
2024/4/27,6:00,18.1
2024/4/27,7:00,18.5
2024/4/27,8:00,19.3
2024/4/27,9:00,19.4
2024/4/27,10:00,20
2024/4/27,11:00,20.8
2024/4/27,12:00,20.8
2024/4/27,13:00,21
2024/4/27,14:00,21.1
2024/4/27,15:00,19.9
2024/4/27,16:00,19.4
2024/4/27,17:00,18.8
2024/4/27,18:00,18.4
2024/4/27,19:00,17.9
2024/4/27,20:00,17.7
2024/4/27,21:00,17.7
2024/4/27,22:00,17.5
2024/4/27,23:00,16.5
2024/4/28,0:00,16.3
2024/4/28,1:00,16.1
2024/4/28,2:00,15.7
2024/4/28,3:00,15.2
2024/4/28,4:00,15.4
2024/4/28,5:00,14.3
2024/4/28,6:00,16.9
2024/4/28,7:00,19.3
2024/4/28,8:00,20.8
2024/4/28,9:00,22.1
2024/4/28,10:00,22.6
2024/4/28,11:00,22.3
2024/4/28,12:00,23.3
2024/4/28,13:00,23.2
2024/4/28,14:00,22.8
2024/4/28,15:00,22.8
2024/4/28,16:00,21.4
2024/4/28,17:00,19.8
2024/4/28,18:00,19.5
2024/4/28,19:00,18.2
2024/4/28,20:00,18.1
2024/4/28,21:00,18
2024/4/28,22:00,17.8
2024/4/28,23:00,17.8
2024/4/29,0:00,18.2
2024/4/29,1:00,18.1
2024/4/29,2:00,17.9
2024/4/29,3:00,16.9
2024/4/29,4:00,16.4
2024/4/29,5:00,15.8
2024/4/29,6:00,17.8
2024/4/29,7:00,19.9
2024/4/29,8:00,21.5
2024/4/29,9:00,23.1
2024/4/29,10:00,22.9
2024/4/29,11:00,23.2
2024/4/29,12:00,23.5
2024/4/29,13:00,23.3
2024/4/29,14:00,21.3
2024/4/29,15:00,20.6
2024/4/29,16:00,20.1
2024/4/29,17:00,19.4
2024/4/29,18:00,19.1
2024/4/29,19:00,19.2
2024/4/29,20:00,19.1
2024/4/29,21:00,19.2
2024/4/29,22:00,19
2024/4/29,23:00,18.9
2024/4/30,0:00,18.7
2024/4/30,1:00,18.6
2024/4/30,2:00,18.6
2024/4/30,3:00,18.7
2024/4/30,4:00,18.6
2024/4/30,5:00,18.7
2024/4/30,6:00,19.2
2024/4/30,7:00,19.6
2024/4/30,8:00,20.1
2024/4/30,9:00,20.6
2024/4/30,10:00,20.4
2024/4/30,11:00,20.8
2024/4/30,12:00,21.3
2024/4/30,13:00,21.1
2024/4/30,14:00,24.1
2024/4/30,15:00,21.7
2024/4/30,16:00,21.2
2024/4/30,17:00,20.5
2024/4/30,18:00,20
2024/4/30,19:00,19.9
2024/4/30,20:00,20
2024/4/30,21:00,20.2
2024/4/30,22:00,19.8
2024/4/30,23:00,19.6
2024/5/1,0:00,19
2024/5/1,1:00,18.7
2024/5/1,2:00,18.3
2024/5/1,3:00,18.4
2024/5/1,4:00,18.3
2024/5/1,5:00,18.6
2024/5/1,6:00,19
2024/5/1,7:00,19.2
2024/5/1,8:00,20
2024/5/1,9:00,19.6
2024/5/1,10:00,19.2
2024/5/1,11:00,18.6
2024/5/1,12:00,18
2024/5/1,13:00,17.3
2024/5/1,14:00,16.4
2024/5/1,15:00,15.8
2024/5/1,16:00,14.8
2024/5/1,17:00,14
2024/5/1,18:00,12.9
2024/5/1,19:00,12.3
2024/5/1,20:00,12.3
2024/5/1,21:00,11.8
2024/5/1,22:00,11.5
2024/5/1,23:00,11.7
2024/5/2,0:00,11.4
2024/5/2,1:00,11.3
2024/5/2,2:00,11.1
2024/5/2,3:00,11
2024/5/2,4:00,10.9
2024/5/2,5:00,10.7
2024/5/2,6:00,11.3
2024/5/2,7:00,13.9
2024/5/2,8:00,15.4
2024/5/2,9:00,16.7
2024/5/2,10:00,15.5
2024/5/2,11:00,16.2
2024/5/2,12:00,16.4
2024/5/2,13:00,16.7
2024/5/2,14:00,16.4
2024/5/2,15:00,16
2024/5/2,16:00,16.8
2024/5/2,17:00,16
2024/5/2,18:00,13.6
2024/5/2,19:00,12.2
2024/5/2,20:00,12.3
2024/5/2,21:00,12
2024/5/2,22:00,12
2024/5/2,23:00,11.9
2024/5/3,0:00,11.7
2024/5/3,1:00,11
2024/5/3,2:00,10.7
2024/5/3,3:00,10.3
2024/5/3,4:00,10
2024/5/3,5:00,9.9
2024/5/3,6:00,11.9
2024/5/3,7:00,14.7
2024/5/3,8:00,17.1
2024/5/3,9:00,16.9
2024/5/3,10:00,17.7
2024/5/3,11:00,19
2024/5/3,12:00,19.8
2024/5/3,13:00,19.7
2024/5/3,14:00,19.3
2024/5/3,15:00,20
2024/5/3,16:00,18.6
2024/5/3,17:00,18.3
2024/5/3,18:00,16.6
2024/5/3,19:00,15.4
2024/5/3,20:00,15.5
2024/5/3,21:00,15.3
2024/5/3,22:00,15
2024/5/3,23:00,14.4
2024/5/4,0:00,14.2
2024/5/4,1:00,13.7
2024/5/4,2:00,13.1
2024/5/4,3:00,12.7
2024/5/4,4:00,12.6
2024/5/4,5:00,12.2
2024/5/4,6:00,14.6
2024/5/4,7:00,16.5
2024/5/4,8:00,18.1
2024/5/4,9:00,19.9
2024/5/4,10:00,21.1
2024/5/4,11:00,20.4
2024/5/4,12:00,20.8
2024/5/4,13:00,22.1
2024/5/4,14:00,20.4
2024/5/4,15:00,20.6
2024/5/4,16:00,18.8
2024/5/4,17:00,20.2
2024/5/4,18:00,17
2024/5/4,19:00,14.7
2024/5/4,20:00,15.6
2024/5/4,21:00,15.3
2024/5/4,22:00,15.2
2024/5/4,23:00,14.6
2024/5/5,0:00,15.3
2024/5/5,1:00,14.8
2024/5/5,2:00,13.8
2024/5/5,3:00,13.2
2024/5/5,4:00,12.5
2024/5/5,5:00,12.5
2024/5/5,6:00,15.4
2024/5/5,7:00,18.8
2024/5/5,8:00,20
2024/5/5,9:00,20.2
2024/5/5,10:00,22.6
2024/5/5,11:00,22.6
2024/5/5,12:00,21.6
2024/5/5,13:00,20.8
2024/5/5,14:00,21.2
2024/5/5,15:00,20.9
2024/5/5,16:00,20
2024/5/5,17:00,19.5
2024/5/5,18:00,17.4
2024/5/5,19:00,16.4
2024/5/5,20:00,16.8
2024/5/5,21:00,16.5
2024/5/5,22:00,16.2
2024/5/5,23:00,15.7
2024/5/6,0:00,15
2024/5/6,1:00,15.4
2024/5/6,2:00,15.6
2024/5/6,3:00,15.4
2024/5/6,4:00,15.1
2024/5/6,5:00,15.8
2024/5/6,6:00,17.8
2024/5/6,7:00,17.7
2024/5/6,8:00,18.4
2024/5/6,9:00,21.1
2024/5/6,10:00,19
2024/5/6,11:00,18.9
2024/5/6,12:00,18.8
2024/5/6,13:00,18.8
2024/5/6,14:00,18.8
2024/5/6,15:00,18.4
2024/5/6,16:00,18.4
2024/5/6,17:00,18.1
2024/5/6,18:00,17.9
2024/5/6,19:00,17.6
2024/5/6,20:00,17.5
2024/5/6,21:00,17.7
2024/5/6,22:00,17.7
2024/5/6,23:00,17.6
2024/5/7,0:00,17.7
2024/5/7,1:00,18
2024/5/7,2:00,18.2
2024/5/7,3:00,18.1
2024/5/7,4:00,17.1
2024/5/7,5:00,16.7
2024/5/7,6:00,17
2024/5/7,7:00,17.6
2024/5/7,8:00,18.5
2024/5/7,9:00,18.7
2024/5/7,10:00,19.4
2024/5/7,11:00,20.3
2024/5/7,12:00,21.1
2024/5/7,13:00,20.5
2024/5/7,14:00,20.3
2024/5/7,15:00,20.4
2024/5/7,16:00,20.9
2024/5/7,17:00,20.8
2024/5/7,18:00,20.4
2024/5/7,19:00,17.9
2024/5/7,20:00,18
2024/5/7,21:00,18
2024/5/7,22:00,18
2024/5/7,23:00,18
2024/5/8,0:00,17.6
2024/5/8,1:00,17.1
2024/5/8,2:00,16.2
2024/5/8,3:00,16.1
2024/5/8,4:00,16
2024/5/8,5:00,16.4
2024/5/8,6:00,17.4
2024/5/8,7:00,17.9
2024/5/8,8:00,18.5
2024/5/8,9:00,19.5
2024/5/8,10:00,19.8
2024/5/8,11:00,20.8
2024/5/8,12:00,20.4
2024/5/8,13:00,19.5
2024/5/8,14:00,19.5
2024/5/8,15:00,18.4
2024/5/8,16:00,17.9
2024/5/8,17:00,15.5
2024/5/8,18:00,14
2024/5/8,19:00,13.1
2024/5/8,20:00,12.7
2024/5/8,21:00,12
2024/5/8,22:00,12
2024/5/8,23:00,11.5
2024/5/9,0:00,11.6
2024/5/9,1:00,10.3
2024/5/9,2:00,10
2024/5/9,3:00,9.6
2024/5/9,4:00,9.5
2024/5/9,5:00,9.8
2024/5/9,6:00,10.3
2024/5/9,7:00,10.9
2024/5/9,8:00,11.5
2024/5/9,9:00,11.4
2024/5/9,10:00,12.2
2024/5/9,11:00,12.7
2024/5/9,12:00,15.4
2024/5/9,13:00,16.4
2024/5/9,14:00,16.9
2024/5/9,15:00,16.5
2024/5/9,16:00,15.9
2024/5/9,17:00,15
2024/5/9,18:00,13.6
2024/5/9,19:00,12.6
2024/5/9,20:00,9.3
2024/5/9,21:00,8.5
2024/5/9,22:00,7.8
2024/5/9,23:00,7.3
2024/5/10,0:00,6.9
2024/5/10,1:00,6.4
2024/5/10,2:00,6.5
2024/5/10,3:00,6.6
2024/5/10,4:00,6.3
2024/5/10,5:00,6.5
2024/5/10,6:00,8.1
2024/5/10,7:00,10.8
2024/5/10,8:00,12.2
2024/5/10,9:00,14.7
2024/5/10,10:00,16.4
2024/5/10,11:00,16.4
2024/5/10,12:00,17.5
2024/5/10,13:00,18
2024/5/10,14:00,17.7
2024/5/10,15:00,17.9
2024/5/10,16:00,17.8
2024/5/10,17:00,17.1
2024/5/10,18:00,15.6
2024/5/10,19:00,14.9
2024/5/10,20:00,15.2
2024/5/10,21:00,14.9
2024/5/10,22:00,14.5
2024/5/10,23:00,14.1
2024/5/11,0:00,13.6
2024/5/11,1:00,13
2024/5/11,2:00,12.5
2024/5/11,3:00,11.6
2024/5/11,4:00,11.8
2024/5/11,5:00,11.1
2024/5/11,6:00,14.6
2024/5/11,7:00,15.9
2024/5/11,8:00,17.4
2024/5/11,9:00,18.7
2024/5/11,10:00,19.4
2024/5/11,11:00,19.4
2024/5/11,12:00,20.7
2024/5/11,13:00,22
2024/5/11,14:00,21.7
2024/5/11,15:00,21.4
2024/5/11,16:00,21.1
2024/5/11,17:00,19.7
2024/5/11,18:00,17.7
2024/5/11,19:00,16.2
2024/5/11,20:00,16
2024/5/11,21:00,15.6
2024/5/11,22:00,15.5
2024/5/11,23:00,15.6
2024/5/12,0:00,15.8
2024/5/12,1:00,15.2
2024/5/12,2:00,14.4
2024/5/12,3:00,14.2
2024/5/12,4:00,14.3
2024/5/12,5:00,14.9
2024/5/12,6:00,16.4
2024/5/12,7:00,17.2
2024/5/12,8:00,19.8
2024/5/12,9:00,19.1
2024/5/12,10:00,19.2
2024/5/12,11:00,19.9
2024/5/12,12:00,19.3
2024/5/12,13:00,19.3
2024/5/12,14:00,19.8
2024/5/12,15:00,19.5
2024/5/12,16:00,19.1
2024/5/12,17:00,18.7
2024/5/12,18:00,18.2
2024/5/12,19:00,18.1
2024/5/12,20:00,17.9
2024/5/12,21:00,17.4
2024/5/12,22:00,17.5
2024/5/12,23:00,17.5
2024/5/13,0:00,17.3
2024/5/13,1:00,17.4
2024/5/13,2:00,17.9
2024/5/13,3:00,17.9
2024/5/13,4:00,17.7
2024/5/13,5:00,19.1
2024/5/13,6:00,18
2024/5/13,7:00,17.7
2024/5/13,8:00,18.2
2024/5/13,9:00,18.7
2024/5/13,10:00,19.1
2024/5/13,11:00,19.3
2024/5/13,12:00,19.4
2024/5/13,13:00,19.7
2024/5/13,14:00,20.1
2024/5/13,15:00,19.6
2024/5/13,16:00,18.4
2024/5/13,17:00,18.2
2024/5/13,18:00,17.1
2024/5/13,19:00,16.6
2024/5/13,20:00,15.9
2024/5/13,21:00,15
2024/5/13,22:00,14.8
2024/5/13,23:00,14.8
2024/5/14,0:00,14.9
2024/5/14,1:00,13.5
2024/5/14,2:00,12.2
2024/5/14,3:00,11.8
2024/5/14,4:00,12.4
2024/5/14,5:00,11.8
2024/5/14,6:00,12.6
2024/5/14,7:00,13.5
2024/5/14,8:00,14.4
2024/5/14,9:00,15.3
2024/5/14,10:00,17.4
2024/5/14,11:00,17.8
2024/5/14,12:00,18.4
2024/5/14,13:00,18
2024/5/14,14:00,18.4
2024/5/14,15:00,18
2024/5/14,16:00,17.6
2024/5/14,17:00,17.2
2024/5/14,18:00,14.9
2024/5/14,19:00,14.3
2024/5/14,20:00,15.2
2024/5/14,21:00,15.1
2024/5/14,22:00,14.7
2024/5/14,23:00,14.3
2024/5/15,0:00,13.6
2024/5/15,1:00,12.8
2024/5/15,2:00,12.7
2024/5/15,3:00,12.2
2024/5/15,4:00,12.1
2024/5/15,5:00,12.2
2024/5/15,6:00,13.3
2024/5/15,7:00,14.1
2024/5/15,8:00,18.1
2024/5/15,9:00,18.9
2024/5/15,10:00,20.1
2024/5/15,11:00,21.5
2024/5/15,12:00,21.9
2024/5/15,13:00,22.2
2024/5/15,14:00,23
2024/5/15,15:00,20.3
2024/5/15,16:00,21.9
2024/5/15,17:00,19.4
2024/5/15,18:00,18.9
2024/5/15,19:00,18.6
2024/5/15,20:00,18.3
2024/5/15,21:00,18.5
2024/5/15,22:00,18.4
2024/5/15,23:00,17.9
2024/5/16,0:00,17.9
2024/5/16,1:00,15.5
2024/5/16,2:00,15.3
2024/5/16,3:00,15.5
2024/5/16,4:00,15.7
2024/5/16,5:00,15
2024/5/16,6:00,15.7
2024/5/16,7:00,16.4
2024/5/16,8:00,17.6
2024/5/16,9:00,18.4
2024/5/16,10:00,18.8
2024/5/16,11:00,20
2024/5/16,12:00,20.7
2024/5/16,13:00,20.6
2024/5/16,14:00,23.5
2024/5/16,15:00,23.3
2024/5/16,16:00,22.9
2024/5/16,17:00,20.4
2024/5/16,18:00,17.3
2024/5/16,19:00,14.5
2024/5/16,20:00,14.1
2024/5/16,21:00,14.1
2024/5/16,22:00,13.8
2024/5/16,23:00,13
2024/5/17,0:00,13
2024/5/17,1:00,12
2024/5/17,2:00,11.8
2024/5/17,3:00,11.4
2024/5/17,4:00,11
2024/5/17,5:00,11.4
2024/5/17,6:00,15.1
2024/5/17,7:00,16.8
2024/5/17,8:00,17.3
2024/5/17,9:00,18.6
2024/5/17,10:00,18.7
2024/5/17,11:00,19.5
2024/5/17,12:00,19.9
2024/5/17,13:00,19.7
2024/5/17,14:00,19.9
2024/5/17,15:00,19.8
2024/5/17,16:00,20.8
2024/5/17,17:00,19.1
2024/5/17,18:00,18
2024/5/17,19:00,15.8
2024/5/17,20:00,15.3
2024/5/17,21:00,15.3
2024/5/17,22:00,15.2
2024/5/17,23:00,15
2024/5/18,0:00,13.8
2024/5/18,1:00,13.4
2024/5/18,2:00,13.6
2024/5/18,3:00,13
2024/5/18,4:00,12.4
2024/5/18,5:00,13.1
2024/5/18,6:00,15
2024/5/18,7:00,17.4
2024/5/18,8:00,18.2
2024/5/18,9:00,20.6
2024/5/18,10:00,21.1
2024/5/18,11:00,21.8
2024/5/18,12:00,22
2024/5/18,13:00,23.6
2024/5/18,14:00,22.4
2024/5/18,15:00,22.5
2024/5/18,16:00,22
2024/5/18,17:00,21.6
2024/5/18,18:00,20.4
2024/5/18,19:00,19.3
2024/5/18,20:00,18.4
2024/5/18,21:00,17.8
2024/5/18,22:00,17.7
2024/5/18,23:00,17
2024/5/19,0:00,16.4
2024/5/19,1:00,17
2024/5/19,2:00,16.7
2024/5/19,3:00,16.5
2024/5/19,4:00,16.4
2024/5/19,5:00,16.6
2024/5/19,6:00,17.2
2024/5/19,7:00,18.2
2024/5/19,8:00,19.4
2024/5/19,9:00,20.2
2024/5/19,10:00,20
2024/5/19,11:00,20.8
2024/5/19,12:00,20.3
2024/5/19,13:00,20.3
2024/5/19,14:00,20.3
2024/5/19,15:00,20.3
2024/5/19,16:00,20.4
2024/5/19,17:00,20.1
2024/5/19,18:00,18
2024/5/19,19:00,17.9
2024/5/19,20:00,18.2
2024/5/19,21:00,18.6
2024/5/19,22:00,18.7
2024/5/19,23:00,18.1
2024/5/20,0:00,17
2024/5/20,1:00,15.6
2024/5/20,2:00,15.5
2024/5/20,3:00,14.9
2024/5/20,4:00,14.3
2024/5/20,5:00,14.4
2024/5/20,6:00,14.8
2024/5/20,7:00,15.1
2024/5/20,8:00,15.8
2024/5/20,9:00,16.4
2024/5/20,10:00,16.8
2024/5/20,11:00,17.6
2024/5/20,12:00,18.3
2024/5/20,13:00,18.9
2024/5/20,14:00,21
2024/5/20,15:00,21
2024/5/20,16:00,19.7
2024/5/20,17:00,19.5
2024/5/20,18:00,18.8
2024/5/20,19:00,18.5
2024/5/20,20:00,18.4
2024/5/20,21:00,18.4
2024/5/20,22:00,18
2024/5/20,23:00,18.2
2024/5/21,0:00,17.6
2024/5/21,1:00,17.2
2024/5/21,2:00,17.3
2024/5/21,3:00,17
2024/5/21,4:00,16.9
2024/5/21,5:00,16.8
2024/5/21,6:00,17.9
2024/5/21,7:00,20.4
2024/5/21,8:00,23.2
2024/5/21,9:00,23.2
2024/5/21,10:00,23.5
2024/5/21,11:00,24.6
2024/5/21,12:00,24.1
2024/5/21,13:00,25
2024/5/21,14:00,24.2
2024/5/21,15:00,22.2
2024/5/21,16:00,21.8
2024/5/21,17:00,22.5
2024/5/21,18:00,21.5
2024/5/21,19:00,20.3
2024/5/21,20:00,20.5
2024/5/21,21:00,20.2
2024/5/21,22:00,19.5
2024/5/21,23:00,19.1
2024/5/22,0:00,18.2
2024/5/22,1:00,15.3
2024/5/22,2:00,14.6
2024/5/22,3:00,16.2
2024/5/22,4:00,15.9
2024/5/22,5:00,13.3
2024/5/22,6:00,13.3
2024/5/22,7:00,14
2024/5/22,8:00,17.7
2024/5/22,9:00,18.7
2024/5/22,10:00,19.3
2024/5/22,11:00,20.4
2024/5/22,12:00,20.4
2024/5/22,13:00,20.9
2024/5/22,14:00,21.9
2024/5/22,15:00,21.3
2024/5/22,16:00,21
2024/5/22,17:00,19.1
2024/5/22,18:00,18.5
2024/5/22,19:00,18.3
2024/5/22,20:00,17.8
2024/5/22,21:00,17.9
2024/5/22,22:00,17.9
2024/5/22,23:00,17.7
2024/5/23,0:00,17.6
2024/5/23,1:00,17.5
2024/5/23,2:00,17.5
2024/5/23,3:00,16.5
2024/5/23,4:00,16.2
2024/5/23,5:00,15.8
2024/5/23,6:00,16.7
2024/5/23,7:00,17.8
2024/5/23,8:00,18.4
2024/5/23,9:00,19.2
2024/5/23,10:00,19.7
2024/5/23,11:00,20.2
2024/5/23,12:00,21.3
2024/5/23,13:00,20.8
2024/5/23,14:00,22.9
2024/5/23,15:00,23.5
2024/5/23,16:00,23.2
2024/5/23,17:00,21
2024/5/23,18:00,19.8
2024/5/23,19:00,19.5
2024/5/23,20:00,19.4
2024/5/23,21:00,19.3
2024/5/23,22:00,19.2
2024/5/23,23:00,19
2024/5/24,0:00,18.8
2024/5/24,1:00,18.6
2024/5/24,2:00,18.1
2024/5/24,3:00,17.6
2024/5/24,4:00,17.1
2024/5/24,5:00,17.1
2024/5/24,6:00,19.2
2024/5/24,7:00,20.8
2024/5/24,8:00,22.2
2024/5/24,9:00,22.1
2024/5/24,10:00,24
2024/5/24,11:00,24.9
2024/5/24,12:00,24.2
2024/5/24,13:00,24.5
2024/5/24,14:00,24.6
2024/5/24,15:00,25
2024/5/24,16:00,25
2024/5/24,17:00,22.6
2024/5/24,18:00,20.5
2024/5/24,19:00,19.7
2024/5/24,20:00,19.7
2024/5/24,21:00,20.1
2024/5/24,22:00,20.1
2024/5/24,23:00,18.2
2024/5/25,0:00,17.3
2024/5/25,1:00,16.5
2024/5/25,2:00,15.8
2024/5/25,3:00,15.3
2024/5/25,4:00,14.6
2024/5/25,5:00,13.6
2024/5/25,6:00,13.9
2024/5/25,7:00,13.6
2024/5/25,8:00,14.9
2024/5/25,9:00,17.5
2024/5/25,10:00,18.6
2024/5/25,11:00,19.2
2024/5/25,12:00,19.9
2024/5/25,13:00,20.5
2024/5/25,14:00,19.5
2024/5/25,15:00,21.4
2024/5/25,16:00,20.5
2024/5/25,17:00,18.7
2024/5/25,18:00,17.2
2024/5/25,19:00,15.5
2024/5/25,20:00,15.2
2024/5/25,21:00,15.1
2024/5/25,22:00,15.3
2024/5/25,23:00,14.5
2024/5/26,0:00,14.7
2024/5/26,1:00,14.3
2024/5/26,2:00,14.5
2024/5/26,3:00,14.5
2024/5/26,4:00,14.6
2024/5/26,5:00,14.7
2024/5/26,6:00,15.3
2024/5/26,7:00,16
2024/5/26,8:00,17.4
2024/5/26,9:00,18.5
2024/5/26,10:00,21.5
2024/5/26,11:00,21.4
2024/5/26,12:00,21.3
2024/5/26,13:00,20.9
2024/5/26,14:00,22.3
2024/5/26,15:00,21.9
2024/5/26,16:00,19.7
2024/5/26,17:00,19.2
2024/5/26,18:00,18.7
2024/5/26,19:00,18.5
2024/5/26,20:00,19
2024/5/26,21:00,19.2
2024/5/26,22:00,19
2024/5/26,23:00,19.2
2024/5/27,0:00,19
2024/5/27,1:00,18.5
2024/5/27,2:00,18.1
2024/5/27,3:00,17.7
2024/5/27,4:00,17.3
2024/5/27,5:00,16.7
2024/5/27,6:00,18.1
2024/5/27,7:00,18.1
2024/5/27,8:00,18.8
2024/5/27,9:00,19.9
2024/5/27,10:00,20.6
2024/5/27,11:00,21.3
2024/5/27,12:00,21.4
2024/5/27,13:00,22.4
2024/5/27,14:00,22.5
2024/5/27,15:00,23.1
2024/5/27,16:00,22.6
2024/5/27,17:00,22.5
2024/5/27,18:00,22.2
2024/5/27,19:00,21.8
2024/5/27,20:00,21.6
2024/5/27,21:00,21.5
2024/5/27,22:00,21.2
2024/5/27,23:00,21.1
2024/5/28,0:00,20.9
2024/5/28,1:00,20.4
2024/5/28,2:00,20.2
2024/5/28,3:00,20.4
2024/5/28,4:00,20.3
2024/5/28,5:00,19.6
2024/5/28,6:00,20.4
2024/5/28,7:00,20.8
2024/5/28,8:00,21.1
2024/5/28,9:00,22.3
2024/5/28,10:00,22.8
2024/5/28,11:00,24.5
2024/5/28,12:00,24.1
2024/5/28,13:00,24.7
2024/5/28,14:00,25.4
2024/5/28,15:00,24.9
2024/5/28,16:00,25.2
2024/5/28,17:00,25.1
2024/5/28,18:00,23.8
2024/5/28,19:00,23.7
2024/5/28,20:00,23.5
2024/5/28,21:00,23.6
2024/5/28,22:00,23.2
2024/5/28,23:00,23.1
2024/5/29,0:00,23.1
2024/5/29,1:00,22.4
2024/5/29,2:00,18.9
2024/5/29,3:00,18.6
2024/5/29,4:00,18.1
2024/5/29,5:00,17.4
2024/5/29,6:00,17
2024/5/29,7:00,17.1
2024/5/29,8:00,19.4
2024/5/29,9:00,20.8
2024/5/29,10:00,22
2024/5/29,11:00,22.5
2024/5/29,12:00,22.5
2024/5/29,13:00,22.3
2024/5/29,14:00,23.1
2024/5/29,15:00,23.8
2024/5/29,16:00,20.7
2024/5/29,17:00,21.9
2024/5/29,18:00,20.3
2024/5/29,19:00,18.3
2024/5/29,20:00,18
2024/5/29,21:00,17.7
2024/5/29,22:00,17.5
2024/5/29,23:00,17.9
2024/5/30,0:00,17.9
2024/5/30,1:00,17.6
2024/5/30,2:00,17.3
2024/5/30,3:00,16.9
2024/5/30,4:00,17
2024/5/30,5:00,16.8
2024/5/30,6:00,17.6
2024/5/30,7:00,19.8
2024/5/30,8:00,21.4
2024/5/30,9:00,22.4
2024/5/30,10:00,22.1
2024/5/30,11:00,23.4
2024/5/30,12:00,23.7
2024/5/30,13:00,22.2
2024/5/30,14:00,24.3
2024/5/30,15:00,24.2
2024/5/30,16:00,22.1
2024/5/30,17:00,21.2
2024/5/30,18:00,20.4
2024/5/30,19:00,20.2
2024/5/30,20:00,19.6
2024/5/30,21:00,19.5
2024/5/30,22:00,19.7
2024/5/30,23:00,19.9
2024/5/31,0:00,19.8
2024/5/31,1:00,19.8
2024/5/31,2:00,17.9
2024/5/31,3:00,17.9
2024/5/31,4:00,17
2024/5/31,5:00,17.1
2024/5/31,6:00,18
2024/5/31,7:00,17.9
2024/5/31,8:00,18.2
2024/5/31,9:00,19
2024/5/31,10:00,19.4
2024/5/31,11:00,19.5
2024/5/31,12:00,19.9
2024/5/31,13:00,20.2
2024/5/31,14:00,19.7
2024/5/31,15:00,19.8
2024/5/31,16:00,20
2024/5/31,17:00,19.8
2024/5/31,18:00,19.6
2024/5/31,19:00,19.5
2024/5/31,20:00,19.5
2024/5/31,21:00,19.5
2024/5/31,22:00,19.2
2024/5/31,23:00,18.1
2024/6/1,0:00,18.1
2024/6/1,1:00,18.4
2024/6/1,2:00,18.3
2024/6/1,3:00,17.8
2024/6/1,4:00,17.6
2024/6/1,5:00,17.8
2024/6/1,6:00,18.3
2024/6/1,7:00,18.6
2024/6/1,8:00,19.6
2024/6/1,9:00,19.8
2024/6/1,10:00,22.2
2024/6/1,11:00,22.7
2024/6/1,12:00,21.8
2024/6/1,13:00,22.1
2024/6/1,14:00,23.1
2024/6/1,15:00,22.8
2024/6/1,16:00,22.8
2024/6/1,17:00,21.3
2024/6/1,18:00,18.5
2024/6/1,19:00,17.6
2024/6/1,20:00,17.3
2024/6/1,21:00,16.7
2024/6/1,22:00,16.9
2024/6/1,23:00,16.9
2024/6/2,0:00,16.7
2024/6/2,1:00,16.5
2024/6/2,2:00,16.5
2024/6/2,3:00,16.7
2024/6/2,4:00,17
2024/6/2,5:00,17.2
2024/6/2,6:00,17.1
2024/6/2,7:00,17.5
2024/6/2,8:00,17.8
2024/6/2,9:00,18.8
2024/6/2,10:00,19.8
2024/6/2,11:00,20.3
2024/6/2,12:00,20.4
2024/6/2,13:00,20
2024/6/2,14:00,19.1
2024/6/2,15:00,19.1
2024/6/2,16:00,18.8
2024/6/2,17:00,18.2
2024/6/2,18:00,17.3
2024/6/2,19:00,17.2
2024/6/2,20:00,17.2
2024/6/2,21:00,17.2
2024/6/2,22:00,16.6
2024/6/2,23:00,16.5
2024/6/3,0:00,16.2
2024/6/3,1:00,15.8
2024/6/3,2:00,15.4
2024/6/3,3:00,15.2
2024/6/3,4:00,15.3
2024/6/3,5:00,15.2
2024/6/3,6:00,16.2
2024/6/3,7:00,17
2024/6/3,8:00,17.9
2024/6/3,9:00,20.3
2024/6/3,10:00,18.9
2024/6/3,11:00,21.5
2024/6/3,12:00,20.6
2024/6/3,13:00,22
2024/6/3,14:00,22.7
2024/6/3,15:00,20.2
2024/6/3,16:00,19.3
2024/6/3,17:00,19.8
2024/6/3,18:00,18.8
2024/6/3,19:00,18.3
2024/6/3,20:00,15.4
2024/6/3,21:00,16
2024/6/3,22:00,16
2024/6/3,23:00,16.3
2024/6/4,0:00,16.5
2024/6/4,1:00,16
2024/6/4,2:00,16.3
2024/6/4,3:00,16.2
2024/6/4,4:00,15.7
2024/6/4,5:00,16.1
2024/6/4,6:00,18
2024/6/4,7:00,19.6
2024/6/4,8:00,20.8
2024/6/4,9:00,20.8
2024/6/4,10:00,18.8
2024/6/4,11:00,18.6
2024/6/4,12:00,21.2
2024/6/4,13:00,21.8
2024/6/4,14:00,21.2
2024/6/4,15:00,22.1
2024/6/4,16:00,19.2
2024/6/4,17:00,20.6
2024/6/4,18:00,18.2
2024/6/4,19:00,17.9
2024/6/4,20:00,17.1
2024/6/4,21:00,16.6
2024/6/4,22:00,16.9
2024/6/4,23:00,16.7
2024/6/5,0:00,17.1
2024/6/5,1:00,16.6
2024/6/5,2:00,16.3
2024/6/5,3:00,16.2
2024/6/5,4:00,16.1
2024/6/5,5:00,16.3
2024/6/5,6:00,18.1
2024/6/5,7:00,19.3
2024/6/5,8:00,20.2
2024/6/5,9:00,20.3
2024/6/5,10:00,21.4
2024/6/5,11:00,20.8
2024/6/5,12:00,21.9
2024/6/5,13:00,22.2
2024/6/5,14:00,22.4
2024/6/5,15:00,22.8
2024/6/5,16:00,22.1
2024/6/5,17:00,21.2
2024/6/5,18:00,20.7
2024/6/5,19:00,19.3
2024/6/5,20:00,18.6
2024/6/5,21:00,18.4
2024/6/5,22:00,18.1
2024/6/5,23:00,17.1
2024/6/6,0:00,17.4
2024/6/6,1:00,17.9
2024/6/6,2:00,18.1
2024/6/6,3:00,17.6
2024/6/6,4:00,17.8
2024/6/6,5:00,17.7
2024/6/6,6:00,18.2
2024/6/6,7:00,19.2
2024/6/6,8:00,20
2024/6/6,9:00,22.7
2024/6/6,10:00,21.2
2024/6/6,11:00,21.5
2024/6/6,12:00,23.2
2024/6/6,13:00,24.1
2024/6/6,14:00,24.9
2024/6/6,15:00,21.9
2024/6/6,16:00,22.8
2024/6/6,17:00,19.8
2024/6/6,18:00,19.2
2024/6/6,19:00,18.8
2024/6/6,20:00,19.1
2024/6/6,21:00,19
2024/6/6,22:00,19
2024/6/6,23:00,19.2
2024/6/7,0:00,19.1
2024/6/7,1:00,18.5
2024/6/7,2:00,18.2
2024/6/7,3:00,18.1
2024/6/7,4:00,18.3
2024/6/7,5:00,18.7
2024/6/7,6:00,19.1
2024/6/7,7:00,20.2
2024/6/7,8:00,20.8
2024/6/7,9:00,21.6
2024/6/7,10:00,21.4
2024/6/7,11:00,21.8
2024/6/7,12:00,21.8
2024/6/7,13:00,21.2
2024/6/7,14:00,23.9
2024/6/7,15:00,23.3
2024/6/7,16:00,22.6
2024/6/7,17:00,21.7
2024/6/7,18:00,19.9
2024/6/7,19:00,18.4
2024/6/7,20:00,17.8
2024/6/7,21:00,17.1
2024/6/7,22:00,16.9
2024/6/7,23:00,17
2024/6/8,0:00,17.2
2024/6/8,1:00,16.8
2024/6/8,2:00,16.6
2024/6/8,3:00,16.6
2024/6/8,4:00,16.3
2024/6/8,5:00,16.7
2024/6/8,6:00,18.9
2024/6/8,7:00,21.1
2024/6/8,8:00,21.9
2024/6/8,9:00,22.9
2024/6/8,10:00,22.5
2024/6/8,11:00,23.1
2024/6/8,12:00,22.7
2024/6/8,13:00,23.7
2024/6/8,14:00,23.7
2024/6/8,15:00,22.2
2024/6/8,16:00,23.1
2024/6/8,17:00,21
2024/6/8,18:00,20.5
2024/6/8,19:00,19.1
2024/6/8,20:00,20
2024/6/8,21:00,19.7
2024/6/8,22:00,19.7
2024/6/8,23:00,19.4
2024/6/9,0:00,19.5
2024/6/9,1:00,19.4
2024/6/9,2:00,19.6
2024/6/9,3:00,19.5
2024/6/9,4:00,19.1
2024/6/9,5:00,17.4
2024/6/9,6:00,18.4
2024/6/9,7:00,19.3
2024/6/9,8:00,20.3
2024/6/9,9:00,22.1
2024/6/9,10:00,22.5
2024/6/9,11:00,22.1
2024/6/9,12:00,22.4
2024/6/9,13:00,24.5
2024/6/9,14:00,22.1
2024/6/9,15:00,21.8
2024/6/9,16:00,20.4
2024/6/9,17:00,20.5
2024/6/9,18:00,20.3
2024/6/9,19:00,20.1
2024/6/9,20:00,20.3
2024/6/9,21:00,19.9
2024/6/9,22:00,19.7
2024/6/9,23:00,19.1
2024/6/10,0:00,19.1
2024/6/10,1:00,19
2024/6/10,2:00,18.6
2024/6/10,3:00,18.6
2024/6/10,4:00,17.6
2024/6/10,5:00,18
2024/6/10,6:00,18.7
2024/6/10,7:00,19.7
2024/6/10,8:00,19.7
2024/6/10,9:00,20.3
2024/6/10,10:00,21
2024/6/10,11:00,20.6
2024/6/10,12:00,21.2
2024/6/10,13:00,22
2024/6/10,14:00,24.2
2024/6/10,15:00,22.1
2024/6/10,16:00,21.7
2024/6/10,17:00,21
2024/6/10,18:00,20.5
2024/6/10,19:00,20
2024/6/10,20:00,20
2024/6/10,21:00,19.9
2024/6/10,22:00,19.8
2024/6/10,23:00,20
2024/6/11,0:00,20.3
2024/6/11,1:00,20.3
2024/6/11,2:00,20
2024/6/11,3:00,19.8
2024/6/11,4:00,19.6
2024/6/11,5:00,19.8
2024/6/11,6:00,22.1
2024/6/11,7:00,23.7
2024/6/11,8:00,24.5
2024/6/11,9:00,25.3
2024/6/11,10:00,25.6
2024/6/11,11:00,26.2
2024/6/11,12:00,26.1
2024/6/11,13:00,27.1
2024/6/11,14:00,26.2
2024/6/11,15:00,26.1
2024/6/11,16:00,25.3
2024/6/11,17:00,24.1
2024/6/11,18:00,22.6
2024/6/11,19:00,20.7
2024/6/11,20:00,20.6
2024/6/11,21:00,20.9
2024/6/11,22:00,21.2
2024/6/11,23:00,21.2
2024/6/12,0:00,20.9
2024/6/12,1:00,20.5
2024/6/12,2:00,20.2
2024/6/12,3:00,19.9
2024/6/12,4:00,19.6
2024/6/12,5:00,20.3
2024/6/12,6:00,22.4
2024/6/12,7:00,23.9
2024/6/12,8:00,25
2024/6/12,9:00,25.6
2024/6/12,10:00,25.9
2024/6/12,11:00,26.2
2024/6/12,12:00,26.2
2024/6/12,13:00,27.1
2024/6/12,14:00,26.4
2024/6/12,15:00,25.8
2024/6/12,16:00,26.1
2024/6/12,17:00,24.5
2024/6/12,18:00,23.3
2024/6/12,19:00,21.4
2024/6/12,20:00,20.6
2024/6/12,21:00,20.8
2024/6/12,22:00,21
2024/6/12,23:00,21.2
2024/6/13,0:00,21.3
2024/6/13,1:00,21.2
2024/6/13,2:00,21.1
2024/6/13,3:00,20.8
2024/6/13,4:00,20.9
2024/6/13,5:00,20.5
2024/6/13,6:00,20.8
2024/6/13,7:00,21.4
2024/6/13,8:00,22.4
2024/6/13,9:00,22.9
2024/6/13,10:00,24
2024/6/13,11:00,25.6
2024/6/13,12:00,24.1
2024/6/13,13:00,24.1
2024/6/13,14:00,23.6
2024/6/13,15:00,23
2024/6/13,16:00,23
2024/6/13,17:00,23.8
2024/6/13,18:00,22.2
2024/6/13,19:00,20.7
2024/6/13,20:00,20.8
2024/6/13,21:00,20.8
2024/6/13,22:00,20.5
2024/6/13,23:00,20.6
2024/6/14,0:00,20.1
2024/6/14,1:00,19.9
2024/6/14,2:00,19.8
2024/6/14,3:00,19.7
2024/6/14,4:00,19.5
2024/6/14,5:00,19.6
2024/6/14,6:00,22.3
2024/6/14,7:00,23.8
2024/6/14,8:00,25.2
2024/6/14,9:00,26.6
2024/6/14,10:00,26
2024/6/14,11:00,27.4
2024/6/14,12:00,27.2
2024/6/14,13:00,27.5
2024/6/14,14:00,27.6
2024/6/14,15:00,27
2024/6/14,16:00,25.6
2024/6/14,17:00,24.6
2024/6/14,18:00,22.2
2024/6/14,19:00,22.1
2024/6/14,20:00,21.2
2024/6/14,21:00,21.7
2024/6/14,22:00,21.5
2024/6/14,23:00,21.7
2024/6/15,0:00,21.6
2024/6/15,1:00,20.9
2024/6/15,2:00,21.1
2024/6/15,3:00,21.4
2024/6/15,4:00,21.4
2024/6/15,5:00,21.6
2024/6/15,6:00,22.3
2024/6/15,7:00,22.8
2024/6/15,8:00,25.2
2024/6/15,9:00,26.5
2024/6/15,10:00,25.5
2024/6/15,11:00,24.9
2024/6/15,12:00,25.6
2024/6/15,13:00,25.1
2024/6/15,14:00,25.3
2024/6/15,15:00,23
2024/6/15,16:00,22.3
2024/6/15,17:00,22.9
2024/6/15,18:00,22.7
2024/6/15,19:00,22.5
2024/6/15,20:00,21.7
2024/6/15,21:00,22.2
2024/6/15,22:00,22.3
2024/6/15,23:00,22.2
2024/6/16,0:00,22.6
2024/6/16,1:00,22.2
2024/6/16,2:00,21.4
2024/6/16,3:00,20.6
2024/6/16,4:00,20
2024/6/16,5:00,19.2
2024/6/16,6:00,20.1
2024/6/16,7:00,21.1
2024/6/16,8:00,22.2
2024/6/16,9:00,22.6
2024/6/16,10:00,26
2024/6/16,11:00,25.2
2024/6/16,12:00,26.5
2024/6/16,13:00,27.6
2024/6/16,14:00,27.9
2024/6/16,15:00,27.2
2024/6/16,16:00,27
2024/6/16,17:00,26.1
2024/6/16,18:00,24
2024/6/16,19:00,23.8
2024/6/16,20:00,23.6
2024/6/16,21:00,23.7
2024/6/16,22:00,23.6
2024/6/16,23:00,23.4
2024/6/17,0:00,23.3
2024/6/17,1:00,23.3
2024/6/17,2:00,23.3
2024/6/17,3:00,23.4
2024/6/17,4:00,23.1
2024/6/17,5:00,23
2024/6/17,6:00,23.9
2024/6/17,7:00,26.1
2024/6/17,8:00,26.6
2024/6/17,9:00,27.1
2024/6/17,10:00,27.5
2024/6/17,11:00,25.3
2024/6/17,12:00,26.8
2024/6/17,13:00,27
2024/6/17,14:00,25.1
2024/6/17,15:00,24.9
2024/6/17,16:00,25.7
2024/6/17,17:00,24.3
2024/6/17,18:00,23.6
2024/6/17,19:00,22.7
2024/6/17,20:00,21.8
2024/6/17,21:00,21.8
2024/6/17,22:00,22.3
2024/6/17,23:00,21.5
2024/6/18,0:00,22.4
2024/6/18,1:00,22.1
2024/6/18,2:00,20.9
2024/6/18,3:00,21.4
2024/6/18,4:00,19.7
2024/6/18,5:00,19
2024/6/18,6:00,19.3
2024/6/18,7:00,19.8
2024/6/18,8:00,20.1
2024/6/18,9:00,20.4
2024/6/18,10:00,20.5
2024/6/18,11:00,20.5
2024/6/18,12:00,20.3
2024/6/18,13:00,20.3
2024/6/18,14:00,19.9
2024/6/18,15:00,19.9
2024/6/18,16:00,19.7
2024/6/18,17:00,19.6
2024/6/18,18:00,19.4
2024/6/18,19:00,18.9
2024/6/18,20:00,18.8
2024/6/18,21:00,19.1
2024/6/18,22:00,19.1
2024/6/18,23:00,19.1
2024/6/19,0:00,18.6
2024/6/19,1:00,18
2024/6/19,2:00,17.6
2024/6/19,3:00,17.4
2024/6/19,4:00,17
2024/6/19,5:00,17
2024/6/19,6:00,20.5
2024/6/19,7:00,19.7
2024/6/19,8:00,23
2024/6/19,9:00,24.2
2024/6/19,10:00,24.3
2024/6/19,11:00,24.4
2024/6/19,12:00,25.2
2024/6/19,13:00,25.6
2024/6/19,14:00,24.9
2024/6/19,15:00,26.2
2024/6/19,16:00,25.6
2024/6/19,17:00,25
2024/6/19,18:00,23.2
2024/6/19,19:00,20.7
2024/6/19,20:00,20.1
2024/6/19,21:00,19.7
2024/6/19,22:00,19.8
2024/6/19,23:00,19.6
2024/6/20,0:00,19.4
2024/6/20,1:00,19.2
2024/6/20,2:00,19.4
2024/6/20,3:00,19.2
2024/6/20,4:00,18.8
2024/6/20,5:00,19.2
2024/6/20,6:00,21.3
2024/6/20,7:00,22.8
2024/6/20,8:00,23.8
2024/6/20,9:00,24.6
2024/6/20,10:00,25.7
2024/6/20,11:00,26.8
2024/6/20,12:00,26.2
2024/6/20,13:00,26
2024/6/20,14:00,26.2
2024/6/20,15:00,23.6
2024/6/20,16:00,25.7
2024/6/20,17:00,22.7
2024/6/20,18:00,22.2
2024/6/20,19:00,21.6
2024/6/20,20:00,21.3
2024/6/20,21:00,21.6
2024/6/20,22:00,21.7
2024/6/20,23:00,21.7
2024/6/21,0:00,21.6
2024/6/21,1:00,21.2
2024/6/21,2:00,21.2
2024/6/21,3:00,21.1
2024/6/21,4:00,20.9
2024/6/21,5:00,21.1
2024/6/21,6:00,21.6
2024/6/21,7:00,22.1
2024/6/21,8:00,22.9
2024/6/21,9:00,22.5
2024/6/21,10:00,22.9
2024/6/21,11:00,20.6
2024/6/21,12:00,20.3
2024/6/21,13:00,20.7
2024/6/21,14:00,19.9
2024/6/21,15:00,19.5
2024/6/21,16:00,19
2024/6/21,17:00,19.2
2024/6/21,18:00,19.1
2024/6/21,19:00,18.9
2024/6/21,20:00,19.1
2024/6/21,21:00,18.4
2024/6/21,22:00,18.5
2024/6/21,23:00,17.9
2024/6/22,0:00,17.4
2024/6/22,1:00,16.9
2024/6/22,2:00,16.6
2024/6/22,3:00,16.5
2024/6/22,4:00,16.1
2024/6/22,5:00,16.5
2024/6/22,6:00,19.1
2024/6/22,7:00,21.9
2024/6/22,8:00,23.1
2024/6/22,9:00,22.7
2024/6/22,10:00,23.5
2024/6/22,11:00,24.4
2024/6/22,12:00,25.2
2024/6/22,13:00,26.4
2024/6/22,14:00,26.3
2024/6/22,15:00,23.5
2024/6/22,16:00,23
2024/6/22,17:00,22.7
2024/6/22,18:00,21.6
2024/6/22,19:00,21.3
2024/6/22,20:00,21.1
2024/6/22,21:00,20.9
2024/6/22,22:00,19.9
2024/6/22,23:00,18.9
2024/6/23,0:00,18.8
2024/6/23,1:00,19
2024/6/23,2:00,19.2
2024/6/23,3:00,19.7
2024/6/23,4:00,20.5
2024/6/23,5:00,21
2024/6/23,6:00,21.3
2024/6/23,7:00,21.8
2024/6/23,8:00,22
2024/6/23,9:00,22.5
2024/6/23,10:00,21.7
2024/6/23,11:00,22.4
2024/6/23,12:00,22.8
2024/6/23,13:00,23.5
2024/6/23,14:00,23.1
2024/6/23,15:00,23.2
2024/6/23,16:00,22.8
2024/6/23,17:00,22.4
2024/6/23,18:00,22
2024/6/23,19:00,21.9
2024/6/23,20:00,21.9
2024/6/23,21:00,21.5
2024/6/23,22:00,21.4
2024/6/23,23:00,21.5
2024/6/24,0:00,21.4
2024/6/24,1:00,21.4
2024/6/24,2:00,21.1
2024/6/24,3:00,21
2024/6/24,4:00,21
2024/6/24,5:00,21.6
2024/6/24,6:00,22.4
2024/6/24,7:00,22.9
2024/6/24,8:00,25.8
2024/6/24,9:00,27.9
2024/6/24,10:00,29.1
2024/6/24,11:00,29.3
2024/6/24,12:00,31.1
2024/6/24,13:00,30.5
2024/6/24,14:00,31.3
2024/6/24,15:00,28.7
2024/6/24,16:00,28.4
2024/6/24,17:00,26.8
2024/6/24,18:00,26.6
2024/6/24,19:00,26.5
2024/6/24,20:00,26.1
2024/6/24,21:00,25.6
2024/6/24,22:00,24.9
2024/6/24,23:00,24.4
2024/6/25,0:00,24.6
2024/6/25,1:00,24.9
2024/6/25,2:00,24.8
2024/6/25,3:00,24.1
2024/6/25,4:00,24
2024/6/25,5:00,24.3
2024/6/25,6:00,24.9
2024/6/25,7:00,25.1
2024/6/25,8:00,25.8
2024/6/25,9:00,26.5
2024/6/25,10:00,27.2
2024/6/25,11:00,27.6
2024/6/25,12:00,27.8
2024/6/25,13:00,28.8
2024/6/25,14:00,28.9
2024/6/25,15:00,27.7
2024/6/25,16:00,27.3
2024/6/25,17:00,27.1
2024/6/25,18:00,26.6
2024/6/25,19:00,26.1
2024/6/25,20:00,26.2
2024/6/25,21:00,25.7
2024/6/25,22:00,25.6
2024/6/25,23:00,25.3
2024/6/26,0:00,25.3
2024/6/26,1:00,25
2024/6/26,2:00,24.7
2024/6/26,3:00,24.6
2024/6/26,4:00,24.1
2024/6/26,5:00,24.5
2024/6/26,6:00,23.7
2024/6/26,7:00,23.7
2024/6/26,8:00,24.1
2024/6/26,9:00,27.8
2024/6/26,10:00,29.1
2024/6/26,11:00,27.1
2024/6/26,12:00,27.9
2024/6/26,13:00,26.8
2024/6/26,14:00,26.2
2024/6/26,15:00,27.7
2024/6/26,16:00,25.9
2024/6/26,17:00,24.8
2024/6/26,18:00,23.9
2024/6/26,19:00,23.6
2024/6/26,20:00,22.7
2024/6/26,21:00,22.5
2024/6/26,22:00,21.5
2024/6/26,23:00,21.5
2024/6/27,0:00,21.7
2024/6/27,1:00,20.9
2024/6/27,2:00,21
2024/6/27,3:00,21.1
2024/6/27,4:00,21.2
2024/6/27,5:00,21.7
2024/6/27,6:00,23.8
2024/6/27,7:00,22.6
2024/6/27,8:00,25.1
2024/6/27,9:00,22.6
2024/6/27,10:00,25.1
2024/6/27,11:00,25.6
2024/6/27,12:00,26.1
2024/6/27,13:00,24.9
2024/6/27,14:00,26.3
2024/6/27,15:00,24.6
2024/6/27,16:00,23.5
2024/6/27,17:00,23.6
2024/6/27,18:00,22.1
2024/6/27,19:00,21.9
2024/6/27,20:00,22.1
2024/6/27,21:00,22.2
2024/6/27,22:00,22
2024/6/27,23:00,22.1
2024/6/28,0:00,22.2
2024/6/28,1:00,22.3
2024/6/28,2:00,22.3
2024/6/28,3:00,22.4
2024/6/28,4:00,22.3
2024/6/28,5:00,22.5
2024/6/28,6:00,22.8
2024/6/28,7:00,23.3
2024/6/28,8:00,23.7
2024/6/28,9:00,24.2
2024/6/28,10:00,23.9
2024/6/28,11:00,24.2
2024/6/28,12:00,24.4
2024/6/28,13:00,23.5
2024/6/28,14:00,23.8
2024/6/28,15:00,23.5
2024/6/28,16:00,23.8
2024/6/28,17:00,23.1
2024/6/28,18:00,22.7
2024/6/28,19:00,22.2
2024/6/28,20:00,21.9
2024/6/28,21:00,21.8
2024/6/28,22:00,21.6
2024/6/28,23:00,21.7
2024/6/29,0:00,21.7
2024/6/29,1:00,21.5
2024/6/29,2:00,21.7
2024/6/29,3:00,21.8
2024/6/29,4:00,21.8
2024/6/29,5:00,22
2024/6/29,6:00,22.5
2024/6/29,7:00,22.7
2024/6/29,8:00,23.5
2024/6/29,9:00,23.8
2024/6/29,10:00,24
2024/6/29,11:00,24.6
2024/6/29,12:00,26.8
2024/6/29,13:00,27.7
2024/6/29,14:00,26.1
2024/6/29,15:00,27.6
2024/6/29,16:00,27.5
2024/6/29,17:00,26.6
2024/6/29,18:00,25.5
2024/6/29,19:00,23.6
2024/6/29,20:00,22.9
2024/6/29,21:00,22.7
2024/6/29,22:00,22.5
2024/6/29,23:00,22.6
2024/6/30,0:00,22.4
2024/6/30,1:00,22.8
2024/6/30,2:00,23
2024/6/30,3:00,23.1
2024/6/30,4:00,23.1
2024/6/30,5:00,23.1
2024/6/30,6:00,23.2
2024/6/30,7:00,24
2024/6/30,8:00,24.9
2024/6/30,9:00,25.1
2024/6/30,10:00,26.5
2024/6/30,11:00,26.4
2024/6/30,12:00,26.4
2024/6/30,13:00,26.8
2024/6/30,14:00,26.6
2024/6/30,15:00,27
2024/6/30,16:00,26.4
2024/6/30,17:00,25.7
2024/6/30,18:00,25.2
2024/6/30,19:00,24.7
2024/6/30,20:00,24.8
2024/6/30,21:00,24.8
2024/6/30,22:00,24.6
2024/6/30,23:00,24.3
2024/7/1,0:00,25.1
2024/7/1,1:00,25
2024/7/1,2:00,25.2
2024/7/1,3:00,25.2
2024/7/1,4:00,25.2
2024/7/1,5:00,24.1
2024/7/1,6:00,24.2
2024/7/1,7:00,24.7
2024/7/1,8:00,25.5
2024/7/1,9:00,26
2024/7/1,10:00,26.5
2024/7/1,11:00,27.2
2024/7/1,12:00,28.3
2024/7/1,13:00,28.8
2024/7/1,14:00,29.1
2024/7/1,15:00,29
2024/7/1,16:00,28.4
2024/7/1,17:00,27.8
2024/7/1,18:00,26.8
2024/7/1,19:00,26
2024/7/1,20:00,25.9
2024/7/1,21:00,25.7
2024/7/1,22:00,25.5
2024/7/1,23:00,25.6
2024/7/2,0:00,23.9
2024/7/2,1:00,23.3
2024/7/2,2:00,22.9
2024/7/2,3:00,22.9
2024/7/2,4:00,23.1
2024/7/2,5:00,23.1
2024/7/2,6:00,25.4
2024/7/2,7:00,24.8
2024/7/2,8:00,28.4
2024/7/2,9:00,28.3
2024/7/2,10:00,29
2024/7/2,11:00,30.4
2024/7/2,12:00,28
2024/7/2,13:00,27.8
2024/7/2,14:00,26.8
2024/7/2,15:00,25.7
2024/7/2,16:00,26
2024/7/2,17:00,27.1
2024/7/2,18:00,26.6
2024/7/2,19:00,26.4
2024/7/2,20:00,25.4
2024/7/2,21:00,25.5
2024/7/2,22:00,25.3
2024/7/2,23:00,24.7
2024/7/3,0:00,24.5
2024/7/3,1:00,23.8
2024/7/3,2:00,23.5
2024/7/3,3:00,23
2024/7/3,4:00,22.5
2024/7/3,5:00,22.6
2024/7/3,6:00,22.9
2024/7/3,7:00,23.3
2024/7/3,8:00,24.5
2024/7/3,9:00,25.1
2024/7/3,10:00,28.1
2024/7/3,11:00,26.6
2024/7/3,12:00,29.1
2024/7/3,13:00,29.7
2024/7/3,14:00,30.4
2024/7/3,15:00,30.4
2024/7/3,16:00,30.1
2024/7/3,17:00,29.5
2024/7/3,18:00,27.6
2024/7/3,19:00,25.9
2024/7/3,20:00,25.5
2024/7/3,21:00,25.4
2024/7/3,22:00,25.3
2024/7/3,23:00,25.2
2024/7/4,0:00,25
2024/7/4,1:00,24.9
2024/7/4,2:00,24.7
2024/7/4,3:00,24.5
2024/7/4,4:00,24.7
2024/7/4,5:00,25.3
2024/7/4,6:00,27.5
2024/7/4,7:00,27.2
2024/7/4,8:00,29.3
2024/7/4,9:00,30.1
2024/7/4,10:00,30.5
2024/7/4,11:00,31.5
2024/7/4,12:00,31.2
2024/7/4,13:00,30.9
2024/7/4,14:00,29.7
2024/7/4,15:00,31.2
2024/7/4,16:00,30.7
2024/7/4,17:00,30.1
2024/7/4,18:00,29.3
2024/7/4,19:00,26.8
2024/7/4,20:00,26.1
2024/7/4,21:00,26
2024/7/4,22:00,25.8
2024/7/4,23:00,26.1
2024/7/5,0:00,26
2024/7/5,1:00,25.4
2024/7/5,2:00,24.8
2024/7/5,3:00,24.3
2024/7/5,4:00,24.3
2024/7/5,5:00,24.9
2024/7/5,6:00,27.4
2024/7/5,7:00,28.1
2024/7/5,8:00,28.6
2024/7/5,9:00,29.5
2024/7/5,10:00,29.8
2024/7/5,11:00,30.9
2024/7/5,12:00,30.5
2024/7/5,13:00,31
2024/7/5,14:00,31.4
2024/7/5,15:00,31.6
2024/7/5,16:00,31.4
2024/7/5,17:00,30.2
2024/7/5,18:00,28.9
2024/7/5,19:00,26.9
2024/7/5,20:00,26.4
2024/7/5,21:00,26.5
2024/7/5,22:00,26.6
2024/7/5,23:00,26.6
2024/7/6,0:00,26
2024/7/6,1:00,25.8
2024/7/6,2:00,25.7
2024/7/6,3:00,25.6
2024/7/6,4:00,25.6
2024/7/6,5:00,25.8
2024/7/6,6:00,28
2024/7/6,7:00,27.3
2024/7/6,8:00,30
2024/7/6,9:00,30.7
2024/7/6,10:00,31.4
2024/7/6,11:00,31.2
2024/7/6,12:00,32.1
2024/7/6,13:00,31.5
2024/7/6,14:00,32.1
2024/7/6,15:00,29.7
2024/7/6,16:00,29.3
2024/7/6,17:00,27.2
2024/7/6,18:00,26
2024/7/6,19:00,25.4
2024/7/6,20:00,25.2
2024/7/6,21:00,24.9
2024/7/6,22:00,25
2024/7/6,23:00,25.2
2024/7/7,0:00,25.1
2024/7/7,1:00,25.1
2024/7/7,2:00,25
2024/7/7,3:00,24.9
2024/7/7,4:00,25.2
2024/7/7,5:00,25
2024/7/7,6:00,26.7
2024/7/7,7:00,26.8
2024/7/7,8:00,28.8
2024/7/7,9:00,30.5
2024/7/7,10:00,31.2
2024/7/7,11:00,31.7
2024/7/7,12:00,30.8
2024/7/7,13:00,31.9
2024/7/7,14:00,32.3
2024/7/7,15:00,33.3
2024/7/7,16:00,32.4
2024/7/7,17:00,29.8
2024/7/7,18:00,29.9
2024/7/7,19:00,28.8
2024/7/7,20:00,28.1
2024/7/7,21:00,28
2024/7/7,22:00,27.7
2024/7/7,23:00,27.5
2024/7/8,0:00,27.2
2024/7/8,1:00,27.3
2024/7/8,2:00,26.9
2024/7/8,3:00,26.7
2024/7/8,4:00,26.5
2024/7/8,5:00,26.5
2024/7/8,6:00,28.1
2024/7/8,7:00,30
2024/7/8,8:00,30.9
2024/7/8,9:00,31.1
2024/7/8,10:00,31.6
2024/7/8,11:00,31.5
2024/7/8,12:00,30
2024/7/8,13:00,31.9
2024/7/8,14:00,33
2024/7/8,15:00,31.2
2024/7/8,16:00,32.7
2024/7/8,17:00,32
2024/7/8,18:00,30.1
2024/7/8,19:00,28.1
2024/7/8,20:00,28.5
2024/7/8,21:00,27.8
2024/7/8,22:00,26.7
2024/7/8,23:00,26.1
2024/7/9,0:00,26
2024/7/9,1:00,25.6
2024/7/9,2:00,25.5
2024/7/9,3:00,25.3
2024/7/9,4:00,25.3
2024/7/9,5:00,25.2
2024/7/9,6:00,28
2024/7/9,7:00,29.9
2024/7/9,8:00,28
2024/7/9,9:00,28.6
2024/7/9,10:00,29
2024/7/9,11:00,31.6
2024/7/9,12:00,30.8
2024/7/9,13:00,30.7
2024/7/9,14:00,28.5
2024/7/9,15:00,28.5
2024/7/9,16:00,28.2
2024/7/9,17:00,28.1
2024/7/9,18:00,26.8
2024/7/9,19:00,26.8
2024/7/9,20:00,26.5
2024/7/9,21:00,27
2024/7/9,22:00,26.2
2024/7/9,23:00,26.2
2024/7/10,0:00,25.5
2024/7/10,1:00,25
2024/7/10,2:00,24.4
2024/7/10,3:00,24.2
2024/7/10,4:00,24
2024/7/10,5:00,24.4
2024/7/10,6:00,26
2024/7/10,7:00,29.1
2024/7/10,8:00,30.2
2024/7/10,9:00,28.5
2024/7/10,10:00,29.1
2024/7/10,11:00,29.8
2024/7/10,12:00,29.5
2024/7/10,13:00,29.2
2024/7/10,14:00,29.3
2024/7/10,15:00,29.6
2024/7/10,16:00,29.1
2024/7/10,17:00,27.5
2024/7/10,18:00,26.5
2024/7/10,19:00,25.8
2024/7/10,20:00,26.2
2024/7/10,21:00,26.4
2024/7/10,22:00,25.2
2024/7/10,23:00,25.5
2024/7/11,0:00,25.9
2024/7/11,1:00,25.9
2024/7/11,2:00,25.1
2024/7/11,3:00,24.7
2024/7/11,4:00,24.5
2024/7/11,5:00,24.8
2024/7/11,6:00,25.4
2024/7/11,7:00,26
2024/7/11,8:00,26.4
2024/7/11,9:00,27.1
2024/7/11,10:00,27.3
2024/7/11,11:00,28
2024/7/11,12:00,27.9
2024/7/11,13:00,27.5
2024/7/11,14:00,27.6
2024/7/11,15:00,27.1
2024/7/11,16:00,26.2
2024/7/11,17:00,25.6
2024/7/11,18:00,24.8
2024/7/11,19:00,23.8
2024/7/11,20:00,23.6
2024/7/11,21:00,23.6
2024/7/11,22:00,23.6
2024/7/11,23:00,23.4
2024/7/12,0:00,23.6
2024/7/12,1:00,23.4
2024/7/12,2:00,23.7
2024/7/12,3:00,23.8
2024/7/12,4:00,24
2024/7/12,5:00,24
2024/7/12,6:00,24.6
2024/7/12,7:00,25.1
2024/7/12,8:00,26
2024/7/12,9:00,26.2
2024/7/12,10:00,26.9
2024/7/12,11:00,26.8
2024/7/12,12:00,25.5
2024/7/12,13:00,25.4
2024/7/12,14:00,25.2
2024/7/12,15:00,25
2024/7/12,16:00,24.7
2024/7/12,17:00,23.9
2024/7/12,18:00,23.5
2024/7/12,19:00,22.5
2024/7/12,20:00,22.6
2024/7/12,21:00,22.9
2024/7/12,22:00,23
2024/7/12,23:00,23.1
2024/7/13,0:00,23
2024/7/13,1:00,22.9
2024/7/13,2:00,22.9
2024/7/13,3:00,22.9
2024/7/13,4:00,22.8
2024/7/13,5:00,23.1
2024/7/13,6:00,23.7
2024/7/13,7:00,27
2024/7/13,8:00,27.7
2024/7/13,9:00,28.3
2024/7/13,10:00,29.5
2024/7/13,11:00,29
2024/7/13,12:00,28.6
2024/7/13,13:00,28.8
2024/7/13,14:00,26.8
2024/7/13,15:00,26.1
2024/7/13,16:00,25.4
2024/7/13,17:00,24.8
2024/7/13,18:00,24.3
2024/7/13,19:00,24.4
2024/7/13,20:00,24.6
2024/7/13,21:00,24.8
2024/7/13,22:00,24.7
2024/7/13,23:00,24.7
2024/7/14,0:00,24.9
2024/7/14,1:00,24.5
2024/7/14,2:00,24.3
2024/7/14,3:00,24.2
2024/7/14,4:00,23.9
2024/7/14,5:00,24
2024/7/14,6:00,24.6
2024/7/14,7:00,24.9
2024/7/14,8:00,25.5
2024/7/14,9:00,25.8
2024/7/14,10:00,25.7
2024/7/14,11:00,25.9
2024/7/14,12:00,26.3
2024/7/14,13:00,26.6
2024/7/14,14:00,27
2024/7/14,15:00,27.2
2024/7/14,16:00,26.9
2024/7/14,17:00,26.1
2024/7/14,18:00,25.2
2024/7/14,19:00,24.4
2024/7/14,20:00,24
2024/7/14,21:00,24.1
2024/7/14,22:00,24.2
2024/7/14,23:00,24.1
2024/7/15,0:00,24.1
2024/7/15,1:00,23.9
2024/7/15,2:00,23.7
2024/7/15,3:00,23.6
2024/7/15,4:00,23.1
2024/7/15,5:00,22.7
2024/7/15,6:00,23.3
2024/7/15,7:00,23.7
2024/7/15,8:00,24.2
2024/7/15,9:00,24.5
2024/7/15,10:00,24.6
2024/7/15,11:00,24.4
2024/7/15,12:00,24.9
2024/7/15,13:00,25.6
2024/7/15,14:00,26
2024/7/15,15:00,26.1
2024/7/15,16:00,25.8
2024/7/15,17:00,25.5
2024/7/15,18:00,24.6
2024/7/15,19:00,23.2
2024/7/15,20:00,22.4
2024/7/15,21:00,22.3
2024/7/15,22:00,22.2
2024/7/15,23:00,22.1
2024/7/16,0:00,21.6
2024/7/16,1:00,21.7
2024/7/16,2:00,21.8
2024/7/16,3:00,21.7
2024/7/16,4:00,21.9
2024/7/16,5:00,21.9
2024/7/16,6:00,22.6
2024/7/16,7:00,23.1
2024/7/16,8:00,23.4
2024/7/16,9:00,24
2024/7/16,10:00,24.7
2024/7/16,11:00,25.1
2024/7/16,12:00,25
2024/7/16,13:00,25.5
2024/7/16,14:00,25.2
2024/7/16,15:00,25.1
2024/7/16,16:00,24.7
2024/7/16,17:00,24.2
2024/7/16,18:00,23.8
2024/7/16,19:00,22.8
2024/7/16,20:00,22.8
2024/7/16,21:00,22.4
2024/7/16,22:00,22.5
2024/7/16,23:00,22.4
2024/7/17,0:00,22.4
2024/7/17,1:00,22.3
2024/7/17,2:00,22.4
2024/7/17,3:00,22.6
2024/7/17,4:00,22.5
2024/7/17,5:00,22.7
2024/7/17,6:00,23.4
2024/7/17,7:00,24.1
2024/7/17,8:00,24.4
2024/7/17,9:00,25.7
2024/7/17,10:00,27.1
2024/7/17,11:00,28.7
2024/7/17,12:00,28.9
2024/7/17,13:00,28
2024/7/17,14:00,30.1
2024/7/17,15:00,30
2024/7/17,16:00,27.7
2024/7/17,17:00,27.6
2024/7/17,18:00,27
2024/7/17,19:00,26.4
2024/7/17,20:00,26
2024/7/17,21:00,25.7
2024/7/17,22:00,25.4
2024/7/17,23:00,24.1
2024/7/18,0:00,23.8
2024/7/18,1:00,23.8
2024/7/18,2:00,23.8
2024/7/18,3:00,23.8
2024/7/18,4:00,23.8
2024/7/18,5:00,23.9
2024/7/18,6:00,24.4
2024/7/18,7:00,25.4
2024/7/18,8:00,27.6
2024/7/18,9:00,28.9
2024/7/18,10:00,30.8
2024/7/18,11:00,31.2
2024/7/18,12:00,29.5
2024/7/18,13:00,31.1
2024/7/18,14:00,31.2
2024/7/18,15:00,31
2024/7/18,16:00,30.5
2024/7/18,17:00,28.2
2024/7/18,18:00,27.7
2024/7/18,19:00,26.8
2024/7/18,20:00,26.5
2024/7/18,21:00,26.5
2024/7/18,22:00,26.5
2024/7/18,23:00,26.4
2024/7/19,0:00,26.1
2024/7/19,1:00,26
2024/7/19,2:00,25.8
2024/7/19,3:00,25.8
2024/7/19,4:00,25.6
2024/7/19,5:00,25.3
2024/7/19,6:00,26.5
2024/7/19,7:00,29.1
2024/7/19,8:00,30
2024/7/19,9:00,29.3
2024/7/19,10:00,28.8
2024/7/19,11:00,30.1
2024/7/19,12:00,30.4
2024/7/19,13:00,31.4
2024/7/19,14:00,31.2
2024/7/19,15:00,31.5
2024/7/19,16:00,29.6
2024/7/19,17:00,29.6
2024/7/19,18:00,28.9
2024/7/19,19:00,28.3
2024/7/19,20:00,28.1
2024/7/19,21:00,28.1
2024/7/19,22:00,27.9
2024/7/19,23:00,27.7
2024/7/20,0:00,27.6
2024/7/20,1:00,27
2024/7/20,2:00,27
2024/7/20,3:00,26.8
2024/7/20,4:00,26.7
2024/7/20,5:00,26.8
2024/7/20,6:00,29.2
2024/7/20,7:00,30.7
2024/7/20,8:00,31.8
2024/7/20,9:00,31.4
2024/7/20,10:00,30
2024/7/20,11:00,32.8
2024/7/20,12:00,32.1
2024/7/20,13:00,31.7
2024/7/20,14:00,33.5
2024/7/20,15:00,33.3
2024/7/20,16:00,32.3
2024/7/20,17:00,31.9
2024/7/20,18:00,30.2
2024/7/20,19:00,28.6
2024/7/20,20:00,25.7
2024/7/20,21:00,26.3
2024/7/20,22:00,25.6
2024/7/20,23:00,25.5
2024/7/21,0:00,25.7
2024/7/21,1:00,25.6
2024/7/21,2:00,25.6
2024/7/21,3:00,25.6
2024/7/21,4:00,25.5
2024/7/21,5:00,25.5
2024/7/21,6:00,26.5
2024/7/21,7:00,28.5
2024/7/21,8:00,30.1
2024/7/21,9:00,30.8
2024/7/21,10:00,31.3
2024/7/21,11:00,32.2
2024/7/21,12:00,32.3
2024/7/21,13:00,31.6
2024/7/21,14:00,31.7
2024/7/21,15:00,32.3
2024/7/21,16:00,30.2
2024/7/21,17:00,29.4
2024/7/21,18:00,27
2024/7/21,19:00,26.1
2024/7/21,20:00,25.9
2024/7/21,21:00,26.2
2024/7/21,22:00,26.4
2024/7/21,23:00,26.7
2024/7/22,0:00,26.6
2024/7/22,1:00,26.5
2024/7/22,2:00,26.5
2024/7/22,3:00,26.4
2024/7/22,4:00,25.8
2024/7/22,5:00,25.9
2024/7/22,6:00,28.2
2024/7/22,7:00,29.7
2024/7/22,8:00,31
2024/7/22,9:00,31.1
2024/7/22,10:00,32.5
2024/7/22,11:00,32.6
2024/7/22,12:00,32.7
2024/7/22,13:00,33.1
2024/7/22,14:00,33.1
2024/7/22,15:00,28.5
2024/7/22,16:00,27.5
2024/7/22,17:00,27.8
2024/7/22,18:00,28
2024/7/22,19:00,28.2
2024/7/22,20:00,27.3
2024/7/22,21:00,24.9
2024/7/22,22:00,25.2
2024/7/22,23:00,25.1
2024/7/23,0:00,24.9
2024/7/23,1:00,24.8
2024/7/23,2:00,24.8
2024/7/23,3:00,24.8
2024/7/23,4:00,24.8
2024/7/23,5:00,24.9
2024/7/23,6:00,27.5
2024/7/23,7:00,28.9
2024/7/23,8:00,29.9
2024/7/23,9:00,31.7
2024/7/23,10:00,31.3
2024/7/23,11:00,32.1
2024/7/23,12:00,32.1
2024/7/23,13:00,32.9
2024/7/23,14:00,32.9
2024/7/23,15:00,32.3
2024/7/23,16:00,31.2
2024/7/23,17:00,31.5
2024/7/23,18:00,29.3
2024/7/23,19:00,28.6
2024/7/23,20:00,28.4
2024/7/23,21:00,28.1
2024/7/23,22:00,28.5
2024/7/23,23:00,28.2
2024/7/24,0:00,27.6
2024/7/24,1:00,27.2
2024/7/24,2:00,26.9
2024/7/24,3:00,26.5
2024/7/24,4:00,26.3
2024/7/24,5:00,26.3
2024/7/24,6:00,27.6
2024/7/24,7:00,30.5
2024/7/24,8:00,31.4
2024/7/24,9:00,30.6
2024/7/24,10:00,30.8
2024/7/24,11:00,31.3
2024/7/24,12:00,32.3
2024/7/24,13:00,23.8
2024/7/24,14:00,25.1
2024/7/24,15:00,27.6
2024/7/24,16:00,30
2024/7/24,17:00,27.5
2024/7/24,18:00,26.8
2024/7/24,19:00,25.4
2024/7/24,20:00,25.2
2024/7/24,21:00,25.3
2024/7/24,22:00,25.3
2024/7/24,23:00,25.5
2024/7/25,0:00,26
2024/7/25,1:00,25.2
2024/7/25,2:00,25.5
2024/7/25,3:00,25.4
2024/7/25,4:00,25
2024/7/25,5:00,24.8
2024/7/25,6:00,25.9
2024/7/25,7:00,26.5
2024/7/25,8:00,29.4
2024/7/25,9:00,30.3
2024/7/25,10:00,30.1
2024/7/25,11:00,31.1
2024/7/25,12:00,30.7
2024/7/25,13:00,32.4
2024/7/25,14:00,32.4
2024/7/25,15:00,31.7
2024/7/25,16:00,29.5
2024/7/25,17:00,28.7
2024/7/25,18:00,27.4
2024/7/25,19:00,27.5
2024/7/25,20:00,26.7
2024/7/25,21:00,26
2024/7/25,22:00,25.8
2024/7/25,23:00,25.6
2024/7/26,0:00,25.2
2024/7/26,1:00,25.5
2024/7/26,2:00,25.3
2024/7/26,3:00,25.2
2024/7/26,4:00,25
2024/7/26,5:00,24.9
2024/7/26,6:00,26
2024/7/26,7:00,28.5
2024/7/26,8:00,29.5
2024/7/26,9:00,30.3
2024/7/26,10:00,31.4
2024/7/26,11:00,31.3
2024/7/26,12:00,30.2
2024/7/26,13:00,31.9
2024/7/26,14:00,31.1
2024/7/26,15:00,32.2
2024/7/26,16:00,29.4
2024/7/26,17:00,28.8
2024/7/26,18:00,28.1
2024/7/26,19:00,27.4
2024/7/26,20:00,25.4
2024/7/26,21:00,24.8
2024/7/26,22:00,25
2024/7/26,23:00,25.3
2024/7/27,0:00,25.2
2024/7/27,1:00,25.3
2024/7/27,2:00,25.4
2024/7/27,3:00,25.3
2024/7/27,4:00,25
2024/7/27,5:00,25.2
2024/7/27,6:00,27.4
2024/7/27,7:00,27.3
2024/7/27,8:00,29.8
2024/7/27,9:00,31
2024/7/27,10:00,31.9
2024/7/27,11:00,33.1
2024/7/27,12:00,32.1
2024/7/27,13:00,32.1
2024/7/27,14:00,32.4
2024/7/27,15:00,31.4
2024/7/27,16:00,30.3
2024/7/27,17:00,29.9
2024/7/27,18:00,27.2
2024/7/27,19:00,26.5
2024/7/27,20:00,26.3
2024/7/27,21:00,26
2024/7/27,22:00,26.1
2024/7/27,23:00,25.9
2024/7/28,0:00,25.9
2024/7/28,1:00,25.7
2024/7/28,2:00,25.6
2024/7/28,3:00,25.4
2024/7/28,4:00,25.4
2024/7/28,5:00,25.6
2024/7/28,6:00,28.1
2024/7/28,7:00,29.8
2024/7/28,8:00,30.8
2024/7/28,9:00,30.2
2024/7/28,10:00,31.9
2024/7/28,11:00,32
2024/7/28,12:00,32.3
2024/7/28,13:00,32.5
2024/7/28,14:00,32.6
2024/7/28,15:00,32.4
2024/7/28,16:00,31.8
2024/7/28,17:00,30.7
2024/7/28,18:00,28.6
2024/7/28,19:00,27.5
2024/7/28,20:00,27.6
2024/7/28,21:00,27.2
2024/7/28,22:00,26.8
2024/7/28,23:00,26.5
2024/7/29,0:00,26.5
2024/7/29,1:00,26.7
2024/7/29,2:00,26.3
2024/7/29,3:00,26.2
2024/7/29,4:00,25.9
2024/7/29,5:00,25.9
2024/7/29,6:00,26.4
2024/7/29,7:00,29.7
2024/7/29,8:00,30.1
2024/7/29,9:00,31.4
2024/7/29,10:00,30.9
2024/7/29,11:00,31.2
2024/7/29,12:00,31.6
2024/7/29,13:00,33.2
2024/7/29,14:00,33.5
2024/7/29,15:00,31.8
2024/7/29,16:00,30.6
2024/7/29,17:00,29.2
2024/7/29,18:00,28
2024/7/29,19:00,26.5
2024/7/29,20:00,26.4
2024/7/29,21:00,26.5
2024/7/29,22:00,26.6
2024/7/29,23:00,26.7
2024/7/30,0:00,27.5
2024/7/30,1:00,26.2
2024/7/30,2:00,25.6
2024/7/30,3:00,25.2
2024/7/30,4:00,25.1
2024/7/30,5:00,25.2
2024/7/30,6:00,27.1
2024/7/30,7:00,29.2
2024/7/30,8:00,29.9
2024/7/30,9:00,28.1
2024/7/30,10:00,28.4
2024/7/30,11:00,29.5
2024/7/30,12:00,31.9
2024/7/30,13:00,29.4
2024/7/30,14:00,29.6
2024/7/30,15:00,28.9
2024/7/30,16:00,28.3
2024/7/30,17:00,28.1
2024/7/30,18:00,26.5
2024/7/30,19:00,26.3
2024/7/30,20:00,26.5
2024/7/30,21:00,26.4
2024/7/30,22:00,26.8
2024/7/30,23:00,26.9
2024/7/31,0:00,26.2
2024/7/31,1:00,26
2024/7/31,2:00,25.9
2024/7/31,3:00,25.6
2024/7/31,4:00,25.5
2024/7/31,5:00,26
2024/7/31,6:00,26.3
2024/7/31,7:00,28.7
2024/7/31,8:00,28.9
2024/7/31,9:00,30.2
2024/7/31,10:00,30.2
2024/7/31,11:00,30.4
2024/7/31,12:00,31.3
2024/7/31,13:00,30.6
2024/7/31,14:00,31.9
2024/7/31,15:00,31.3
2024/7/31,16:00,30.2
2024/7/31,17:00,27.9
2024/7/31,18:00,26.4
2024/7/31,19:00,25.5
2024/7/31,20:00,25.5
2024/7/31,21:00,25.4
2024/7/31,22:00,25.4
2024/7/31,23:00,25.6
2024/8/1,0:00,25.8
2024/8/1,1:00,25.5
2024/8/1,2:00,25
2024/8/1,3:00,25
2024/8/1,4:00,25.3
2024/8/1,5:00,24.8
2024/8/1,6:00,25.4
2024/8/1,7:00,28.3
2024/8/1,8:00,26.5
2024/8/1,9:00,28.7
2024/8/1,10:00,28.9
2024/8/1,11:00,29.9
2024/8/1,12:00,30.7
2024/8/1,13:00,30
2024/8/1,14:00,29.8
2024/8/1,15:00,29.7
2024/8/1,16:00,29
2024/8/1,17:00,28.1
2024/8/1,18:00,26.5
2024/8/1,19:00,25.1
2024/8/1,20:00,25
2024/8/1,21:00,24.3
2024/8/1,22:00,24.6
2024/8/1,23:00,23.8
2024/8/2,0:00,24.7
2024/8/2,1:00,24.8
2024/8/2,2:00,24.9
2024/8/2,3:00,24.8
2024/8/2,4:00,24.7
2024/8/2,5:00,24.6
2024/8/2,6:00,26.6
2024/8/2,7:00,25.7
2024/8/2,8:00,25.8
2024/8/2,9:00,28.8
2024/8/2,10:00,29.1
2024/8/2,11:00,30
2024/8/2,12:00,30.4
2024/8/2,13:00,30.4
2024/8/2,14:00,30.9
2024/8/2,15:00,30.6
2024/8/2,16:00,30.2
2024/8/2,17:00,29.2
2024/8/2,18:00,28.1
2024/8/2,19:00,26.8
2024/8/2,20:00,26.4
2024/8/2,21:00,26.3
2024/8/2,22:00,26
2024/8/2,23:00,25.7
2024/8/3,0:00,25.6
2024/8/3,1:00,26
2024/8/3,2:00,25.6
2024/8/3,3:00,25.6
2024/8/3,4:00,25.4
2024/8/3,5:00,25.3
2024/8/3,6:00,27.1
2024/8/3,7:00,28.9
2024/8/3,8:00,29.7
2024/8/3,9:00,30.4
2024/8/3,10:00,31.2
2024/8/3,11:00,31.3
2024/8/3,12:00,31.8
2024/8/3,13:00,31.7
2024/8/3,14:00,32
2024/8/3,15:00,31
2024/8/3,16:00,31.1
2024/8/3,17:00,30.2
2024/8/3,18:00,28.6
2024/8/3,19:00,26.6
2024/8/3,20:00,26.1
2024/8/3,21:00,25.7
2024/8/3,22:00,24.7
2024/8/3,23:00,24.7
2024/8/4,0:00,24.6
2024/8/4,1:00,24.7
2024/8/4,2:00,24.8
2024/8/4,3:00,24.8
2024/8/4,4:00,24.6
2024/8/4,5:00,24.9
2024/8/4,6:00,26.9
2024/8/4,7:00,27.9
2024/8/4,8:00,29.1
2024/8/4,9:00,30.4
2024/8/4,10:00,31
2024/8/4,11:00,30.3
2024/8/4,12:00,31
2024/8/4,13:00,31.7
2024/8/4,14:00,32.4
2024/8/4,15:00,32.2
2024/8/4,16:00,32
2024/8/4,17:00,28.5
2024/8/4,18:00,27.4
2024/8/4,19:00,26.3
2024/8/4,20:00,25.8
2024/8/4,21:00,25.5
2024/8/4,22:00,25.3
2024/8/4,23:00,24.7
2024/8/5,0:00,24.9
2024/8/5,1:00,24.4
2024/8/5,2:00,24.2
2024/8/5,3:00,25.2
2024/8/5,4:00,25.2
2024/8/5,5:00,25
2024/8/5,6:00,26.1
2024/8/5,7:00,28.4
2024/8/5,8:00,27.8
2024/8/5,9:00,30.1
2024/8/5,10:00,30.9
2024/8/5,11:00,31.1
2024/8/5,12:00,30.3
2024/8/5,13:00,31.9
2024/8/5,14:00,31.5
2024/8/5,15:00,31.9
2024/8/5,16:00,29
2024/8/5,17:00,28.5
2024/8/5,18:00,27.9
2024/8/5,19:00,26.7
2024/8/5,20:00,26.7
2024/8/5,21:00,26.8
2024/8/5,22:00,26.6
2024/8/5,23:00,26.2
2024/8/6,0:00,26.6
2024/8/6,1:00,26.6
2024/8/6,2:00,26.4
2024/8/6,3:00,26.2
2024/8/6,4:00,26.1
2024/8/6,5:00,26
2024/8/6,6:00,26.5
2024/8/6,7:00,27.1
2024/8/6,8:00,29.8
2024/8/6,9:00,27.9
2024/8/6,10:00,31
2024/8/6,11:00,28.9
2024/8/6,12:00,29.6
2024/8/6,13:00,32.2
2024/8/6,14:00,29.8
2024/8/6,15:00,31.1
2024/8/6,16:00,28.6
2024/8/6,17:00,27.7
2024/8/6,18:00,26.9
2024/8/6,19:00,26.3
2024/8/6,20:00,26.3
2024/8/6,21:00,27
2024/8/6,22:00,26.8
2024/8/6,23:00,26.6
2024/8/7,0:00,26.8
2024/8/7,1:00,26.5
2024/8/7,2:00,26.6
2024/8/7,3:00,25.9
2024/8/7,4:00,26.3
2024/8/7,5:00,25.6
2024/8/7,6:00,26.4
2024/8/7,7:00,27.1
2024/8/7,8:00,27.5
2024/8/7,9:00,31.5
2024/8/7,10:00,30.8
2024/8/7,11:00,29.2
2024/8/7,12:00,31.3
2024/8/7,13:00,31.6
2024/8/7,14:00,31.4
2024/8/7,15:00,29
2024/8/7,16:00,31
2024/8/7,17:00,28.3
2024/8/7,18:00,25.6
2024/8/7,19:00,23.3
2024/8/7,20:00,23.1
2024/8/7,21:00,23.5
2024/8/7,22:00,23.4
2024/8/7,23:00,23.5
2024/8/8,0:00,23.7
2024/8/8,1:00,24.1
2024/8/8,2:00,24.4
2024/8/8,3:00,24.3
2024/8/8,4:00,24.5
2024/8/8,5:00,24.7
2024/8/8,6:00,25.5
2024/8/8,7:00,26.4
2024/8/8,8:00,27.2
2024/8/8,9:00,27.8
2024/8/8,10:00,30.3
2024/8/8,11:00,28.7
2024/8/8,12:00,32
2024/8/8,13:00,32.3
2024/8/8,14:00,32
2024/8/8,15:00,32
2024/8/8,16:00,31.8
2024/8/8,17:00,30.6
2024/8/8,18:00,28.9
2024/8/8,19:00,27.9
2024/8/8,20:00,27.7
2024/8/8,21:00,27.5
2024/8/8,22:00,27.3
2024/8/8,23:00,27
2024/8/9,0:00,27.1
2024/8/9,1:00,27
2024/8/9,2:00,27
2024/8/9,3:00,26.6
2024/8/9,4:00,26.1
2024/8/9,5:00,26.2
2024/8/9,6:00,27.9
2024/8/9,7:00,28
2024/8/9,8:00,30.6
2024/8/9,9:00,30.9
2024/8/9,10:00,31.5
2024/8/9,11:00,31.7
2024/8/9,12:00,30.9
2024/8/9,13:00,31.8
2024/8/9,14:00,31.3
2024/8/9,15:00,32.5
2024/8/9,16:00,31.2
2024/8/9,17:00,29.5
2024/8/9,18:00,26
2024/8/9,19:00,26.4
2024/8/9,20:00,26.1
2024/8/9,21:00,26.1
2024/8/9,22:00,26
2024/8/9,23:00,25.9
2024/8/10,0:00,26
2024/8/10,1:00,26.2
2024/8/10,2:00,25.8
2024/8/10,3:00,25.7
2024/8/10,4:00,25.5
2024/8/10,5:00,25.5
2024/8/10,6:00,25.9
2024/8/10,7:00,26.3
2024/8/10,8:00,29.3
2024/8/10,9:00,31
2024/8/10,10:00,29.4
2024/8/10,11:00,29.4
2024/8/10,12:00,30.3
2024/8/10,13:00,30.9
2024/8/10,14:00,31.8
2024/8/10,15:00,30.9
2024/8/10,16:00,30.5
2024/8/10,17:00,28.4
2024/8/10,18:00,27.3
2024/8/10,19:00,26.9
2024/8/10,20:00,26.5
2024/8/10,21:00,26.6
2024/8/10,22:00,26.4
2024/8/10,23:00,26.5
2024/8/11,0:00,26.7
2024/8/11,1:00,26.8
2024/8/11,2:00,26.7
2024/8/11,3:00,25.4
2024/8/11,4:00,25.4
2024/8/11,5:00,24.7
2024/8/11,6:00,26.6
2024/8/11,7:00,28.5
2024/8/11,8:00,30.2
2024/8/11,9:00,30.1
2024/8/11,10:00,30.5
2024/8/11,11:00,31
2024/8/11,12:00,32.1
2024/8/11,13:00,31.3
2024/8/11,14:00,31.6
2024/8/11,15:00,30.7
2024/8/11,16:00,31
2024/8/11,17:00,29.7
2024/8/11,18:00,29
2024/8/11,19:00,28.2
2024/8/11,20:00,26.1
2024/8/11,21:00,25.7
2024/8/11,22:00,25.5
2024/8/11,23:00,25.2
2024/8/12,0:00,25.2
2024/8/12,1:00,25.4
2024/8/12,2:00,25.4
2024/8/12,3:00,25.4
2024/8/12,4:00,25.8
2024/8/12,5:00,26
2024/8/12,6:00,27.8
2024/8/12,7:00,31
2024/8/12,8:00,30.9
2024/8/12,9:00,31.8
2024/8/12,10:00,31
2024/8/12,11:00,32
2024/8/12,12:00,30.2
2024/8/12,13:00,32
2024/8/12,14:00,32.6
2024/8/12,15:00,32.2
2024/8/12,16:00,31.5
2024/8/12,17:00,30.1
2024/8/12,18:00,27.8
2024/8/12,19:00,27.6
2024/8/12,20:00,27.4
2024/8/12,21:00,27.5
2024/8/12,22:00,27.3
2024/8/12,23:00,27.2
2024/8/13,0:00,27.3
2024/8/13,1:00,27.2
2024/8/13,2:00,27
2024/8/13,3:00,26.7
2024/8/13,4:00,26.8
2024/8/13,5:00,26.2
2024/8/13,6:00,28.6
2024/8/13,7:00,30.1
2024/8/13,8:00,30.7
2024/8/13,9:00,31.3
2024/8/13,10:00,31.9
2024/8/13,11:00,31.8
2024/8/13,12:00,31.6
2024/8/13,13:00,31.9
2024/8/13,14:00,31.9
2024/8/13,15:00,31.6
2024/8/13,16:00,31.1
2024/8/13,17:00,29.8
2024/8/13,18:00,27.4
2024/8/13,19:00,27.5
2024/8/13,20:00,26.8
2024/8/13,21:00,27.4
2024/8/13,22:00,27.4
2024/8/13,23:00,27.6
2024/8/14,0:00,27.8
2024/8/14,1:00,26.9
2024/8/14,2:00,26.9
2024/8/14,3:00,26.7
2024/8/14,4:00,26.5
2024/8/14,5:00,26.3
2024/8/14,6:00,27.1
2024/8/14,7:00,29.7
2024/8/14,8:00,28.5
2024/8/14,9:00,28.8
2024/8/14,10:00,29.9
2024/8/14,11:00,32.8
2024/8/14,12:00,32.2
2024/8/14,13:00,32.7
2024/8/14,14:00,29.1
2024/8/14,15:00,28.6
2024/8/14,16:00,28.7
2024/8/14,17:00,29.7
2024/8/14,18:00,28.4
2024/8/14,19:00,27.3
2024/8/14,20:00,27
2024/8/14,21:00,27.1
2024/8/14,22:00,27
2024/8/14,23:00,26.9
2024/8/15,0:00,26.8
2024/8/15,1:00,26.7
2024/8/15,2:00,26.3
2024/8/15,3:00,26
2024/8/15,4:00,25.5
2024/8/15,5:00,25.2
2024/8/15,6:00,26.6
2024/8/15,7:00,27.4
2024/8/15,8:00,30.8
2024/8/15,9:00,31.8
2024/8/15,10:00,31.2
2024/8/15,11:00,31.2
2024/8/15,12:00,31.6
2024/8/15,13:00,31.2
2024/8/15,14:00,31.3
2024/8/15,15:00,31
2024/8/15,16:00,30.8
2024/8/15,17:00,28.7
2024/8/15,18:00,27.8
2024/8/15,19:00,27.5
2024/8/15,20:00,27.1
2024/8/15,21:00,27.2
2024/8/15,22:00,27.2
2024/8/15,23:00,27.3
2024/8/16,0:00,27.1
2024/8/16,1:00,26.7
2024/8/16,2:00,26.5
2024/8/16,3:00,26.1
2024/8/16,4:00,25.9
2024/8/16,5:00,25.4
2024/8/16,6:00,25.8
2024/8/16,7:00,26.3
2024/8/16,8:00,27.1
2024/8/16,9:00,27.8
2024/8/16,10:00,29.1
2024/8/16,11:00,29.4
2024/8/16,12:00,29
2024/8/16,13:00,28.8
2024/8/16,14:00,28.6
2024/8/16,15:00,28.6
2024/8/16,16:00,28.3
2024/8/16,17:00,27.4
2024/8/16,18:00,26.7
2024/8/16,19:00,26.5
2024/8/16,20:00,25.7
2024/8/16,21:00,25.6
2024/8/16,22:00,25.4
2024/8/16,23:00,25.7
2024/8/17,0:00,25.7
2024/8/17,1:00,25.8
2024/8/17,2:00,25.5
2024/8/17,3:00,25.7
2024/8/17,4:00,25.7
2024/8/17,5:00,25.8
2024/8/17,6:00,26.6
2024/8/17,7:00,29
2024/8/17,8:00,31.6
2024/8/17,9:00,31
2024/8/17,10:00,32
2024/8/17,11:00,31.8
2024/8/17,12:00,32.6
2024/8/17,13:00,32.8
2024/8/17,14:00,32.9
2024/8/17,15:00,30.5
2024/8/17,16:00,31.6
2024/8/17,17:00,30.6
2024/8/17,18:00,28.8
2024/8/17,19:00,27.9
2024/8/17,20:00,27.8
2024/8/17,21:00,27.1
2024/8/17,22:00,26.7
2024/8/17,23:00,26.6
2024/8/18,0:00,26.7
2024/8/18,1:00,26.6
2024/8/18,2:00,26.7
2024/8/18,3:00,26.2
2024/8/18,4:00,26.3
2024/8/18,5:00,26.3
2024/8/18,6:00,26.9
2024/8/18,7:00,27.8
2024/8/18,8:00,30.3
2024/8/18,9:00,29.1
2024/8/18,10:00,29
2024/8/18,11:00,31.5
2024/8/18,12:00,30.6
2024/8/18,13:00,33
2024/8/18,14:00,32.1
2024/8/18,15:00,32.4
2024/8/18,16:00,32.5
2024/8/18,17:00,30.3
2024/8/18,18:00,28.7
2024/8/18,19:00,28.6
2024/8/18,20:00,27.9
2024/8/18,21:00,28.3
2024/8/18,22:00,28.4
2024/8/18,23:00,28.4
2024/8/19,0:00,28
2024/8/19,1:00,27.2
2024/8/19,2:00,27.1
2024/8/19,3:00,27.1
2024/8/19,4:00,27.1
2024/8/19,5:00,26.6
2024/8/19,6:00,25.9
2024/8/19,7:00,27.5
2024/8/19,8:00,30.7
2024/8/19,9:00,31.8
2024/8/19,10:00,32.4
2024/8/19,11:00,33.2
2024/8/19,12:00,32.5
2024/8/19,13:00,32.9
2024/8/19,14:00,33.4
2024/8/19,15:00,33
2024/8/19,16:00,30.2
2024/8/19,17:00,24.5
2024/8/19,18:00,25.4
2024/8/19,19:00,23
2024/8/19,20:00,23.3
2024/8/19,21:00,23.6
2024/8/19,22:00,23.6
2024/8/19,23:00,24.1
2024/8/20,0:00,24.2
2024/8/20,1:00,23.9
2024/8/20,2:00,24.4
2024/8/20,3:00,24.5
2024/8/20,4:00,24.4
2024/8/20,5:00,24.8
2024/8/20,6:00,25.3
2024/8/20,7:00,26
2024/8/20,8:00,26.8
2024/8/20,9:00,29.6
2024/8/20,10:00,30.6
2024/8/20,11:00,30.1
2024/8/20,12:00,31.8
2024/8/20,13:00,31.7
2024/8/20,14:00,31.5
2024/8/20,15:00,31.2
2024/8/20,16:00,30.2
2024/8/20,17:00,29
2024/8/20,18:00,27.1
2024/8/20,19:00,26.7
2024/8/20,20:00,26.4
2024/8/20,21:00,26.4
2024/8/20,22:00,25.8
2024/8/20,23:00,25.8
2024/8/21,0:00,25.8
2024/8/21,1:00,25.9
2024/8/21,2:00,25.9
2024/8/21,3:00,25.5
2024/8/21,4:00,25.4
2024/8/21,5:00,25.4
2024/8/21,6:00,27.2
2024/8/21,7:00,28.6
2024/8/21,8:00,27.6
2024/8/21,9:00,30
2024/8/21,10:00,31.8
2024/8/21,11:00,30.7
2024/8/21,12:00,31.3
2024/8/21,13:00,31.5
2024/8/21,14:00,31.1
2024/8/21,15:00,31.1
2024/8/21,16:00,30.6
2024/8/21,17:00,29.5
2024/8/21,18:00,27.8
2024/8/21,19:00,26.7
2024/8/21,20:00,25.6
2024/8/21,21:00,26.3
2024/8/21,22:00,26.2
2024/8/21,23:00,26.1
2024/8/22,0:00,26.1
2024/8/22,1:00,25.7
2024/8/22,2:00,25.7
2024/8/22,3:00,25.8
2024/8/22,4:00,25.5
2024/8/22,5:00,25.6
2024/8/22,6:00,26
2024/8/22,7:00,26.7
2024/8/22,8:00,26.9
2024/8/22,9:00,27.2
2024/8/22,10:00,27.4
2024/8/22,11:00,28.7
2024/8/22,12:00,28.7
2024/8/22,13:00,29.5
2024/8/22,14:00,32.2
2024/8/22,15:00,29.4
2024/8/22,16:00,28.5
2024/8/22,17:00,28.2
2024/8/22,18:00,27.4
2024/8/22,19:00,27.1
2024/8/22,20:00,26.8
2024/8/22,21:00,26.9
2024/8/22,22:00,26.8
2024/8/22,23:00,26.8
2024/8/23,0:00,26.8
2024/8/23,1:00,26.9
2024/8/23,2:00,26.9
2024/8/23,3:00,26.8
2024/8/23,4:00,26.8
2024/8/23,5:00,26.7
2024/8/23,6:00,27.3
2024/8/23,7:00,29.6
2024/8/23,8:00,28.4
2024/8/23,9:00,28.6
2024/8/23,10:00,31.3
2024/8/23,11:00,31.3
2024/8/23,12:00,30
2024/8/23,13:00,32.2
2024/8/23,14:00,29.8
2024/8/23,15:00,31.7
2024/8/23,16:00,31.2
2024/8/23,17:00,30.1
2024/8/23,18:00,27.1
2024/8/23,19:00,27.4
2024/8/23,20:00,27.4
2024/8/23,21:00,27.3
2024/8/23,22:00,27.3
2024/8/23,23:00,27.5
2024/8/24,0:00,27.3
2024/8/24,1:00,27
2024/8/24,2:00,26.7
2024/8/24,3:00,26.5
2024/8/24,4:00,26.7
2024/8/24,5:00,26.1
2024/8/24,6:00,27
2024/8/24,7:00,29.8
2024/8/24,8:00,28.8
2024/8/24,9:00,31.5
2024/8/24,10:00,32.2
2024/8/24,11:00,32.3
2024/8/24,12:00,33.4
2024/8/24,13:00,31.6
2024/8/24,14:00,28.7
2024/8/24,15:00,29
2024/8/24,16:00,28.4
2024/8/24,17:00,27.2
2024/8/24,18:00,26.6
2024/8/24,19:00,26.4
2024/8/24,20:00,24.8
2024/8/24,21:00,24.9
2024/8/24,22:00,25.1
2024/8/24,23:00,24.6
2024/8/25,0:00,24.6
2024/8/25,1:00,25.4
2024/8/25,2:00,25.3
2024/8/25,3:00,25.3
2024/8/25,4:00,25.3
2024/8/25,5:00,25.4
2024/8/25,6:00,26.1
2024/8/25,7:00,26.7
2024/8/25,8:00,27.6
2024/8/25,9:00,31.3
2024/8/25,10:00,31.4
2024/8/25,11:00,32.9
2024/8/25,12:00,31.5
2024/8/25,13:00,31.1
2024/8/25,14:00,31.7
2024/8/25,15:00,31.1
2024/8/25,16:00,30.2
2024/8/25,17:00,28.5
2024/8/25,18:00,27
2024/8/25,19:00,26.8
2024/8/25,20:00,27.1
2024/8/25,21:00,26.7
2024/8/25,22:00,26.4
2024/8/25,23:00,26.2
2024/8/26,0:00,26
2024/8/26,1:00,26.1
2024/8/26,2:00,26
2024/8/26,3:00,26
2024/8/26,4:00,25.7
2024/8/26,5:00,25.5
2024/8/26,6:00,27
2024/8/26,7:00,28.8
2024/8/26,8:00,29.5
2024/8/26,9:00,29.9
2024/8/26,10:00,29.5
2024/8/26,11:00,30.9
2024/8/26,12:00,30.7
2024/8/26,13:00,29.9
2024/8/26,14:00,30.5
2024/8/26,15:00,30.2
2024/8/26,16:00,29.1
2024/8/26,17:00,26.7
2024/8/26,18:00,26.1
2024/8/26,19:00,26
2024/8/26,20:00,26.3
2024/8/26,21:00,26.6
2024/8/26,22:00,26.5
2024/8/26,23:00,26.7
2024/8/27,0:00,26.7
2024/8/27,1:00,26.7
2024/8/27,2:00,26.7
2024/8/27,3:00,26
2024/8/27,4:00,24.6
2024/8/27,5:00,25.2
2024/8/27,6:00,25.5
2024/8/27,7:00,26.1
2024/8/27,8:00,26.7
2024/8/27,9:00,30
2024/8/27,10:00,30.5
2024/8/27,11:00,28.6
2024/8/27,12:00,28.5
2024/8/27,13:00,28.9
2024/8/27,14:00,28.5
2024/8/27,15:00,28.3
2024/8/27,16:00,27.8
2024/8/27,17:00,27.1
2024/8/27,18:00,25.9
2024/8/27,19:00,26
2024/8/27,20:00,25.9
2024/8/27,21:00,25.7
2024/8/27,22:00,25.6
2024/8/27,23:00,25.7
2024/8/28,0:00,25.2
2024/8/28,1:00,24.9
2024/8/28,2:00,25.2
2024/8/28,3:00,25
2024/8/28,4:00,24.4
2024/8/28,5:00,24.7
2024/8/28,6:00,25.5
2024/8/28,7:00,26.5
2024/8/28,8:00,27.4
2024/8/28,9:00,27.8
2024/8/28,10:00,28.7
2024/8/28,11:00,30.4
2024/8/28,12:00,30.4
2024/8/28,13:00,30.4
2024/8/28,14:00,30.4
2024/8/28,15:00,28.3
2024/8/28,16:00,27.7
2024/8/28,17:00,26.7
2024/8/28,18:00,26.2
2024/8/28,19:00,26
2024/8/28,20:00,25.9
2024/8/28,21:00,25.8
2024/8/28,22:00,25.8
2024/8/28,23:00,25.6
2024/8/29,0:00,25.6
2024/8/29,1:00,25.6
2024/8/29,2:00,25.5
2024/8/29,3:00,25.4
2024/8/29,4:00,25.5
2024/8/29,5:00,25.4
2024/8/29,6:00,25.8
2024/8/29,7:00,26.7
2024/8/29,8:00,26.9
2024/8/29,9:00,27.5
2024/8/29,10:00,27.6
2024/8/29,11:00,28.6
2024/8/29,12:00,28.2
2024/8/29,13:00,28.5
2024/8/29,14:00,28.2
2024/8/29,15:00,27.2
2024/8/29,16:00,26.4
2024/8/29,17:00,25.7
2024/8/29,18:00,25
2024/8/29,19:00,24.9
2024/8/29,20:00,25.4
2024/8/29,21:00,25.7
2024/8/29,22:00,25.5
2024/8/29,23:00,25.6
2024/8/30,0:00,25.5
2024/8/30,1:00,25.9
2024/8/30,2:00,25
2024/8/30,3:00,24.8
2024/8/30,4:00,25
2024/8/30,5:00,25.3
2024/8/30,6:00,25.5
2024/8/30,7:00,26.3
2024/8/30,8:00,26.9
2024/8/30,9:00,26.6
2024/8/30,10:00,27.4
2024/8/30,11:00,27.6
2024/8/30,12:00,28.2
2024/8/30,13:00,28.5
2024/8/30,14:00,28.6
2024/8/30,15:00,27.8
2024/8/30,16:00,27.8
2024/8/30,17:00,26.8
2024/8/30,18:00,26.7
2024/8/30,19:00,26.5
2024/8/30,20:00,26.5
2024/8/30,21:00,26.4
2024/8/30,22:00,26.6
2024/8/30,23:00,26.6
2024/8/31,0:00,26.3
2024/8/31,1:00,26.1
2024/8/31,2:00,25.9
2024/8/31,3:00,26.1
2024/8/31,4:00,25.8
2024/8/31,5:00,26.1
2024/8/31,6:00,25.7
2024/8/31,7:00,26.9
2024/8/31,8:00,28.1
2024/8/31,9:00,31
2024/8/31,10:00,31.3
2024/8/31,11:00,31.8
2024/8/31,12:00,29.9
2024/8/31,13:00,29.9
2024/8/31,14:00,31.6
2024/8/31,15:00,28.5
2024/8/31,16:00,28.7
2024/8/31,17:00,28.2
2024/8/31,18:00,27.3
2024/8/31,19:00,25.6
2024/8/31,20:00,24.9
2024/8/31,21:00,25.2
2024/8/31,22:00,24.5
2024/8/31,23:00,24.2
2024/9/1,0:00,23.8
2024/9/1,1:00,23.6
2024/9/1,2:00,23.7
2024/9/1,3:00,23.7
2024/9/1,4:00,23.9
2024/9/1,5:00,23.8
2024/9/1,6:00,24.1
2024/9/1,7:00,25
2024/9/1,8:00,25.9
2024/9/1,9:00,26.5
2024/9/1,10:00,26.8
2024/9/1,11:00,27.8
2024/9/1,12:00,27.2
2024/9/1,13:00,27.9
2024/9/1,14:00,28.6
2024/9/1,15:00,29
2024/9/1,16:00,28.7
2024/9/1,17:00,27.9
2024/9/1,18:00,27.5
2024/9/1,19:00,27.1
2024/9/1,20:00,27
2024/9/1,21:00,26.9
2024/9/1,22:00,26.8
2024/9/1,23:00,26.6
2024/9/2,0:00,26.8
2024/9/2,1:00,27
2024/9/2,2:00,26.7
2024/9/2,3:00,26.5
2024/9/2,4:00,26.3
2024/9/2,5:00,26.2
2024/9/2,6:00,27.5
2024/9/2,7:00,29.1
2024/9/2,8:00,30.5
2024/9/2,9:00,31.2
2024/9/2,10:00,31.7
2024/9/2,11:00,31.9
2024/9/2,12:00,32.2
2024/9/2,13:00,32.1
2024/9/2,14:00,31.9
2024/9/2,15:00,31.3
2024/9/2,16:00,30.2
2024/9/2,17:00,29.3
2024/9/2,18:00,27.3
2024/9/2,19:00,26.9
2024/9/2,20:00,26.5
2024/9/2,21:00,26.2
2024/9/2,22:00,25.2
2024/9/2,23:00,25.3
2024/9/3,0:00,25.1
2024/9/3,1:00,24.8
2024/9/3,2:00,24.7
2024/9/3,3:00,24.3
2024/9/3,4:00,24.7
2024/9/3,5:00,24.6
2024/9/3,6:00,24.4
2024/9/3,7:00,24.5
2024/9/3,8:00,24.7
2024/9/3,9:00,24.8
2024/9/3,10:00,25.6
2024/9/3,11:00,25.7
2024/9/3,12:00,25.6
2024/9/3,13:00,26.7
2024/9/3,14:00,26.2
2024/9/3,15:00,25.9
2024/9/3,16:00,25.3
2024/9/3,17:00,25
2024/9/3,18:00,23.9
2024/9/3,19:00,22
2024/9/3,20:00,22.9
2024/9/3,21:00,22.5
2024/9/3,22:00,22.6
2024/9/3,23:00,22.7
2024/9/4,0:00,22.5
2024/9/4,1:00,22.6
2024/9/4,2:00,22.6
2024/9/4,3:00,22.3
2024/9/4,4:00,22.2
2024/9/4,5:00,22.1
2024/9/4,6:00,22.3
2024/9/4,7:00,22.8
2024/9/4,8:00,25.5
2024/9/4,9:00,26.1
2024/9/4,10:00,26
2024/9/4,11:00,26
2024/9/4,12:00,27
2024/9/4,13:00,27.4
2024/9/4,14:00,27.6
2024/9/4,15:00,27.3
2024/9/4,16:00,27.3
2024/9/4,17:00,25.9
2024/9/4,18:00,24
2024/9/4,19:00,23.3
2024/9/4,20:00,23
2024/9/4,21:00,22.7
2024/9/4,22:00,22.5
2024/9/4,23:00,22.5
2024/9/5,0:00,22.5
2024/9/5,1:00,22.3
2024/9/5,2:00,22.2
2024/9/5,3:00,22.2
2024/9/5,4:00,21.9
2024/9/5,5:00,21.6
2024/9/5,6:00,22.9
2024/9/5,7:00,25
2024/9/5,8:00,26.5
2024/9/5,9:00,27.4
2024/9/5,10:00,27.6
2024/9/5,11:00,27.6
2024/9/5,12:00,28.3
2024/9/5,13:00,28.6
2024/9/5,14:00,29
2024/9/5,15:00,28.7
2024/9/5,16:00,28.2
2024/9/5,17:00,26.9
2024/9/5,18:00,25.5
2024/9/5,19:00,24.9
2024/9/5,20:00,25.3
2024/9/5,21:00,25
2024/9/5,22:00,25.2
2024/9/5,23:00,25.1
2024/9/6,0:00,25.3
2024/9/6,1:00,24.9
2024/9/6,2:00,25
2024/9/6,3:00,24.6
2024/9/6,4:00,23.9
2024/9/6,5:00,23.5
2024/9/6,6:00,24.1
2024/9/6,7:00,25.2
2024/9/6,8:00,28.2
2024/9/6,9:00,28.8
2024/9/6,10:00,29.2
2024/9/6,11:00,29.4
2024/9/6,12:00,29.2
2024/9/6,13:00,29.3
2024/9/6,14:00,28.6
2024/9/6,15:00,29.4
2024/9/6,16:00,29.2
2024/9/6,17:00,27.3
2024/9/6,18:00,26.2
2024/9/6,19:00,25.8
2024/9/6,20:00,26.3
2024/9/6,21:00,25.8
2024/9/6,22:00,26
2024/9/6,23:00,25.6
2024/9/7,0:00,25.5
2024/9/7,1:00,24.9
2024/9/7,2:00,25.7
2024/9/7,3:00,25.2
2024/9/7,4:00,25
2024/9/7,5:00,24.1
2024/9/7,6:00,24.6
2024/9/7,7:00,25.7
2024/9/7,8:00,28.9
2024/9/7,9:00,29.8
2024/9/7,10:00,30.3
2024/9/7,11:00,30.8
2024/9/7,12:00,29.8
2024/9/7,13:00,30.1
2024/9/7,14:00,31
2024/9/7,15:00,30.4
2024/9/7,16:00,29
2024/9/7,17:00,27.8
2024/9/7,18:00,26
2024/9/7,19:00,26.4
2024/9/7,20:00,26.5
2024/9/7,21:00,26.3
2024/9/7,22:00,26.4
2024/9/7,23:00,26.3
2024/9/8,0:00,26
2024/9/8,1:00,25.5
2024/9/8,2:00,25.2
2024/9/8,3:00,25
2024/9/8,4:00,24.9
2024/9/8,5:00,24.9
2024/9/8,6:00,25.7
2024/9/8,7:00,27.7
2024/9/8,8:00,29.4
2024/9/8,9:00,30
2024/9/8,10:00,30.8
2024/9/8,11:00,30.1
2024/9/8,12:00,30.5
2024/9/8,13:00,31.5
2024/9/8,14:00,28.6
2024/9/8,15:00,28.5
2024/9/8,16:00,27.2
2024/9/8,17:00,27.4
2024/9/8,18:00,27.6
2024/9/8,19:00,26.9
2024/9/8,20:00,26
2024/9/8,21:00,26.6
2024/9/8,22:00,26.8
2024/9/8,23:00,26.9
2024/9/9,0:00,26.2
2024/9/9,1:00,26
2024/9/9,2:00,26.1
2024/9/9,3:00,25.6
2024/9/9,4:00,25.2
2024/9/9,5:00,25.2
2024/9/9,6:00,25.4
2024/9/9,7:00,26.1
2024/9/9,8:00,26.9
2024/9/9,9:00,29.7
2024/9/9,10:00,29.8
2024/9/9,11:00,29.6
2024/9/9,12:00,27.9
2024/9/9,13:00,29.8
2024/9/9,14:00,30.3
2024/9/9,15:00,30.1
2024/9/9,16:00,29.5
2024/9/9,17:00,27.1
2024/9/9,18:00,26.1
2024/9/9,19:00,25.6
2024/9/9,20:00,26
2024/9/9,21:00,26.1
2024/9/9,22:00,26.1
2024/9/9,23:00,25.9
2024/9/10,0:00,25.8
2024/9/10,1:00,25.7
2024/9/10,2:00,25.7
2024/9/10,3:00,25.6
2024/9/10,4:00,25.5
2024/9/10,5:00,25.2
2024/9/10,6:00,26.1
2024/9/10,7:00,27.9
2024/9/10,8:00,29
2024/9/10,9:00,29.6
2024/9/10,10:00,30.3
2024/9/10,11:00,30.9
2024/9/10,12:00,30.3
2024/9/10,13:00,30.3
2024/9/10,14:00,30.6
2024/9/10,15:00,28.5
2024/9/10,16:00,29.7
2024/9/10,17:00,28
2024/9/10,18:00,25.9
2024/9/10,19:00,26.2
2024/9/10,20:00,26.9
2024/9/10,21:00,26.8
2024/9/10,22:00,26.9
2024/9/10,23:00,27.1
2024/9/11,0:00,27
2024/9/11,1:00,26.8
2024/9/11,2:00,26.3
2024/9/11,3:00,26.2
2024/9/11,4:00,26.1
2024/9/11,5:00,25.9
2024/9/11,6:00,27.1
2024/9/11,7:00,28.8
2024/9/11,8:00,29.9
2024/9/11,9:00,31.5
2024/9/11,10:00,31
2024/9/11,11:00,31.1
2024/9/11,12:00,31.1
2024/9/11,13:00,31.8
2024/9/11,14:00,32.1
2024/9/11,15:00,31.6
2024/9/11,16:00,30.7
2024/9/11,17:00,28.9
2024/9/11,18:00,27.2
2024/9/11,19:00,27.1
2024/9/11,20:00,27
2024/9/11,21:00,27.5
2024/9/11,22:00,27.3
2024/9/11,23:00,27.3
2024/9/12,0:00,26.8
2024/9/12,1:00,26.5
2024/9/12,2:00,26.5
2024/9/12,3:00,26.5
2024/9/12,4:00,26.2
2024/9/12,5:00,26.2
2024/9/12,6:00,26.5
2024/9/12,7:00,27.9
2024/9/12,8:00,29.8
2024/9/12,9:00,31.3
2024/9/12,10:00,31.7
2024/9/12,11:00,31.7
2024/9/12,12:00,32.1
2024/9/12,13:00,32.5
2024/9/12,14:00,31.9
2024/9/12,15:00,32
2024/9/12,16:00,30.4
2024/9/12,17:00,29.1
2024/9/12,18:00,27.1
2024/9/12,19:00,26.8
2024/9/12,20:00,26.7
2024/9/12,21:00,26.7
2024/9/12,22:00,27.1
2024/9/12,23:00,27
2024/9/13,0:00,26.8
2024/9/13,1:00,26.7
2024/9/13,2:00,26.3
2024/9/13,3:00,26.1
2024/9/13,4:00,26.3
2024/9/13,5:00,26
2024/9/13,6:00,27
2024/9/13,7:00,28.7
2024/9/13,8:00,29.9
2024/9/13,9:00,31.4
2024/9/13,10:00,31.2
2024/9/13,11:00,31.5
2024/9/13,12:00,31.7
2024/9/13,13:00,31.6
2024/9/13,14:00,31.8
2024/9/13,15:00,31.6
2024/9/13,16:00,30.6
2024/9/13,17:00,28.3
2024/9/13,18:00,26.8
2024/9/13,19:00,26.6
2024/9/13,20:00,26.6
2024/9/13,21:00,26.6
2024/9/13,22:00,26.1
2024/9/13,23:00,26.2
2024/9/14,0:00,26
2024/9/14,1:00,26.1
2024/9/14,2:00,26
2024/9/14,3:00,25.8
2024/9/14,4:00,25.5
2024/9/14,5:00,25.6
2024/9/14,6:00,26.5
2024/9/14,7:00,29.3
2024/9/14,8:00,29.9
2024/9/14,9:00,29
2024/9/14,10:00,30.7
2024/9/14,11:00,31.4
2024/9/14,12:00,30.1
2024/9/14,13:00,29.1
2024/9/14,14:00,31.1
2024/9/14,15:00,31.2
2024/9/14,16:00,29.8
2024/9/14,17:00,28.5
2024/9/14,18:00,26.7
2024/9/14,19:00,26.9
2024/9/14,20:00,26.9
2024/9/14,21:00,27
2024/9/14,22:00,26.7
2024/9/14,23:00,26.7
2024/9/15,0:00,26.6
2024/9/15,1:00,26.7
2024/9/15,2:00,26.7
2024/9/15,3:00,26.5
2024/9/15,4:00,26.5
2024/9/15,5:00,26.4
2024/9/15,6:00,26.8
2024/9/15,7:00,28.9
2024/9/15,8:00,30.3
2024/9/15,9:00,31.1
2024/9/15,10:00,31.7
2024/9/15,11:00,31.9
2024/9/15,12:00,31.7
2024/9/15,13:00,31.4
2024/9/15,14:00,31.1
2024/9/15,15:00,31.2
2024/9/15,16:00,30
2024/9/15,17:00,27.3
2024/9/15,18:00,26.6
2024/9/15,19:00,26.5
2024/9/15,20:00,26.1
2024/9/15,21:00,26.4
2024/9/15,22:00,25.9
2024/9/15,23:00,25.3
2024/9/16,0:00,25.2
2024/9/16,1:00,25.1
2024/9/16,2:00,25.1
2024/9/16,3:00,25.1
2024/9/16,4:00,25.1
2024/9/16,5:00,25.2
2024/9/16,6:00,25.5
2024/9/16,7:00,26.3
2024/9/16,8:00,26.3
2024/9/16,9:00,26.9
2024/9/16,10:00,27.5
2024/9/16,11:00,27.5
2024/9/16,12:00,27.2
2024/9/16,13:00,26.9
2024/9/16,14:00,26.6
2024/9/16,15:00,26.6
2024/9/16,16:00,26
2024/9/16,17:00,25
2024/9/16,18:00,24.3
2024/9/16,19:00,24.1
2024/9/16,20:00,23.5
2024/9/16,21:00,23.4
2024/9/16,22:00,23.1
2024/9/16,23:00,22.8
2024/9/17,0:00,22.4
2024/9/17,1:00,22.3
2024/9/17,2:00,22.6
2024/9/17,3:00,22.6
2024/9/17,4:00,22.7
2024/9/17,5:00,22.8
2024/9/17,6:00,23.4
2024/9/17,7:00,25.6
2024/9/17,8:00,27.3
2024/9/17,9:00,28.6
2024/9/17,10:00,29.5
2024/9/17,11:00,29.9
2024/9/17,12:00,30.8
2024/9/17,13:00,31.4
2024/9/17,14:00,31.9
2024/9/17,15:00,30.9
2024/9/17,16:00,30.6
2024/9/17,17:00,29.1
2024/9/17,18:00,27.1
2024/9/17,19:00,26.9
2024/9/17,20:00,26.8
2024/9/17,21:00,26.7
2024/9/17,22:00,26.9
2024/9/17,23:00,26.7
2024/9/18,0:00,26.5
2024/9/18,1:00,26.4
2024/9/18,2:00,26.2
2024/9/18,3:00,26.1
2024/9/18,4:00,26.1
2024/9/18,5:00,26.1
2024/9/18,6:00,26.7
2024/9/18,7:00,29
2024/9/18,8:00,30
2024/9/18,9:00,31.2
2024/9/18,10:00,31.4
2024/9/18,11:00,31.4
2024/9/18,12:00,31.9
2024/9/18,13:00,32
2024/9/18,14:00,29.3
2024/9/18,15:00,28.5
2024/9/18,16:00,26.9
2024/9/18,17:00,26.5
2024/9/18,18:00,26.1
2024/9/18,19:00,25
2024/9/18,20:00,24.8
2024/9/18,21:00,25
2024/9/18,22:00,24.9
2024/9/18,23:00,24.7
2024/9/19,0:00,24.7
2024/9/19,1:00,24.8
2024/9/19,2:00,24.6
2024/9/19,3:00,24.8
2024/9/19,4:00,24.9
2024/9/19,5:00,24.8
2024/9/19,6:00,24.9
2024/9/19,7:00,25.1
2024/9/19,8:00,26.3
2024/9/19,9:00,26.8
2024/9/19,10:00,29.4
2024/9/19,11:00,28.5
2024/9/19,12:00,30.5
2024/9/19,13:00,31.3
2024/9/19,14:00,30.8
2024/9/19,15:00,29.5
2024/9/19,16:00,27.8
2024/9/19,17:00,26.8
2024/9/19,18:00,25
2024/9/19,19:00,24.9
2024/9/19,20:00,25.2
2024/9/19,21:00,25.4
2024/9/19,22:00,25.2
2024/9/19,23:00,25.1
2024/9/20,0:00,25.6
2024/9/20,1:00,25.2
2024/9/20,2:00,24.5
2024/9/20,3:00,24.1
2024/9/20,4:00,24.1
2024/9/20,5:00,24.2
2024/9/20,6:00,24.3
2024/9/20,7:00,27.1
2024/9/20,8:00,26.6
2024/9/20,9:00,27.3
2024/9/20,10:00,27.5
2024/9/20,11:00,28
2024/9/20,12:00,31
2024/9/20,13:00,30.5
2024/9/20,14:00,31.3
2024/9/20,15:00,30.8
2024/9/20,16:00,30.6
2024/9/20,17:00,28.8
2024/9/20,18:00,28
2024/9/20,19:00,28.1
2024/9/20,20:00,27
2024/9/20,21:00,27
2024/9/20,22:00,26.5
2024/9/20,23:00,26.5
2024/9/21,0:00,26.2
2024/9/21,1:00,25.8
2024/9/21,2:00,25.2
2024/9/21,3:00,25.1
2024/9/21,4:00,24.5
2024/9/21,5:00,24
2024/9/21,6:00,25
2024/9/21,7:00,26.1
2024/9/21,8:00,26.8
2024/9/21,9:00,28.3
2024/9/21,10:00,28.7
2024/9/21,11:00,29.1
2024/9/21,12:00,28.7
2024/9/21,13:00,28.1
2024/9/21,14:00,26.8
2024/9/21,15:00,26.2
2024/9/21,16:00,25.3
2024/9/21,17:00,24.7
2024/9/21,18:00,23.7
2024/9/21,19:00,23.2
2024/9/21,20:00,22.7
2024/9/21,21:00,22.6
2024/9/21,22:00,22.6
2024/9/21,23:00,22.1
2024/9/22,0:00,21.8
2024/9/22,1:00,21.7
2024/9/22,2:00,21.7
2024/9/22,3:00,21.8
2024/9/22,4:00,21.4
2024/9/22,5:00,20.8
2024/9/22,6:00,20.7
2024/9/22,7:00,21.2
2024/9/22,8:00,21.6
2024/9/22,9:00,22
2024/9/22,10:00,22.2
2024/9/22,11:00,21.6
2024/9/22,12:00,22.3
2024/9/22,13:00,23
2024/9/22,14:00,24
2024/9/22,15:00,24.2
2024/9/22,16:00,24.4
2024/9/22,17:00,23.9
2024/9/22,18:00,23.7
2024/9/22,19:00,23.5
2024/9/22,20:00,23.1
2024/9/22,21:00,23.3
2024/9/22,22:00,23.4
2024/9/22,23:00,22.8
2024/9/23,0:00,22.3
2024/9/23,1:00,21.9
2024/9/23,2:00,21.9
2024/9/23,3:00,21.8
2024/9/23,4:00,21.2
2024/9/23,5:00,20.7
2024/9/23,6:00,20.9
2024/9/23,7:00,21.6
2024/9/23,8:00,23.2
2024/9/23,9:00,21.7
2024/9/23,10:00,24.5
2024/9/23,11:00,24.7
2024/9/23,12:00,24.7
2024/9/23,13:00,24.9
2024/9/23,14:00,22.4
2024/9/23,15:00,23.9
2024/9/23,16:00,20.9
2024/9/23,17:00,20
2024/9/23,18:00,19.1
2024/9/23,19:00,19.1
2024/9/23,20:00,18.9
2024/9/23,21:00,18.6
2024/9/23,22:00,17.9
2024/9/23,23:00,17.4
2024/9/24,0:00,17.7
2024/9/24,1:00,17.1
2024/9/24,2:00,17
2024/9/24,3:00,16.9
2024/9/24,4:00,16.8
2024/9/24,5:00,16.6
2024/9/24,6:00,16.6
2024/9/24,7:00,17
2024/9/24,8:00,17.4
2024/9/24,9:00,18
2024/9/24,10:00,19.1
2024/9/24,11:00,19.2
2024/9/24,12:00,19.3
2024/9/24,13:00,21.7
2024/9/24,14:00,21.9
2024/9/24,15:00,21.2
2024/9/24,16:00,19.1
2024/9/24,17:00,18.3
2024/9/24,18:00,17.9
2024/9/24,19:00,17.5
2024/9/24,20:00,17.3
2024/9/24,21:00,16.9
2024/9/24,22:00,16.8
2024/9/24,23:00,16.2
2024/9/25,0:00,16.1
2024/9/25,1:00,16.1
2024/9/25,2:00,16.4
2024/9/25,3:00,16.6
2024/9/25,4:00,16.5
2024/9/25,5:00,16.3
2024/9/25,6:00,16.6
2024/9/25,7:00,17.3
2024/9/25,8:00,18.1
2024/9/25,9:00,18.9
2024/9/25,10:00,19.9
2024/9/25,11:00,20.4
2024/9/25,12:00,21
2024/9/25,13:00,20.9
2024/9/25,14:00,21.3
2024/9/25,15:00,21.6
2024/9/25,16:00,21.6
2024/9/25,17:00,21.4
2024/9/25,18:00,20.9
2024/9/25,19:00,21.1
2024/9/25,20:00,20.2
2024/9/25,21:00,20.2
2024/9/25,22:00,20.2
2024/9/25,23:00,20.3
2024/9/26,0:00,20.2
2024/9/26,1:00,20
2024/9/26,2:00,19.8
2024/9/26,3:00,19.4
2024/9/26,4:00,20
2024/9/26,5:00,20
2024/9/26,6:00,20.6
2024/9/26,7:00,22.4
2024/9/26,8:00,24.8
2024/9/26,9:00,23
2024/9/26,10:00,26.2
2024/9/26,11:00,26.1
2024/9/26,12:00,26.4
2024/9/26,13:00,26.8
2024/9/26,14:00,26.9
2024/9/26,15:00,26.8
2024/9/26,16:00,26.2
2024/9/26,17:00,23.8
2024/9/26,18:00,23.6
2024/9/26,19:00,24
2024/9/26,20:00,23.8
2024/9/26,21:00,22.9
2024/9/26,22:00,22.9
2024/9/26,23:00,23
2024/9/27,0:00,22.7
2024/9/27,1:00,22.4
2024/9/27,2:00,22.5
2024/9/27,3:00,22.5
2024/9/27,4:00,22.4
2024/9/27,5:00,22.4
2024/9/27,6:00,22.5
2024/9/27,7:00,23
2024/9/27,8:00,23.4
2024/9/27,9:00,23.8
2024/9/27,10:00,24.9
2024/9/27,11:00,24.6
2024/9/27,12:00,24.9
2024/9/27,13:00,24.8
2024/9/27,14:00,24.8
2024/9/27,15:00,24.9
2024/9/27,16:00,24.4
2024/9/27,17:00,24
2024/9/27,18:00,23.6
2024/9/27,19:00,23.3
2024/9/27,20:00,23.2
2024/9/27,21:00,23
2024/9/27,22:00,23
2024/9/27,23:00,22.8
2024/9/28,0:00,22.5
2024/9/28,1:00,22.1
2024/9/28,2:00,22
2024/9/28,3:00,21.7
2024/9/28,4:00,21.6
2024/9/28,5:00,21.6
2024/9/28,6:00,21.6
2024/9/28,7:00,22.7
2024/9/28,8:00,23.6
2024/9/28,9:00,24.3
2024/9/28,10:00,26.9
2024/9/28,11:00,27.4
2024/9/28,12:00,25.2
2024/9/28,13:00,25.5
2024/9/28,14:00,25.6
2024/9/28,15:00,24
2024/9/28,16:00,23.3
2024/9/28,17:00,22.3
2024/9/28,18:00,21.8
2024/9/28,19:00,21.4
2024/9/28,20:00,21.6
2024/9/28,21:00,21.8
2024/9/28,22:00,21.6
2024/9/28,23:00,21.7
2024/9/29,0:00,21.7
2024/9/29,1:00,21.4
2024/9/29,2:00,21.4
2024/9/29,3:00,21.2
2024/9/29,4:00,21.2
2024/9/29,5:00,21.3
2024/9/29,6:00,21.4
2024/9/29,7:00,21.7
2024/9/29,8:00,22.1
2024/9/29,9:00,22.8
2024/9/29,10:00,23.3
2024/9/29,11:00,23.1
2024/9/29,12:00,22.8
2024/9/29,13:00,23
2024/9/29,14:00,22.9
2024/9/29,15:00,22.8
2024/9/29,16:00,22.5
2024/9/29,17:00,22
2024/9/29,18:00,21.8
2024/9/29,19:00,21.1
2024/9/29,20:00,20.4
2024/9/29,21:00,20.3
2024/9/29,22:00,20.1
2024/9/29,23:00,20.7
2024/9/30,0:00,19.8
2024/9/30,1:00,19.9
2024/9/30,2:00,19.7
2024/9/30,3:00,19.6
2024/9/30,4:00,19.9
2024/9/30,5:00,19.6
2024/9/30,6:00,19.4
2024/9/30,7:00,20
2024/9/30,8:00,20.4
2024/9/30,9:00,23.8
2024/9/30,10:00,22.1
2024/9/30,11:00,21.3
2024/9/30,12:00,22.6
2024/9/30,13:00,23.8
2024/9/30,14:00,22.4
2024/9/30,15:00,22.1
2024/9/30,16:00,21.9
2024/9/30,17:00,21.2
2024/9/30,18:00,20.9
2024/9/30,19:00,20.5
2024/9/30,20:00,20.3
2024/9/30,21:00,20.4
2024/9/30,22:00,20.4
2024/9/30,23:00,20
2024/10/1,0:00,19.5
2024/10/1,1:00,19.4
2024/10/1,2:00,19
2024/10/1,3:00,19.2
2024/10/1,4:00,19
2024/10/1,5:00,18.8
2024/10/1,6:00,18.8
2024/10/1,7:00,19.5
2024/10/1,8:00,20.4
2024/10/1,9:00,21.3
2024/10/1,10:00,22.7
2024/10/1,11:00,22.9
2024/10/1,12:00,22.7
2024/10/1,13:00,23.3
2024/10/1,14:00,25.4
2024/10/1,15:00,25.9
2024/10/1,16:00,26.1
2024/10/1,17:00,24
2024/10/1,18:00,23.3
2024/10/1,19:00,22.8
2024/10/1,20:00,22.5
2024/10/1,21:00,22.5
2024/10/1,22:00,22.6
2024/10/1,23:00,22.8
2024/10/2,0:00,21.7
2024/10/2,1:00,22
2024/10/2,2:00,21.8
2024/10/2,3:00,20.8
2024/10/2,4:00,20.2
2024/10/2,5:00,20.3
2024/10/2,6:00,20.2
2024/10/2,7:00,21.7
2024/10/2,8:00,23.8
2024/10/2,9:00,25.3
2024/10/2,10:00,26.2
2024/10/2,11:00,27
2024/10/2,12:00,27.5
2024/10/2,13:00,27.8
2024/10/2,14:00,27.8
2024/10/2,15:00,27.2
2024/10/2,16:00,26.2
2024/10/2,17:00,24.7
2024/10/2,18:00,23.5
2024/10/2,19:00,23.8
2024/10/2,20:00,23.7
2024/10/2,21:00,23.4
2024/10/2,22:00,24
2024/10/2,23:00,23.5
2024/10/3,0:00,23.3
2024/10/3,1:00,23.7
2024/10/3,2:00,23.2
2024/10/3,3:00,22.2
2024/10/3,4:00,21.9
2024/10/3,5:00,21.9
2024/10/3,6:00,21.6
2024/10/3,7:00,22.3
2024/10/3,8:00,22.4
2024/10/3,9:00,22.8
2024/10/3,10:00,22.8
2024/10/3,11:00,22.3
2024/10/3,12:00,22.5
2024/10/3,13:00,23.2
2024/10/3,14:00,23.3
2024/10/3,15:00,22.2
2024/10/3,16:00,21.4
2024/10/3,17:00,20.9
2024/10/3,18:00,20.4
2024/10/3,19:00,20.8
2024/10/3,20:00,21
2024/10/3,21:00,21.2
2024/10/3,22:00,21.4
2024/10/3,23:00,21.2
2024/10/4,0:00,21.1
2024/10/4,1:00,20.6
2024/10/4,2:00,20.4
2024/10/4,3:00,20.2
2024/10/4,4:00,20.4
2024/10/4,5:00,20.4
2024/10/4,6:00,20.5
2024/10/4,7:00,21.5
2024/10/4,8:00,22.5
2024/10/4,9:00,23
2024/10/4,10:00,24.3
2024/10/4,11:00,24.5
2024/10/4,12:00,25.8
2024/10/4,13:00,26.2
2024/10/4,14:00,26.1
2024/10/4,15:00,25
2024/10/4,16:00,24
2024/10/4,17:00,23.5
2024/10/4,18:00,23
2024/10/4,19:00,23
2024/10/4,20:00,22.9
2024/10/4,21:00,22.8
2024/10/4,22:00,22.9
2024/10/4,23:00,22.9
2024/10/5,0:00,22.7
2024/10/5,1:00,22.6
2024/10/5,2:00,21
2024/10/5,3:00,21.2
2024/10/5,4:00,21.3
2024/10/5,5:00,21.3
2024/10/5,6:00,21.3
2024/10/5,7:00,21.9
2024/10/5,8:00,21.7
2024/10/5,9:00,21.1
2024/10/5,10:00,21.7
2024/10/5,11:00,21.3
2024/10/5,12:00,21.4
2024/10/5,13:00,21.2
2024/10/5,14:00,20.9
2024/10/5,15:00,21
2024/10/5,16:00,20.3
2024/10/5,17:00,19.9
2024/10/5,18:00,19.3
2024/10/5,19:00,19.2
2024/10/5,20:00,19.3
2024/10/5,21:00,19.4
2024/10/5,22:00,19.4
2024/10/5,23:00,19.2
2024/10/6,0:00,19.2
2024/10/6,1:00,19.2
2024/10/6,2:00,19.1
2024/10/6,3:00,19.1
2024/10/6,4:00,19.3
2024/10/6,5:00,19.3
2024/10/6,6:00,19.3
2024/10/6,7:00,20
2024/10/6,8:00,20.7
2024/10/6,9:00,21.3
2024/10/6,10:00,21.7
2024/10/6,11:00,22.1
2024/10/6,12:00,22
2024/10/6,13:00,22.8
2024/10/6,14:00,22.5
2024/10/6,15:00,22.6
2024/10/6,16:00,22.4
2024/10/6,17:00,22.1
2024/10/6,18:00,21.8
2024/10/6,19:00,22
2024/10/6,20:00,22
2024/10/6,21:00,21.9
2024/10/6,22:00,21.9
2024/10/6,23:00,21.9
2024/10/7,0:00,21.9
2024/10/7,1:00,21.6
2024/10/7,2:00,21.6
2024/10/7,3:00,21.5
2024/10/7,4:00,21
2024/10/7,5:00,20.9
2024/10/7,6:00,20.6
2024/10/7,7:00,21.6
2024/10/7,8:00,23
2024/10/7,9:00,23.6
2024/10/7,10:00,24.9
2024/10/7,11:00,28.6
2024/10/7,12:00,28
2024/10/7,13:00,28.9
2024/10/7,14:00,29
2024/10/7,15:00,27.5
2024/10/7,16:00,26.7
2024/10/7,17:00,24.6
2024/10/7,18:00,24.3
2024/10/7,19:00,24
2024/10/7,20:00,23.5
2024/10/7,21:00,23.3
2024/10/7,22:00,23.2
2024/10/7,23:00,22.8
2024/10/8,0:00,22.3
2024/10/8,1:00,22.5
2024/10/8,2:00,22.4
2024/10/8,3:00,22.2
2024/10/8,4:00,21.4
2024/10/8,5:00,20.8
2024/10/8,6:00,20.5
2024/10/8,7:00,20.8
2024/10/8,8:00,21
2024/10/8,9:00,21
2024/10/8,10:00,21
2024/10/8,11:00,21.3
2024/10/8,12:00,20.6
2024/10/8,13:00,19.8
2024/10/8,14:00,19.3
2024/10/8,15:00,18.2
2024/10/8,16:00,17.2
2024/10/8,17:00,16.7
2024/10/8,18:00,15.9
2024/10/8,19:00,15.5
2024/10/8,20:00,15.2
2024/10/8,21:00,14.8
2024/10/8,22:00,15.3
2024/10/8,23:00,15
2024/10/9,0:00,15
2024/10/9,1:00,15.1
2024/10/9,2:00,15.3
2024/10/9,3:00,15.2
2024/10/9,4:00,15.2
2024/10/9,5:00,15.3
2024/10/9,6:00,15.4
2024/10/9,7:00,15.7
2024/10/9,8:00,16.1
2024/10/9,9:00,16.1
2024/10/9,10:00,16.6
2024/10/9,11:00,17.2
2024/10/9,12:00,17
2024/10/9,13:00,17.8
2024/10/9,14:00,17.7
2024/10/9,15:00,17.2
2024/10/9,16:00,16.5
2024/10/9,17:00,15.9
2024/10/9,18:00,15.6
2024/10/9,19:00,15.8
2024/10/9,20:00,15.8
2024/10/9,21:00,15.5
2024/10/9,22:00,15.4
2024/10/9,23:00,15
2024/10/10,0:00,15
2024/10/10,1:00,15
2024/10/10,2:00,14.9
2024/10/10,3:00,13.9
2024/10/10,4:00,13.8
2024/10/10,5:00,13.5
2024/10/10,6:00,13.6
2024/10/10,7:00,14.8
2024/10/10,8:00,15.2
2024/10/10,9:00,16.7
2024/10/10,10:00,17.7
2024/10/10,11:00,18.5
2024/10/10,12:00,18.1
2024/10/10,13:00,18.8
2024/10/10,14:00,18.1
2024/10/10,15:00,18.6
2024/10/10,16:00,17.6
2024/10/10,17:00,17.2
2024/10/10,18:00,16.5
2024/10/10,19:00,16
2024/10/10,20:00,15.6
2024/10/10,21:00,14.8
2024/10/10,22:00,14.4
2024/10/10,23:00,14
2024/10/11,0:00,13.8
2024/10/11,1:00,13.6
2024/10/11,2:00,13.1
2024/10/11,3:00,13.1
2024/10/11,4:00,12.8
2024/10/11,5:00,12.5
2024/10/11,6:00,12.5
2024/10/11,7:00,15.1
2024/10/11,8:00,17
2024/10/11,9:00,19.1
2024/10/11,10:00,19.5
2024/10/11,11:00,20.3
2024/10/11,12:00,21
2024/10/11,13:00,21.1
2024/10/11,14:00,21
2024/10/11,15:00,20.6
2024/10/11,16:00,18.5
2024/10/11,17:00,17.4
2024/10/11,18:00,17.2
2024/10/11,19:00,17.4
2024/10/11,20:00,17.5
2024/10/11,21:00,17.3
2024/10/11,22:00,17
2024/10/11,23:00,16.6
2024/10/12,0:00,16.4
2024/10/12,1:00,16.9
2024/10/12,2:00,16.5
2024/10/12,3:00,16
2024/10/12,4:00,15.6
2024/10/12,5:00,15.3
2024/10/12,6:00,15
2024/10/12,7:00,17
2024/10/12,8:00,19.3
2024/10/12,9:00,21.2
2024/10/12,10:00,22.1
2024/10/12,11:00,22.6
2024/10/12,12:00,22.1
2024/10/12,13:00,23
2024/10/12,14:00,23.2
2024/10/12,15:00,22.1
2024/10/12,16:00,20.9
2024/10/12,17:00,19
2024/10/12,18:00,19
2024/10/12,19:00,18.7
2024/10/12,20:00,18.5
2024/10/12,21:00,18.4
2024/10/12,22:00,17.8
2024/10/12,23:00,17.2
2024/10/13,0:00,16.8
2024/10/13,1:00,16.8
2024/10/13,2:00,16.4
2024/10/13,3:00,15.9
2024/10/13,4:00,15.7
2024/10/13,5:00,15.5
2024/10/13,6:00,15.4
2024/10/13,7:00,17.5
2024/10/13,8:00,19.5
2024/10/13,9:00,21.5
2024/10/13,10:00,22.2
2024/10/13,11:00,22.7
2024/10/13,12:00,23.2
2024/10/13,13:00,22.9
2024/10/13,14:00,21.8
2024/10/13,15:00,21.8
2024/10/13,16:00,20.4
2024/10/13,17:00,18.4
2024/10/13,18:00,17
2024/10/13,19:00,17.2
2024/10/13,20:00,17.2
2024/10/13,21:00,16.3
2024/10/13,22:00,16.3
2024/10/13,23:00,15.5
2024/10/14,0:00,15.4
2024/10/14,1:00,15
2024/10/14,2:00,14.7
2024/10/14,3:00,14.6
2024/10/14,4:00,14.1
2024/10/14,5:00,14.1
2024/10/14,6:00,14.3
2024/10/14,7:00,16.3
2024/10/14,8:00,18.6
2024/10/14,9:00,20.9
2024/10/14,10:00,21.4
2024/10/14,11:00,22.2
2024/10/14,12:00,21.6
2024/10/14,13:00,22.1
2024/10/14,14:00,22
2024/10/14,15:00,22.1
2024/10/14,16:00,21.3
2024/10/14,17:00,19.1
2024/10/14,18:00,19.2
2024/10/14,19:00,19.1
2024/10/14,20:00,18.7
2024/10/14,21:00,18.4
2024/10/14,22:00,17.7
2024/10/14,23:00,18.2
2024/10/15,0:00,17.8
2024/10/15,1:00,17.6
2024/10/15,2:00,17.6
2024/10/15,3:00,17.6
2024/10/15,4:00,17.8
2024/10/15,5:00,17.7
2024/10/15,6:00,17.6
2024/10/15,7:00,19.2
2024/10/15,8:00,21.1
2024/10/15,9:00,22.1
2024/10/15,10:00,23
2024/10/15,11:00,23.6
2024/10/15,12:00,23.1
2024/10/15,13:00,24
2024/10/15,14:00,23.8
2024/10/15,15:00,20.7
2024/10/15,16:00,20
2024/10/15,17:00,19.6
2024/10/15,18:00,19.4
2024/10/15,19:00,18.2
2024/10/15,20:00,18.5
2024/10/15,21:00,19.1
2024/10/15,22:00,18.9
2024/10/15,23:00,19
2024/10/16,0:00,17.9
2024/10/16,1:00,17.2
2024/10/16,2:00,17.3
2024/10/16,3:00,16.8
2024/10/16,4:00,17
2024/10/16,5:00,16.9
2024/10/16,6:00,17
2024/10/16,7:00,18.1
2024/10/16,8:00,18.8
2024/10/16,9:00,20
2024/10/16,10:00,20.9
2024/10/16,11:00,21.3
2024/10/16,12:00,21.4
2024/10/16,13:00,21.4
2024/10/16,14:00,21
2024/10/16,15:00,20.9
2024/10/16,16:00,20.7
2024/10/16,17:00,20.4
2024/10/16,18:00,20.2
2024/10/16,19:00,20.3
2024/10/16,20:00,20
2024/10/16,21:00,19.8
2024/10/16,22:00,19.9
2024/10/16,23:00,19.7
2024/10/17,0:00,19.6
2024/10/17,1:00,19.8
2024/10/17,2:00,19.3
2024/10/17,3:00,19.3
2024/10/17,4:00,18.4
2024/10/17,5:00,19.2
2024/10/17,6:00,19.3
2024/10/17,7:00,19.8
2024/10/17,8:00,20.8
2024/10/17,9:00,21.3
2024/10/17,10:00,22.2
2024/10/17,11:00,22.2
2024/10/17,12:00,22.2
2024/10/17,13:00,24.9
2024/10/17,14:00,23.1
2024/10/17,15:00,24.2
2024/10/17,16:00,22.6
2024/10/17,17:00,22
2024/10/17,18:00,21.3
2024/10/17,19:00,21.1
2024/10/17,20:00,20.9
2024/10/17,21:00,21
2024/10/17,22:00,20.6
2024/10/17,23:00,20
2024/10/18,0:00,19.8
2024/10/18,1:00,19.5
2024/10/18,2:00,19.3
2024/10/18,3:00,19.6
2024/10/18,4:00,19.4
2024/10/18,5:00,19.5
2024/10/18,6:00,19.6
2024/10/18,7:00,20.1
2024/10/18,8:00,20.8
2024/10/18,9:00,21
2024/10/18,10:00,21.5
2024/10/18,11:00,21.5
2024/10/18,12:00,22
2024/10/18,13:00,22.3
2024/10/18,14:00,22.4
2024/10/18,15:00,22.3
2024/10/18,16:00,21.8
2024/10/18,17:00,21.3
2024/10/18,18:00,21.1
2024/10/18,19:00,21
2024/10/18,20:00,21
2024/10/18,21:00,20.9
2024/10/18,22:00,20.9
2024/10/18,23:00,20.9
2024/10/19,0:00,20.9
2024/10/19,1:00,20.3
2024/10/19,2:00,20.9
2024/10/19,3:00,20.7
2024/10/19,4:00,20.9
2024/10/19,5:00,20.8
2024/10/19,6:00,20.8
2024/10/19,7:00,21.2
2024/10/19,8:00,22.1
2024/10/19,9:00,22.5
2024/10/19,10:00,24.4
2024/10/19,11:00,26.8
2024/10/19,12:00,27.3
2024/10/19,13:00,28
2024/10/19,14:00,26.2
2024/10/19,15:00,25.2
2024/10/19,16:00,25.3
2024/10/19,17:00,24.4
2024/10/19,18:00,24
2024/10/19,19:00,23.4
2024/10/19,20:00,22.2
2024/10/19,21:00,20.9
2024/10/19,22:00,20.2
2024/10/19,23:00,19.3
2024/10/20,0:00,17.9
2024/10/20,1:00,16.9
2024/10/20,2:00,14.7
2024/10/20,3:00,13.6
2024/10/20,4:00,13.2
2024/10/20,5:00,12.7
2024/10/20,6:00,12.2
2024/10/20,7:00,12.4
2024/10/20,8:00,12.6
2024/10/20,9:00,13.9
2024/10/20,10:00,13.9
2024/10/20,11:00,16.2
2024/10/20,12:00,16.3
2024/10/20,13:00,16.4
2024/10/20,14:00,16
2024/10/20,15:00,15.8
2024/10/20,16:00,14.7
2024/10/20,17:00,12.6
2024/10/20,18:00,12.1
2024/10/20,19:00,11.8
2024/10/20,20:00,11.5
2024/10/20,21:00,11.1
2024/10/20,22:00,10.6
2024/10/20,23:00,9.9
2024/10/21,0:00,9.9
2024/10/21,1:00,9.2
2024/10/21,2:00,9
2024/10/21,3:00,8.8
2024/10/21,4:00,8.6
2024/10/21,5:00,8.4
2024/10/21,6:00,8.3
2024/10/21,7:00,10.6
2024/10/21,8:00,13
2024/10/21,9:00,12.1
2024/10/21,10:00,12.6
2024/10/21,11:00,15.6
2024/10/21,12:00,16.1
2024/10/21,13:00,17.1
2024/10/21,14:00,17.6
2024/10/21,15:00,17.3
2024/10/21,16:00,15
2024/10/21,17:00,14.5
2024/10/21,18:00,14.4
2024/10/21,19:00,14
2024/10/21,20:00,13.8
2024/10/21,21:00,13.5
2024/10/21,22:00,13.4
2024/10/21,23:00,13.5
2024/10/22,0:00,13.4
2024/10/22,1:00,13.4
2024/10/22,2:00,13.1
2024/10/22,3:00,12.6
2024/10/22,4:00,12.5
2024/10/22,5:00,11.9
2024/10/22,6:00,11.2
2024/10/22,7:00,13.3
2024/10/22,8:00,15.1
2024/10/22,9:00,15.2
2024/10/22,10:00,16
2024/10/22,11:00,18.5
2024/10/22,12:00,17.8
2024/10/22,13:00,20
2024/10/22,14:00,20.6
2024/10/22,15:00,19.1
2024/10/22,16:00,18.5
2024/10/22,17:00,18
2024/10/22,18:00,17.7
2024/10/22,19:00,17.5
2024/10/22,20:00,17.4
2024/10/22,21:00,17.4
2024/10/22,22:00,17.6
2024/10/22,23:00,17.6
2024/10/23,0:00,17.8
2024/10/23,1:00,17.5
2024/10/23,2:00,17.5
2024/10/23,3:00,17.5
2024/10/23,4:00,17.5
2024/10/23,5:00,17.4
2024/10/23,6:00,17.4
2024/10/23,7:00,18
2024/10/23,8:00,19
2024/10/23,9:00,19.2
2024/10/23,10:00,19.4
2024/10/23,11:00,19.7
2024/10/23,12:00,20
2024/10/23,13:00,20.6
2024/10/23,14:00,20.6
2024/10/23,15:00,20.3
2024/10/23,16:00,19.5
2024/10/23,17:00,19.2
2024/10/23,18:00,19.3
2024/10/23,19:00,19.3
2024/10/23,20:00,19.1
2024/10/23,21:00,19.5
2024/10/23,22:00,19.3
2024/10/23,23:00,18.6
2024/10/24,0:00,19.1
2024/10/24,1:00,19.3
2024/10/24,2:00,19.6
2024/10/24,3:00,19.4
2024/10/24,4:00,18.7
2024/10/24,5:00,18.1
2024/10/24,6:00,17.7
2024/10/24,7:00,19.2
2024/10/24,8:00,22.1
2024/10/24,9:00,23
2024/10/24,10:00,23.4
2024/10/24,11:00,24.5
2024/10/24,12:00,23.3
2024/10/24,13:00,24.1
2024/10/24,14:00,22
2024/10/24,15:00,21.2
2024/10/24,16:00,20.9
2024/10/24,17:00,21
2024/10/24,18:00,20.1
2024/10/24,19:00,20.2
2024/10/24,20:00,20.3
2024/10/24,21:00,20.1
2024/10/24,22:00,19.9
2024/10/24,23:00,19.7
2024/10/25,0:00,19.9
2024/10/25,1:00,19.8
2024/10/25,2:00,19.5
2024/10/25,3:00,19
2024/10/25,4:00,18.6
2024/10/25,5:00,18.5
2024/10/25,6:00,18.3
2024/10/25,7:00,18.2
2024/10/25,8:00,18.9
2024/10/25,9:00,19
2024/10/25,10:00,19.5
2024/10/25,11:00,19.6
2024/10/25,12:00,19.3
2024/10/25,13:00,20.2
2024/10/25,14:00,19.9
2024/10/25,15:00,19.3
2024/10/25,16:00,19.4
2024/10/25,17:00,18.6
2024/10/25,18:00,17.7
2024/10/25,19:00,17.8
2024/10/25,20:00,17.4
2024/10/25,21:00,17.5
2024/10/25,22:00,17.3
2024/10/25,23:00,16.9
2024/10/26,0:00,16.3
2024/10/26,1:00,16.3
2024/10/26,2:00,15.7
2024/10/26,3:00,15.7
2024/10/26,4:00,15.8
2024/10/26,5:00,15.6
2024/10/26,6:00,16
2024/10/26,7:00,16.7
2024/10/26,8:00,16.9
2024/10/26,9:00,17.2
2024/10/26,10:00,17.9
2024/10/26,11:00,17.9
2024/10/26,12:00,18.5
2024/10/26,13:00,19.1
2024/10/26,14:00,19.4
2024/10/26,15:00,19.3
2024/10/26,16:00,18.9
2024/10/26,17:00,18.3
2024/10/26,18:00,17.9
2024/10/26,19:00,17.8
2024/10/26,20:00,17.7
2024/10/26,21:00,17.4
2024/10/26,22:00,17.2
2024/10/26,23:00,17.2
2024/10/27,0:00,16.6
2024/10/27,1:00,16.8
2024/10/27,2:00,16.9
2024/10/27,3:00,16.3
2024/10/27,4:00,16.6
2024/10/27,5:00,16.7
2024/10/27,6:00,16.7
2024/10/27,7:00,16.8
2024/10/27,8:00,17.5
2024/10/27,9:00,20.5
2024/10/27,10:00,21.1
2024/10/27,11:00,22.1
2024/10/27,12:00,22.5
2024/10/27,13:00,20.5
2024/10/27,14:00,20.7
2024/10/27,15:00,20.6
2024/10/27,16:00,19
2024/10/27,17:00,18.1
2024/10/27,18:00,17.9
2024/10/27,19:00,17.9
2024/10/27,20:00,18
2024/10/27,21:00,18.2
2024/10/27,22:00,18.2
2024/10/27,23:00,18
2024/10/28,0:00,18
2024/10/28,1:00,17.9
2024/10/28,2:00,18
2024/10/28,3:00,17.9
2024/10/28,4:00,17.9
2024/10/28,5:00,17.4
2024/10/28,6:00,17.2
2024/10/28,7:00,17.6
2024/10/28,8:00,18.2
2024/10/28,9:00,19.5
2024/10/28,10:00,20
2024/10/28,11:00,20.2
2024/10/28,12:00,19.4
2024/10/28,13:00,19.5
2024/10/28,14:00,18.5
2024/10/28,15:00,18.5
2024/10/28,16:00,18
2024/10/28,17:00,17.3
2024/10/28,18:00,17.1
2024/10/28,19:00,16.5
2024/10/28,20:00,16.1
2024/10/28,21:00,15.9
2024/10/28,22:00,16.9
2024/10/28,23:00,16.2
2024/10/29,0:00,16.2
2024/10/29,1:00,15.1
2024/10/29,2:00,15.2
2024/10/29,3:00,14.3
2024/10/29,4:00,14.3
2024/10/29,5:00,14
2024/10/29,6:00,13.7
2024/10/29,7:00,13.6
2024/10/29,8:00,13.4
2024/10/29,9:00,13.9
2024/10/29,10:00,13.8
2024/10/29,11:00,14.5
2024/10/29,12:00,13.6
2024/10/29,13:00,14
2024/10/29,14:00,13.5
2024/10/29,15:00,13.3
2024/10/29,16:00,14
2024/10/29,17:00,13
2024/10/29,18:00,12.8
2024/10/29,19:00,12.6
2024/10/29,20:00,12.1
2024/10/29,21:00,12.1
2024/10/29,22:00,12.4
2024/10/29,23:00,12.3
2024/10/30,0:00,12.3
2024/10/30,1:00,12.3
2024/10/30,2:00,12.4
2024/10/30,3:00,12.5
2024/10/30,4:00,12.8
2024/10/30,5:00,12.9
2024/10/30,6:00,13.3
2024/10/30,7:00,14
2024/10/30,8:00,15.1
2024/10/30,9:00,15.4
2024/10/30,10:00,16.9
2024/10/30,11:00,20
2024/10/30,12:00,22.3
2024/10/30,13:00,22.8
2024/10/30,14:00,22.2
2024/10/30,15:00,19.8
2024/10/30,16:00,16.4
2024/10/30,17:00,14.2
2024/10/30,18:00,13.3
2024/10/30,19:00,12.9
2024/10/30,20:00,12.5
2024/10/30,21:00,12.3
2024/10/30,22:00,12.2
2024/10/30,23:00,11.8
2024/10/31,0:00,11.4
2024/10/31,1:00,10.9
2024/10/31,2:00,10.6
2024/10/31,3:00,10.6
2024/10/31,4:00,10
2024/10/31,5:00,9.9
2024/10/31,6:00,10
2024/10/31,7:00,11.4
2024/10/31,8:00,13.5
2024/10/31,9:00,14.7
2024/10/31,10:00,15.7
2024/10/31,11:00,16.1
2024/10/31,12:00,16.3
2024/10/31,13:00,15.9
2024/10/31,14:00,16.5
2024/10/31,15:00,16.4
2024/10/31,16:00,13.9
2024/10/31,17:00,12.9
2024/10/31,18:00,12.5
2024/10/31,19:00,13
2024/10/31,20:00,13
2024/10/31,21:00,12.4
2024/10/31,22:00,12.2
2024/10/31,23:00,11.6
2024/11/1,0:00,11.5
2025/4/1,1:00,4
2025/4/1,2:00,4
2025/4/1,3:00,3.8
2025/4/1,4:00,3.9
2025/4/1,5:00,3.9
2025/4/1,6:00,4.1
2025/4/1,7:00,4.2
2025/4/1,8:00,4.5
2025/4/1,9:00,4.8
2025/4/1,10:00,5.2
2025/4/1,11:00,5.6
2025/4/1,12:00,6.2
2025/4/1,13:00,6.4
2025/4/1,14:00,6.7
2025/4/1,15:00,6.6
2025/4/1,16:00,6.3
2025/4/1,17:00,6.1
2025/4/1,18:00,5.7
2025/4/1,19:00,5.5
2025/4/1,20:00,5.8
2025/4/1,21:00,6
2025/4/1,22:00,5.6
2025/4/1,23:00,5.7
2025/4/2,0:00,5.8
2025/4/2,1:00,6.4
2025/4/2,2:00,6.6
2025/4/2,3:00,6.9
2025/4/2,4:00,7.1
2025/4/2,5:00,7.4
2025/4/2,6:00,7.8
2025/4/2,7:00,8.4
2025/4/2,8:00,9
2025/4/2,9:00,9.7
2025/4/2,10:00,10.6
2025/4/2,11:00,11.6
2025/4/2,12:00,12.1
2025/4/2,13:00,13.1
2025/4/2,14:00,12.9
2025/4/2,15:00,12.7
2025/4/2,16:00,12.3
2025/4/2,17:00,11.7
2025/4/2,18:00,10.6
2025/4/2,19:00,9.9
2025/4/2,20:00,9.7
2025/4/2,21:00,8.9
2025/4/2,22:00,8.4
2025/4/2,23:00,8.3
2025/4/3,0:00,8.2
2025/4/3,1:00,8
2025/4/3,2:00,8.1
2025/4/3,3:00,8
2025/4/3,4:00,7.9
2025/4/3,5:00,7.9
2025/4/3,6:00,8.4
2025/4/3,7:00,8.4
2025/4/3,8:00,8.8
2025/4/3,9:00,9.1
2025/4/3,10:00,9.6
2025/4/3,11:00,9.5
2025/4/3,12:00,9.9
2025/4/3,13:00,10.2
2025/4/3,14:00,9.8
2025/4/3,15:00,9.3
2025/4/3,16:00,9.3
2025/4/3,17:00,8.8
2025/4/3,18:00,8.1
2025/4/3,19:00,8
2025/4/3,20:00,7.8
2025/4/3,21:00,7.6
2025/4/3,22:00,7
2025/4/3,23:00,6
2025/4/4,0:00,5.6
2025/4/4,1:00,4.9
2025/4/4,2:00,4.8
2025/4/4,3:00,3.4
2025/4/4,4:00,3.8
2025/4/4,5:00,4.3
2025/4/4,6:00,4.2
2025/4/4,7:00,4.8
2025/4/4,8:00,8.4
2025/4/4,9:00,10.8
2025/4/4,10:00,13.1
2025/4/4,11:00,12.7
2025/4/4,12:00,13.2
2025/4/4,13:00,13.4
2025/4/4,14:00,13.3
2025/4/4,15:00,13.2
2025/4/4,16:00,11.6
2025/4/4,17:00,9.5
2025/4/4,18:00,6.6
2025/4/4,19:00,6.3
2025/4/4,20:00,5.7
2025/4/4,21:00,5.3
2025/4/4,22:00,4.8
2025/4/4,23:00,4.6
2025/4/5,0:00,4.4
2025/4/5,1:00,4.3
2025/4/5,2:00,4
2025/4/5,3:00,3.8
2025/4/5,4:00,3.9
2025/4/5,5:00,3.5
2025/4/5,6:00,4.4
2025/4/5,7:00,6.7
2025/4/5,8:00,9
2025/4/5,9:00,9.9
2025/4/5,10:00,10.8
2025/4/5,11:00,11.7
2025/4/5,12:00,12.8
2025/4/5,13:00,13.5
2025/4/5,14:00,14.1
2025/4/5,15:00,13.6
2025/4/5,16:00,13.4
2025/4/5,17:00,11.3
2025/4/5,18:00,10.5
2025/4/5,19:00,10.3
2025/4/5,20:00,10.7
2025/4/5,21:00,10.7
2025/4/5,22:00,10.8
2025/4/5,23:00,11.3
2025/4/6,0:00,11.6
2025/4/6,1:00,11.5
2025/4/6,2:00,10.8
2025/4/6,3:00,10.2
2025/4/6,4:00,9.7
2025/4/6,5:00,9.3
2025/4/6,6:00,9.6
2025/4/6,7:00,12.2
2025/4/6,8:00,13.3
2025/4/6,9:00,15.3
2025/4/6,10:00,13.8
2025/4/6,11:00,14.1
2025/4/6,12:00,13.8
2025/4/6,13:00,13.3
2025/4/6,14:00,16.3
2025/4/6,15:00,16.1
2025/4/6,16:00,15.9
2025/4/6,17:00,14.8
2025/4/6,18:00,13
2025/4/6,19:00,13
2025/4/6,20:00,13.1
2025/4/6,21:00,13.1
2025/4/6,22:00,11.8
2025/4/6,23:00,12.3
2025/4/7,0:00,10.9
2025/4/7,1:00,10.2
2025/4/7,2:00,10.4
2025/4/7,3:00,10.1
2025/4/7,4:00,9.6
2025/4/7,5:00,9.7
2025/4/7,6:00,10
2025/4/7,7:00,10.5
2025/4/7,8:00,13.1
2025/4/7,9:00,13.2
2025/4/7,10:00,12.7
2025/4/7,11:00,15
2025/4/7,12:00,15.8
2025/4/7,13:00,12.6
2025/4/7,14:00,12.6
2025/4/7,15:00,14.8
2025/4/7,16:00,13.7
2025/4/7,17:00,11.4
2025/4/7,18:00,8.9
2025/4/7,19:00,8.1
2025/4/7,20:00,7.6
2025/4/7,21:00,7.2
2025/4/7,22:00,6.8
2025/4/7,23:00,6.5
2025/4/8,0:00,6.3
2025/4/8,1:00,6.2
2025/4/8,2:00,5.8
2025/4/8,3:00,5.9
2025/4/8,4:00,6.1
2025/4/8,5:00,5.8
2025/4/8,6:00,5.5
2025/4/8,7:00,9
2025/4/8,8:00,11.3
2025/4/8,9:00,12.5
2025/4/8,10:00,13.9
2025/4/8,11:00,15.4
2025/4/8,12:00,16.3
2025/4/8,13:00,16.8
2025/4/8,14:00,16.8
2025/4/8,15:00,14.5
2025/4/8,16:00,14.4
2025/4/8,17:00,14.3
2025/4/8,18:00,12.7
2025/4/8,19:00,12.1
2025/4/8,20:00,11.9
2025/4/8,21:00,11.4
2025/4/8,22:00,11.6
2025/4/8,23:00,11.6
2025/4/9,0:00,10.4
2025/4/9,1:00,9.7
2025/4/9,2:00,9.1
2025/4/9,3:00,8.8
2025/4/9,4:00,7.9
2025/4/9,5:00,8.6
2025/4/9,6:00,8.6
2025/4/9,7:00,11.2
2025/4/9,8:00,13.4
2025/4/9,9:00,14
2025/4/9,10:00,15.1
2025/4/9,11:00,15.5
2025/4/9,12:00,16.1
2025/4/9,13:00,15.6
2025/4/9,14:00,15.9
2025/4/9,15:00,14.8
2025/4/9,16:00,14
2025/4/9,17:00,12.4
2025/4/9,18:00,12.4
2025/4/9,19:00,11.5
2025/4/9,20:00,11.3
2025/4/9,21:00,10.9
2025/4/9,22:00,10.5
2025/4/9,23:00,10.6
2025/4/10,0:00,10.4
2025/4/10,1:00,10.8
2025/4/10,2:00,10.6
2025/4/10,3:00,10.7
2025/4/10,4:00,11
2025/4/10,5:00,9.3
2025/4/10,6:00,9.2
2025/4/10,7:00,9.7
2025/4/10,8:00,10.5
2025/4/10,9:00,13.7
2025/4/10,10:00,15
2025/4/10,11:00,14
2025/4/10,12:00,17
2025/4/10,13:00,18.8
2025/4/10,14:00,16.6
2025/4/10,15:00,16.5
2025/4/10,16:00,15.9
2025/4/10,17:00,15.7
2025/4/10,18:00,15.4
2025/4/10,19:00,13
2025/4/10,20:00,12.9
2025/4/10,21:00,12.8
2025/4/10,22:00,12.5
2025/4/10,23:00,12.8
2025/4/11,0:00,13
2025/4/11,1:00,12.7
2025/4/11,2:00,12.8
2025/4/11,3:00,12.9
2025/4/11,4:00,12.7
2025/4/11,5:00,12.5
2025/4/11,6:00,12.7
2025/4/11,7:00,13.2
2025/4/11,8:00,14.1
2025/4/11,9:00,14.8
2025/4/11,10:00,15.5
2025/4/11,11:00,17.8
2025/4/11,12:00,16.9
2025/4/11,13:00,17.2
2025/4/11,14:00,18.2
2025/4/11,15:00,16.4
2025/4/11,16:00,16.1
2025/4/11,17:00,13.2
2025/4/11,18:00,12.9
2025/4/11,19:00,12.7
2025/4/11,20:00,13.3
2025/4/11,21:00,13.3
2025/4/11,22:00,13.3
2025/4/11,23:00,12.8
2025/4/12,0:00,12.2
2025/4/12,1:00,12.3
2025/4/12,2:00,12.2
2025/4/12,3:00,10.7
2025/4/12,4:00,10.7
2025/4/12,5:00,10.6
2025/4/12,6:00,11
2025/4/12,7:00,12.7
2025/4/12,8:00,14.2
2025/4/12,9:00,14.9
2025/4/12,10:00,16.3
2025/4/12,11:00,17
2025/4/12,12:00,17.1
2025/4/12,13:00,17.2
2025/4/12,14:00,17.6
2025/4/12,15:00,17.1
2025/4/12,16:00,16.5
2025/4/12,17:00,13.3
2025/4/12,18:00,12.3
2025/4/12,19:00,11
2025/4/12,20:00,10.7
2025/4/12,21:00,10.7
2025/4/12,22:00,10.4
2025/4/12,23:00,10.6
2025/4/13,0:00,10.7
2025/4/13,1:00,10.8
2025/4/13,2:00,10.8
2025/4/13,3:00,10.3
2025/4/13,4:00,10.2
2025/4/13,5:00,10.2
2025/4/13,6:00,10.7
2025/4/13,7:00,11.1
2025/4/13,8:00,11.7
2025/4/13,9:00,12.1
2025/4/13,10:00,12.7
2025/4/13,11:00,13.3
2025/4/13,12:00,13.6
2025/4/13,13:00,14.1
2025/4/13,14:00,14
2025/4/13,15:00,14.2
2025/4/13,16:00,14.3
2025/4/13,17:00,14.2
2025/4/13,18:00,13.6
2025/4/13,19:00,13.4
2025/4/13,20:00,13.1
2025/4/13,21:00,13
2025/4/13,22:00,13.2
2025/4/13,23:00,13.5
2025/4/14,0:00,13.4
2025/4/14,1:00,13.2
2025/4/14,2:00,13.3
2025/4/14,3:00,13.6
2025/4/14,4:00,13.1
2025/4/14,5:00,12.7
2025/4/14,6:00,13.1
2025/4/14,7:00,13.7
2025/4/14,8:00,14.5
2025/4/14,9:00,18.3
2025/4/14,10:00,19.1
2025/4/14,11:00,19.7
2025/4/14,12:00,19.5
2025/4/14,13:00,19.6
2025/4/14,14:00,19.5
2025/4/14,15:00,17.7
2025/4/14,16:00,17.5
2025/4/14,17:00,15.7
2025/4/14,18:00,13
2025/4/14,19:00,12
2025/4/14,20:00,11.9
2025/4/14,21:00,11.2
2025/4/14,22:00,11
2025/4/14,23:00,11.5
2025/4/15,0:00,11.9
2025/4/15,1:00,12.1
2025/4/15,2:00,11
2025/4/15,3:00,11.5
2025/4/15,4:00,11.6
2025/4/15,5:00,11.8
2025/4/15,6:00,12.6
2025/4/15,7:00,14.5
2025/4/15,8:00,16.1
2025/4/15,9:00,17.4
2025/4/15,10:00,17.5
2025/4/15,11:00,18.2
2025/4/15,12:00,15.7
2025/4/15,13:00,17.9
2025/4/15,14:00,17.5
2025/4/15,15:00,14.9
2025/4/15,16:00,12
2025/4/15,17:00,10.1
2025/4/15,18:00,9.2
2025/4/15,19:00,8.3
2025/4/15,20:00,7.9
2025/4/15,21:00,6.9
2025/4/15,22:00,6.6
2025/4/15,23:00,6
2025/4/16,0:00,5.8
2025/4/16,1:00,5.1
2025/4/16,2:00,5
2025/4/16,3:00,4.5
2025/4/16,4:00,4.2
2025/4/16,5:00,4.1
2025/4/16,6:00,5.7
2025/4/16,7:00,8.8
2025/4/16,8:00,10.8
2025/4/16,9:00,12.2
2025/4/16,10:00,11.7
2025/4/16,11:00,12.7
2025/4/16,12:00,14.3
2025/4/16,13:00,15
2025/4/16,14:00,15.2
2025/4/16,15:00,15.1
2025/4/16,16:00,14.3
2025/4/16,17:00,12.2
2025/4/16,18:00,9.5
2025/4/16,19:00,8.3
2025/4/16,20:00,8
2025/4/16,21:00,7.6
2025/4/16,22:00,6.1
2025/4/16,23:00,6.6
2025/4/17,0:00,5.8
2025/4/17,1:00,6.1
2025/4/17,2:00,5.6
2025/4/17,3:00,5.1
2025/4/17,4:00,5.5
2025/4/17,5:00,5.2
2025/4/17,6:00,7.5
2025/4/17,7:00,9.5
2025/4/17,8:00,11.3
2025/4/17,9:00,12.8
2025/4/17,10:00,15
2025/4/17,11:00,16.1
2025/4/17,12:00,16.7
2025/4/17,13:00,18.5
2025/4/17,14:00,18.4
2025/4/17,15:00,18.9
2025/4/17,16:00,20
2025/4/17,17:00,18.8
2025/4/17,18:00,15.7
2025/4/17,19:00,14.8
2025/4/17,20:00,14
2025/4/17,21:00,14
2025/4/17,22:00,12.8
2025/4/17,23:00,12.5
2025/4/18,0:00,11.6
2025/4/18,1:00,11.6
2025/4/18,2:00,11.3
2025/4/18,3:00,11.1
2025/4/18,4:00,10.5
2025/4/18,5:00,10.2
2025/4/18,6:00,10.8
2025/4/18,7:00,12.1
2025/4/18,8:00,13.9
2025/4/18,9:00,14.5
2025/4/18,10:00,16
2025/4/18,11:00,18.8
2025/4/18,12:00,18.9
2025/4/18,13:00,20
2025/4/18,14:00,21.3
2025/4/18,15:00,21.3
2025/4/18,16:00,21.2
2025/4/18,17:00,18.7
2025/4/18,18:00,17.6
2025/4/18,19:00,17.3
2025/4/18,20:00,16.7
2025/4/18,21:00,16.3
2025/4/18,22:00,16.2
2025/4/18,23:00,15.9
2025/4/19,0:00,15
2025/4/19,1:00,14.5
2025/4/19,2:00,14.6
2025/4/19,3:00,14.1
2025/4/19,4:00,13.6
2025/4/19,5:00,13.6
2025/4/19,6:00,13.6
2025/4/19,7:00,17.3
2025/4/19,8:00,19
2025/4/19,9:00,19.7
2025/4/19,10:00,21.7
2025/4/19,11:00,22.2
2025/4/19,12:00,23.3
2025/4/19,13:00,23.3
2025/4/19,14:00,23.2
2025/4/19,15:00,22.3
2025/4/19,16:00,23.7
2025/4/19,17:00,21.4
2025/4/19,18:00,19
2025/4/19,19:00,17.9
2025/4/19,20:00,17.6
2025/4/19,21:00,17.8
2025/4/19,22:00,17.6
2025/4/19,23:00,17
2025/4/20,0:00,17.2
2025/4/20,1:00,16.7
2025/4/20,2:00,16.2
2025/4/20,3:00,16.2
2025/4/20,4:00,16.3
2025/4/20,5:00,15.8
2025/4/20,6:00,17.1
2025/4/20,7:00,17.6
2025/4/20,8:00,18.2
2025/4/20,9:00,18.6
2025/4/20,10:00,19.7
2025/4/20,11:00,20.6
2025/4/20,12:00,20.4
2025/4/20,13:00,20.9
2025/4/20,14:00,20.5
2025/4/20,15:00,20.1
2025/4/20,16:00,19.5
2025/4/20,17:00,18.7
2025/4/20,18:00,18
2025/4/20,19:00,17.7
2025/4/20,20:00,17.5
2025/4/20,21:00,17.4
2025/4/20,22:00,17.5
2025/4/20,23:00,17.5
2025/4/21,0:00,17.5
2025/4/21,1:00,15.9
2025/4/21,2:00,15.2
2025/4/21,3:00,14.3
2025/4/21,4:00,13.8
2025/4/21,5:00,12.3
2025/4/21,6:00,12.7
2025/4/21,7:00,13.2
2025/4/21,8:00,14
2025/4/21,9:00,14.6
2025/4/21,10:00,15.2
2025/4/21,11:00,17
2025/4/21,12:00,17.1
2025/4/21,13:00,17.5
2025/4/21,14:00,17.7
2025/4/21,15:00,17.4
2025/4/21,16:00,17.2
2025/4/21,17:00,16.7
2025/4/21,18:00,14.7
2025/4/21,19:00,13.9
2025/4/21,20:00,13.3
2025/4/21,21:00,12.6
2025/4/21,22:00,12.2
2025/4/21,23:00,10.9
2025/4/22,0:00,11.5
2025/4/22,1:00,11.2
2025/4/22,2:00,11
2025/4/22,3:00,10.7
2025/4/22,4:00,10.7
2025/4/22,5:00,10.4
2025/4/22,6:00,11.1
2025/4/22,7:00,13.9
2025/4/22,8:00,15.7
2025/4/22,9:00,17.6
2025/4/22,10:00,19.2
2025/4/22,11:00,18.1
2025/4/22,12:00,17.9
2025/4/22,13:00,18.4
2025/4/22,14:00,20.5
2025/4/22,15:00,20.4
2025/4/22,16:00,17.5
2025/4/22,17:00,16.2
2025/4/22,18:00,15.6
2025/4/22,19:00,15.3
2025/4/22,20:00,15.3
2025/4/22,21:00,15.4
2025/4/22,22:00,15.3
2025/4/22,23:00,15.5
2025/4/23,0:00,15.7
2025/4/23,1:00,15.9
2025/4/23,2:00,16
2025/4/23,3:00,15.9
2025/4/23,4:00,15.1
2025/4/23,5:00,14.6
2025/4/23,6:00,14.5
2025/4/23,7:00,15.6
2025/4/23,8:00,16.6
2025/4/23,9:00,17.8
2025/4/23,10:00,18.7
2025/4/23,11:00,20.1
2025/4/23,12:00,20.9
2025/4/23,13:00,20.6
2025/4/23,14:00,18.9
2025/4/23,15:00,18
2025/4/23,16:00,17.6
2025/4/23,17:00,17.6
2025/4/23,18:00,17.5
2025/4/23,19:00,17.4
2025/4/23,20:00,17.2
2025/4/23,21:00,17.1
2025/4/23,22:00,16.9
2025/4/23,23:00,16.9
2025/4/24,0:00,17.1
2025/4/24,1:00,17
2025/4/24,2:00,16.8
2025/4/24,3:00,16.7
2025/4/24,4:00,16.5
2025/4/24,5:00,16.2
2025/4/24,6:00,17.1
2025/4/24,7:00,18.3
2025/4/24,8:00,19.2
2025/4/24,9:00,19.9
2025/4/24,10:00,22.9
2025/4/24,11:00,21
2025/4/24,12:00,21.1
2025/4/24,13:00,23.3
2025/4/24,14:00,20.9
2025/4/24,15:00,20.8
2025/4/24,16:00,21.6
2025/4/24,17:00,19.2
2025/4/24,18:00,18.2
2025/4/24,19:00,17.5
2025/4/24,20:00,17.4
2025/4/24,21:00,17.3
2025/4/24,22:00,17
2025/4/24,23:00,16.7
2025/4/25,0:00,16.2
2025/4/25,1:00,15.9
2025/4/25,2:00,16.1
2025/4/25,3:00,15.6
2025/4/25,4:00,15.6
2025/4/25,5:00,15.2
2025/4/25,6:00,14.9
2025/4/25,7:00,15.5
2025/4/25,8:00,16
2025/4/25,9:00,17
2025/4/25,10:00,17.4
2025/4/25,11:00,17.8
2025/4/25,12:00,19
2025/4/25,13:00,19.6
2025/4/25,14:00,19.6
2025/4/25,15:00,19.5
2025/4/25,16:00,18.3
2025/4/25,17:00,18
2025/4/25,18:00,17.4
2025/4/25,19:00,17.3
2025/4/25,20:00,12.8
2025/4/25,21:00,11.7
2025/4/25,22:00,11.4
2025/4/25,23:00,11
2025/4/26,0:00,10.8
2025/4/26,1:00,10.8
2025/4/26,2:00,10.7
2025/4/26,3:00,10.1
2025/4/26,4:00,9.7
2025/4/26,5:00,9.9
2025/4/26,6:00,10.3
2025/4/26,7:00,11.8
2025/4/26,8:00,12.1
2025/4/26,9:00,12.5
2025/4/26,10:00,13.1
2025/4/26,11:00,13.1
2025/4/26,12:00,13.7
2025/4/26,13:00,13.6
2025/4/26,14:00,13.4
2025/4/26,15:00,13
2025/4/26,16:00,15.7
2025/4/26,17:00,14.6
2025/4/26,18:00,12.5
2025/4/26,19:00,11.6
2025/4/26,20:00,10.9
2025/4/26,21:00,11
2025/4/26,22:00,10.5
2025/4/26,23:00,10.2
2025/4/27,0:00,9.8
2025/4/27,1:00,9.3
2025/4/27,2:00,8.5
2025/4/27,3:00,8.3
2025/4/27,4:00,8.5
2025/4/27,5:00,7.5
2025/4/27,6:00,9.7
2025/4/27,7:00,11.6
2025/4/27,8:00,14.5
2025/4/27,9:00,16.8
2025/4/27,10:00,17.2
2025/4/27,11:00,17.7
2025/4/27,12:00,18.1
2025/4/27,13:00,18.8
2025/4/27,14:00,19.4
2025/4/27,15:00,19.6
2025/4/27,16:00,18.2
2025/4/27,17:00,15.8
2025/4/27,18:00,14.3
2025/4/27,19:00,14.1
2025/4/27,20:00,14.7
2025/4/27,21:00,14.5
2025/4/27,22:00,14.5
2025/4/27,23:00,14.5
2025/4/28,0:00,14
2025/4/28,1:00,13.7
2025/4/28,2:00,13.4
2025/4/28,3:00,13.5
2025/4/28,4:00,13.3
2025/4/28,5:00,13.2
2025/4/28,6:00,14.1
2025/4/28,7:00,15.4
2025/4/28,8:00,16
2025/4/28,9:00,16.5
2025/4/28,10:00,17.4
2025/4/28,11:00,20
2025/4/28,12:00,18.1
2025/4/28,13:00,15.8
2025/4/28,14:00,17.1
2025/4/28,15:00,16.8
2025/4/28,16:00,16.2
2025/4/28,17:00,15.9
2025/4/28,18:00,15.1
2025/4/28,19:00,14.6
2025/4/28,20:00,14.2
2025/4/28,21:00,14.3
2025/4/28,22:00,13.8
2025/4/28,23:00,13.4
2025/4/29,0:00,14
2025/4/29,1:00,13.3
2025/4/29,2:00,13.5
2025/4/29,3:00,13.5
2025/4/29,4:00,12.8
2025/4/29,5:00,12.6
2025/4/29,6:00,14.2
2025/4/29,7:00,15.7
2025/4/29,8:00,16.3
2025/4/29,9:00,16.4
2025/4/29,10:00,17.2
2025/4/29,11:00,16.4
2025/4/29,12:00,14.3
2025/4/29,13:00,16.2
2025/4/29,14:00,16.2
2025/4/29,15:00,14.9
2025/4/29,16:00,14.5
2025/4/29,17:00,13.2
2025/4/29,18:00,11.2
2025/4/29,19:00,9.9
2025/4/29,20:00,9.1
2025/4/29,21:00,8.6
2025/4/29,22:00,8.3
2025/4/29,23:00,7.8
2025/4/30,0:00,7.5
2025/4/30,1:00,7.4
2025/4/30,2:00,7.3
2025/4/30,3:00,7.1
2025/4/30,4:00,6.7
2025/4/30,5:00,7.2
2025/4/30,6:00,9.6
2025/4/30,7:00,11.5
2025/4/30,8:00,12.7
2025/4/30,9:00,14.8
2025/4/30,10:00,15.4
2025/4/30,11:00,16.1
2025/4/30,12:00,15.7
2025/4/30,13:00,15.9
2025/4/30,14:00,16.7
2025/4/30,15:00,16.4
2025/4/30,16:00,17.6
2025/4/30,17:00,16.9
2025/4/30,18:00,14.8
2025/4/30,19:00,14.3
2025/4/30,20:00,14.2
2025/4/30,21:00,14.2
2025/4/30,22:00,14.1
2025/4/30,23:00,13.6
2025/5/1,0:00,12.8
2025/5/1,1:00,12.3
2025/5/1,2:00,10.6
2025/5/1,3:00,10.4
2025/5/1,4:00,10.7
2025/5/1,5:00,11.3
2025/5/1,6:00,11.6
2025/5/1,7:00,14.1
2025/5/1,8:00,15.4
2025/5/1,9:00,17.6
2025/5/1,10:00,18.5
2025/5/1,11:00,19.3
2025/5/1,12:00,20.1
2025/5/1,13:00,19.6
2025/5/1,14:00,20
2025/5/1,15:00,19.6
2025/5/1,16:00,19.4
2025/5/1,17:00,18.5
2025/5/1,18:00,16.6
2025/5/1,19:00,16.1
2025/5/1,20:00,16.1
2025/5/1,21:00,16.1
2025/5/1,22:00,16
2025/5/1,23:00,15.4
2025/5/2,0:00,15.1
2025/5/2,1:00,14.7
2025/5/2,2:00,14.9
2025/5/2,3:00,14.9
2025/5/2,4:00,14.6
2025/5/2,5:00,14.8
2025/5/2,6:00,15.5
2025/5/2,7:00,16
2025/5/2,8:00,17.2
2025/5/2,9:00,17.5
2025/5/2,10:00,17.7
2025/5/2,11:00,18.2
2025/5/2,12:00,18.9
2025/5/2,13:00,19
2025/5/2,14:00,17.7
2025/5/2,15:00,17.8
2025/5/2,16:00,17.3
2025/5/2,17:00,16.1
2025/5/2,18:00,15.3
2025/5/2,19:00,14.1
2025/5/2,20:00,13.6
2025/5/2,21:00,13.6
2025/5/2,22:00,13.7
2025/5/2,23:00,13.7
2025/5/3,0:00,13.1
2025/5/3,1:00,12.7
2025/5/3,2:00,12.5
2025/5/3,3:00,12
2025/5/3,4:00,12
2025/5/3,5:00,11.4
2025/5/3,6:00,12
2025/5/3,7:00,13.1
2025/5/3,8:00,14.7
2025/5/3,9:00,15.5
2025/5/3,10:00,17
2025/5/3,11:00,18.1
2025/5/3,12:00,18.3
2025/5/3,13:00,19.1
2025/5/3,14:00,20.1
2025/5/3,15:00,19
2025/5/3,16:00,19.1
2025/5/3,17:00,18.4
2025/5/3,18:00,15.7
2025/5/3,19:00,14.8
2025/5/3,20:00,15.2
2025/5/3,21:00,14.6
2025/5/3,22:00,14.5
2025/5/3,23:00,14.5
2025/5/4,0:00,14.3
2025/5/4,1:00,14.1
2025/5/4,2:00,13.9
2025/5/4,3:00,13.7
2025/5/4,4:00,13.9
2025/5/4,5:00,13.7
2025/5/4,6:00,14.2
2025/5/4,7:00,16.5
2025/5/4,8:00,18.2
2025/5/4,9:00,19.5
2025/5/4,10:00,20
2025/5/4,11:00,20.4
2025/5/4,12:00,18.9
2025/5/4,13:00,22.1
2025/5/4,14:00,22
2025/5/4,15:00,20.7
2025/5/4,16:00,17.7
2025/5/4,17:00,16.9
2025/5/4,18:00,14.5
2025/5/4,19:00,14.1
2025/5/4,20:00,14.6
2025/5/4,21:00,15.2
2025/5/4,22:00,15
2025/5/4,23:00,13.5
2025/5/5,0:00,11.4
2025/5/5,1:00,10.3
2025/5/5,2:00,10.5
2025/5/5,3:00,9.4
2025/5/5,4:00,9.1
2025/5/5,5:00,8.4
2025/5/5,6:00,11.3
2025/5/5,7:00,13.2
2025/5/5,8:00,13.6
2025/5/5,9:00,14.9
2025/5/5,10:00,16.7
2025/5/5,11:00,18.5
2025/5/5,12:00,18.1
2025/5/5,13:00,17.8
2025/5/5,14:00,17.8
2025/5/5,15:00,15.8
2025/5/5,16:00,18.1
2025/5/5,17:00,16.5
2025/5/5,18:00,14
2025/5/5,19:00,14.5
2025/5/5,20:00,13.7
2025/5/5,21:00,12.8
2025/5/5,22:00,12.8
2025/5/5,23:00,13.4
2025/5/6,0:00,13.8
2025/5/6,1:00,13.8
2025/5/6,2:00,14
2025/5/6,3:00,14
2025/5/6,4:00,13.7
2025/5/6,5:00,13.3
2025/5/6,6:00,14
2025/5/6,7:00,14.9
2025/5/6,8:00,15
2025/5/6,9:00,15.1
2025/5/6,10:00,14.9
2025/5/6,11:00,14.7
2025/5/6,12:00,15
2025/5/6,13:00,14.9
2025/5/6,14:00,14.8
2025/5/6,15:00,14.8
2025/5/6,16:00,14.6
2025/5/6,17:00,14.3
2025/5/6,18:00,13.5
2025/5/6,19:00,13.4
2025/5/6,20:00,13.4
2025/5/6,21:00,13.1
2025/5/6,22:00,13.3
2025/5/6,23:00,13.3
2025/5/7,0:00,13.4
2025/5/7,1:00,12.7
2025/5/7,2:00,13.4
2025/5/7,3:00,13.3
2025/5/7,4:00,13.3
2025/5/7,5:00,13.1
2025/5/7,6:00,15.6
2025/5/7,7:00,16.2
2025/5/7,8:00,16.6
2025/5/7,9:00,17.3
2025/5/7,10:00,17.4
2025/5/7,11:00,17.8
2025/5/7,12:00,17.4
2025/5/7,13:00,17.4
2025/5/7,14:00,17.2
2025/5/7,15:00,17.2
2025/5/7,16:00,13.8
2025/5/7,17:00,13.1
2025/5/7,18:00,12.2
2025/5/7,19:00,11.6
2025/5/7,20:00,12.2
2025/5/7,21:00,11.1
2025/5/7,22:00,10.7
2025/5/7,23:00,10.4
2025/5/8,0:00,10.3
2025/5/8,1:00,9.9
2025/5/8,2:00,9.3
2025/5/8,3:00,8.8
2025/5/8,4:00,8.7
2025/5/8,5:00,8.4
2025/5/8,6:00,9.2
2025/5/8,7:00,10.9
2025/5/8,8:00,14.9
2025/5/8,9:00,16
2025/5/8,10:00,16.3
2025/5/8,11:00,16.9
2025/5/8,12:00,18
2025/5/8,13:00,18.6
2025/5/8,14:00,18
2025/5/8,15:00,18.5
2025/5/8,16:00,17.1
2025/5/8,17:00,16.3
2025/5/8,18:00,14.2
2025/5/8,19:00,13.5
2025/5/8,20:00,13.7
2025/5/8,21:00,13.8
2025/5/8,22:00,13.7
2025/5/8,23:00,13.3
2025/5/9,0:00,13.4
2025/5/9,1:00,13.3
2025/5/9,2:00,13.4
2025/5/9,3:00,13.3
2025/5/9,4:00,13.7
2025/5/9,5:00,13.3
2025/5/9,6:00,13.9
2025/5/9,7:00,14.8
2025/5/9,8:00,15.3
2025/5/9,9:00,18.6
2025/5/9,10:00,17.4
2025/5/9,11:00,18.3
2025/5/9,12:00,18.8
2025/5/9,13:00,19.2
2025/5/9,14:00,18.8
2025/5/9,15:00,18.3
2025/5/9,16:00,17.5
2025/5/9,17:00,16.7
2025/5/9,18:00,16.3
2025/5/9,19:00,16.5
2025/5/9,20:00,16.7
2025/5/9,21:00,16.6
2025/5/9,22:00,16.5
2025/5/9,23:00,14.5
2025/5/10,0:00,14.5
2025/5/10,1:00,15.4
2025/5/10,2:00,15.4
2025/5/10,3:00,16.3
2025/5/10,4:00,16.9
2025/5/10,5:00,17.5
2025/5/10,6:00,17.9
2025/5/10,7:00,18.9
2025/5/10,8:00,19.4
2025/5/10,9:00,20.2
2025/5/10,10:00,20.3
2025/5/10,11:00,17.7
2025/5/10,12:00,17.9
2025/5/10,13:00,18.2
2025/5/10,14:00,18.8
2025/5/10,15:00,18.9
2025/5/10,16:00,19
2025/5/10,17:00,18.6
2025/5/10,18:00,18.5
2025/5/10,19:00,17.8
2025/5/10,20:00,17.1
2025/5/10,21:00,17.4
2025/5/10,22:00,17.1
2025/5/10,23:00,16.9
2025/5/11,0:00,15.8
2025/5/11,1:00,15.9
2025/5/11,2:00,15.9
2025/5/11,3:00,16.5
2025/5/11,4:00,16.3
2025/5/11,5:00,16.4
2025/5/11,6:00,16.9
2025/5/11,7:00,17.6
2025/5/11,8:00,21.8
2025/5/11,9:00,19.8
2025/5/11,10:00,20.7
2025/5/11,11:00,20.2
2025/5/11,12:00,20.9
2025/5/11,13:00,18.7
2025/5/11,14:00,18.2
2025/5/11,15:00,18.5
2025/5/11,16:00,18.1
2025/5/11,17:00,18.2
2025/5/11,18:00,16.4
2025/5/11,19:00,15.5
2025/5/11,20:00,15.1
2025/5/11,21:00,14.7
2025/5/11,22:00,15
2025/5/11,23:00,15
2025/5/12,0:00,15.2
2025/5/12,1:00,15.3
2025/5/12,2:00,15.4
2025/5/12,3:00,15.2
2025/5/12,4:00,15
2025/5/12,5:00,14.9
2025/5/12,6:00,15.1
2025/5/12,7:00,15.7
2025/5/12,8:00,15.9
2025/5/12,9:00,16
2025/5/12,10:00,16.5
2025/5/12,11:00,16.8
2025/5/12,12:00,17.3
2025/5/12,13:00,17.6
2025/5/12,14:00,17.8
2025/5/12,15:00,17.2
2025/5/12,16:00,17.1
2025/5/12,17:00,16.5
2025/5/12,18:00,16.1
2025/5/12,19:00,15.6
2025/5/12,20:00,15.6
2025/5/12,21:00,15.3
2025/5/12,22:00,15.2
2025/5/12,23:00,15.1
2025/5/13,0:00,15.1
2025/5/13,1:00,14.9
2025/5/13,2:00,14.9
2025/5/13,3:00,14.7
2025/5/13,4:00,14.4
2025/5/13,5:00,14.2
2025/5/13,6:00,15.1
2025/5/13,7:00,18.3
2025/5/13,8:00,19.1
2025/5/13,9:00,20.6
2025/5/13,10:00,20.6
2025/5/13,11:00,20.7
2025/5/13,12:00,20.5
2025/5/13,13:00,21.1
2025/5/13,14:00,20.9
2025/5/13,15:00,20.5
2025/5/13,16:00,20.3
2025/5/13,17:00,20.2
2025/5/13,18:00,17.8
2025/5/13,19:00,16.2
2025/5/13,20:00,16.1
2025/5/13,21:00,16.3
2025/5/13,22:00,16.8
2025/5/13,23:00,16.6
2025/5/14,0:00,16.6
2025/5/14,1:00,16.2
2025/5/14,2:00,15.7
2025/5/14,3:00,15.6
2025/5/14,4:00,14.6
2025/5/14,5:00,14.8
2025/5/14,6:00,15.6
2025/5/14,7:00,16.8
2025/5/14,8:00,18.9
2025/5/14,9:00,21.3
2025/5/14,10:00,21.9
2025/5/14,11:00,20.1
2025/5/14,12:00,22.4
2025/5/14,13:00,22.4
2025/5/14,14:00,22.5
2025/5/14,15:00,20.7
2025/5/14,16:00,20.1
2025/5/14,17:00,20.9
2025/5/14,18:00,19.3
2025/5/14,19:00,17.7
2025/5/14,20:00,17
2025/5/14,21:00,17.4
2025/5/14,22:00,17.4
2025/5/14,23:00,17.6
2025/5/15,0:00,17.7
2025/5/15,1:00,17.3
2025/5/15,2:00,16.4
2025/5/15,3:00,16.1
2025/5/15,4:00,15.5
2025/5/15,5:00,14.4
2025/5/15,6:00,16.6
2025/5/15,7:00,18.9
2025/5/15,8:00,19.6
2025/5/15,9:00,20.9
2025/5/15,10:00,22
2025/5/15,11:00,21.9
2025/5/15,12:00,20.3
2025/5/15,13:00,22.7
2025/5/15,14:00,21.9
2025/5/15,15:00,21.6
2025/5/15,16:00,21.7
2025/5/15,17:00,18.6
2025/5/15,18:00,17.5
2025/5/15,19:00,16.8
2025/5/15,20:00,17.2
2025/5/15,21:00,17.7
2025/5/15,22:00,17.8
2025/5/15,23:00,17.5
2025/5/16,0:00,17
2025/5/16,1:00,16.5
2025/5/16,2:00,16.5
2025/5/16,3:00,16.5
2025/5/16,4:00,16.1
2025/5/16,5:00,16.4
2025/5/16,6:00,17.6
2025/5/16,7:00,18.8
2025/5/16,8:00,21.8
2025/5/16,9:00,22.5
2025/5/16,10:00,22.4
2025/5/16,11:00,21.1
2025/5/16,12:00,21.3
2025/5/16,13:00,23.1
2025/5/16,14:00,23
2025/5/16,15:00,20.8
2025/5/16,16:00,20.5
2025/5/16,17:00,19.4
2025/5/16,18:00,17.8
2025/5/16,19:00,17.4
2025/5/16,20:00,17.2
2025/5/16,21:00,17.3
2025/5/16,22:00,17.8
2025/5/16,23:00,17.6
2025/5/17,0:00,17.2
2025/5/17,1:00,17.7
2025/5/17,2:00,17.7
2025/5/17,3:00,17.9
2025/5/17,4:00,18.4
2025/5/17,5:00,18.8
2025/5/17,6:00,19.6
2025/5/17,7:00,19.5
2025/5/17,8:00,20
2025/5/17,9:00,20.6
2025/5/17,10:00,20.9
2025/5/17,11:00,21.2
2025/5/17,12:00,21.4
2025/5/17,13:00,21.5
2025/5/17,14:00,23.5
2025/5/17,15:00,23.5
2025/5/17,16:00,21.3
2025/5/17,17:00,21
2025/5/17,18:00,20.4
2025/5/17,19:00,20
2025/5/17,20:00,20.1
2025/5/17,21:00,19.9
2025/5/17,22:00,19.8
2025/5/17,23:00,19.2
2025/5/18,0:00,19.4
2025/5/18,1:00,19
2025/5/18,2:00,18.5
2025/5/18,3:00,18.1
2025/5/18,4:00,17.8
2025/5/18,5:00,17.8
2025/5/18,6:00,19.4
2025/5/18,7:00,20.8
2025/5/18,8:00,23.5
2025/5/18,9:00,22.4
2025/5/18,10:00,23.3
2025/5/18,11:00,24.3
2025/5/18,12:00,24.3
2025/5/18,13:00,24.6
2025/5/18,14:00,24.4
2025/5/18,15:00,25
2025/5/18,16:00,24.2
2025/5/18,17:00,23.6
2025/5/18,18:00,22.7
2025/5/18,19:00,22
2025/5/18,20:00,21.6
2025/5/18,21:00,21.6
2025/5/18,22:00,21.3
2025/5/18,23:00,21.5
2025/5/19,0:00,21.6
2025/5/19,1:00,21.6
2025/5/19,2:00,21.4
2025/5/19,3:00,21.3
2025/5/19,4:00,20.3
2025/5/19,5:00,20.1
2025/5/19,6:00,18.6
2025/5/19,7:00,17.4
2025/5/19,8:00,17.6
2025/5/19,9:00,17.7
2025/5/19,10:00,17.2
2025/5/19,11:00,17.6
2025/5/19,12:00,16.8
2025/5/19,13:00,16.3
2025/5/19,14:00,16.5
2025/5/19,15:00,16.3
2025/5/19,16:00,16.1
2025/5/19,17:00,15.8
2025/5/19,18:00,15.6
2025/5/19,19:00,15.6
2025/5/19,20:00,15.7
2025/5/19,21:00,15.3
2025/5/19,22:00,15.3
2025/5/19,23:00,15.4
2025/5/20,0:00,15.3
2025/5/20,1:00,15.3
2025/5/20,2:00,15.3
2025/5/20,3:00,14.8
2025/5/20,4:00,14.4
2025/5/20,5:00,14.6
2025/5/20,6:00,16.4
2025/5/20,7:00,18.7
2025/5/20,8:00,20.4
2025/5/20,9:00,21.6
2025/5/20,10:00,22.4
2025/5/20,11:00,24.5
2025/5/20,12:00,25.1
2025/5/20,13:00,26.5
2025/5/20,14:00,26.4
2025/5/20,15:00,26.3
2025/5/20,16:00,26.1
2025/5/20,17:00,25.2
2025/5/20,18:00,23.5
2025/5/20,19:00,21.8
2025/5/20,20:00,21.2
2025/5/20,21:00,21.1
2025/5/20,22:00,21.1
2025/5/20,23:00,20.7
2025/5/21,0:00,20.7
2025/5/21,1:00,20.5
2025/5/21,2:00,20
2025/5/21,3:00,19.8
2025/5/21,4:00,19.3
2025/5/21,5:00,19.3
2025/5/21,6:00,20.9
2025/5/21,7:00,23.1
2025/5/21,8:00,24.2
2025/5/21,9:00,24.2
2025/5/21,10:00,25.6
2025/5/21,11:00,26.3
2025/5/21,12:00,26.3
2025/5/21,13:00,27.4
2025/5/21,14:00,27.2
2025/5/21,15:00,27.6
2025/5/21,16:00,26.9
2025/5/21,17:00,23.9
2025/5/21,18:00,23
2025/5/21,19:00,22.4
2025/5/21,20:00,22.1
2025/5/21,21:00,22
2025/5/21,22:00,21.7
2025/5/21,23:00,21.6
2025/5/22,0:00,21.6
2025/5/22,1:00,21.5
2025/5/22,2:00,21.6
2025/5/22,3:00,21.6
2025/5/22,4:00,21.6
2025/5/22,5:00,21.5
2025/5/22,6:00,22
2025/5/22,7:00,23
2025/5/22,8:00,23.8
2025/5/22,9:00,24.5
2025/5/22,10:00,24.8
2025/5/22,11:00,27.4
2025/5/22,12:00,26.7
2025/5/22,13:00,25.5
2025/5/22,14:00,26.5
2025/5/22,15:00,24.2
2025/5/22,16:00,23.6
2025/5/22,17:00,22.9
2025/5/22,18:00,21.8
2025/5/22,19:00,19
2025/5/22,20:00,17.5
2025/5/22,21:00,16.9
2025/5/22,22:00,16
2025/5/22,23:00,15.6
2025/5/23,0:00,15.2
2025/5/23,1:00,15.3
2025/5/23,2:00,15
2025/5/23,3:00,15.2
2025/5/23,4:00,15.3
2025/5/23,5:00,14.9
2025/5/23,6:00,15.5
2025/5/23,7:00,16.1
2025/5/23,8:00,16.8
2025/5/23,9:00,17.1
2025/5/23,10:00,17
2025/5/23,11:00,17.6
2025/5/23,12:00,17.8
2025/5/23,13:00,17.3
2025/5/23,14:00,16.7
2025/5/23,15:00,16.1
2025/5/23,16:00,15.4
2025/5/23,17:00,14.7
2025/5/23,18:00,14.3
2025/5/23,19:00,12.8
2025/5/23,20:00,14.1
2025/5/23,21:00,15.4
2025/5/23,22:00,15.5
2025/5/23,23:00,15.3
2025/5/24,0:00,14.8
2025/5/24,1:00,14.7
2025/5/24,2:00,13.8
2025/5/24,3:00,13.7
2025/5/24,4:00,13.5
2025/5/24,5:00,13.5
2025/5/24,6:00,14.3
2025/5/24,7:00,14.4
2025/5/24,8:00,15.4
2025/5/24,9:00,16
2025/5/24,10:00,18.2
2025/5/24,11:00,17.3
2025/5/24,12:00,17.8
2025/5/24,13:00,17.8
2025/5/24,14:00,17.8
2025/5/24,15:00,17.5
2025/5/24,16:00,17
2025/5/24,17:00,16.6
2025/5/24,18:00,16.4
2025/5/24,19:00,15.9
2025/5/24,20:00,16
2025/5/24,21:00,15.4
2025/5/24,22:00,15.6
2025/5/24,23:00,15.5
2025/5/25,0:00,15.3
2025/5/25,1:00,15.1
2025/5/25,2:00,14.9
2025/5/25,3:00,15.1
2025/5/25,4:00,14.8
2025/5/25,5:00,14.9
2025/5/25,6:00,15.5
2025/5/25,7:00,16.3
2025/5/25,8:00,16.8
2025/5/25,9:00,17.3
2025/5/25,10:00,17.8
2025/5/25,11:00,17.8
2025/5/25,12:00,18.6
2025/5/25,13:00,18.7
2025/5/25,14:00,19.1
2025/5/25,15:00,18.8
2025/5/25,16:00,18.7
2025/5/25,17:00,18.9
2025/5/25,18:00,18.5
2025/5/25,19:00,18.2
2025/5/25,20:00,18.4
2025/5/25,21:00,17.3
2025/5/25,22:00,17.2
2025/5/25,23:00,16.7
2025/5/26,0:00,14.7
2025/5/26,1:00,14.3
2025/5/26,2:00,14.1
2025/5/26,3:00,13.7
2025/5/26,4:00,13.3
2025/5/26,5:00,12.8
2025/5/26,6:00,13.1
2025/5/26,7:00,13.5
2025/5/26,8:00,14.5
2025/5/26,9:00,16.6
2025/5/26,10:00,14.9
2025/5/26,11:00,15.2
2025/5/26,12:00,16
2025/5/26,13:00,16.7
2025/5/26,14:00,16.8
2025/5/26,15:00,16.2
2025/5/26,16:00,17.1
2025/5/26,17:00,16.3
2025/5/26,18:00,15.8
2025/5/26,19:00,14.9
2025/5/26,20:00,14.2
2025/5/26,21:00,13.2
2025/5/26,22:00,13.5
2025/5/26,23:00,13.9
2025/5/27,0:00,14.4
2025/5/27,1:00,14.3
2025/5/27,2:00,14.3
2025/5/27,3:00,14.4
2025/5/27,4:00,14
2025/5/27,5:00,14.3
2025/5/27,6:00,14.9
2025/5/27,7:00,15.5
2025/5/27,8:00,16
2025/5/27,9:00,16.7
2025/5/27,10:00,16.1
2025/5/27,11:00,16.2
2025/5/27,12:00,17.1
2025/5/27,13:00,16.8
2025/5/27,14:00,16.4
2025/5/27,15:00,17.4
2025/5/27,16:00,17.3
2025/5/27,17:00,16.6
2025/5/27,18:00,16.3
2025/5/27,19:00,15.7
2025/5/27,20:00,15.8
2025/5/27,21:00,15.7
2025/5/27,22:00,15.4
2025/5/27,23:00,15.4
2025/5/28,0:00,15.7
2025/5/28,1:00,15.9
2025/5/28,2:00,15.8
2025/5/28,3:00,15.6
2025/5/28,4:00,15.6
2025/5/28,5:00,15.4
2025/5/28,6:00,16.1
2025/5/28,7:00,18.6
2025/5/28,8:00,19.5
2025/5/28,9:00,20.3
2025/5/28,10:00,21.1
2025/5/28,11:00,20.6
2025/5/28,12:00,21
2025/5/28,13:00,21.2
2025/5/28,14:00,21
2025/5/28,15:00,21.6
2025/5/28,16:00,20.9
2025/5/28,17:00,19.4
2025/5/28,18:00,16.9
2025/5/28,19:00,15.5
2025/5/28,20:00,14.5
2025/5/28,21:00,14.3
2025/5/28,22:00,14.4
2025/5/28,23:00,14.4
2025/5/29,0:00,14.7
2025/5/29,1:00,14.9
2025/5/29,2:00,15
2025/5/29,3:00,14.9
2025/5/29,4:00,14.9
2025/5/29,5:00,15.3
2025/5/29,6:00,16.2
2025/5/29,7:00,18.1
2025/5/29,8:00,18.3
2025/5/29,9:00,19.8
2025/5/29,10:00,20.3
2025/5/29,11:00,18.9
2025/5/29,12:00,19.2
2025/5/29,13:00,19.7
2025/5/29,14:00,18.4
2025/5/29,15:00,18.4
2025/5/29,16:00,18.1
2025/5/29,17:00,17.1
2025/5/29,18:00,17
2025/5/29,19:00,16.4
2025/5/29,20:00,15.5
2025/5/29,21:00,15.2
2025/5/29,22:00,15.3
2025/5/29,23:00,14.7
2025/5/30,0:00,14.6
2025/5/30,1:00,14.4
2025/5/30,2:00,14.5
2025/5/30,3:00,14.3
2025/5/30,4:00,14.7
2025/5/30,5:00,14
2025/5/30,6:00,14.3
2025/5/30,7:00,14.6
2025/5/30,8:00,15.2
2025/5/30,9:00,15.7
2025/5/30,10:00,15.8
2025/5/30,11:00,16.5
2025/5/30,12:00,16.6
2025/5/30,13:00,16.2
2025/5/30,14:00,16.1
2025/5/30,15:00,16.2
2025/5/30,16:00,16
2025/5/30,17:00,15.5
2025/5/30,18:00,15.2
2025/5/30,19:00,14.8
2025/5/30,20:00,14.9
2025/5/30,21:00,14.9
2025/5/30,22:00,14.8
2025/5/30,23:00,14.8
2025/5/31,0:00,14.3
2025/5/31,1:00,14.1
2025/5/31,2:00,14.2
2025/5/31,3:00,14.1
2025/5/31,4:00,14
2025/5/31,5:00,14
2025/5/31,6:00,14.5
2025/5/31,7:00,15
2025/5/31,8:00,15.3
2025/5/31,9:00,15.6
2025/5/31,10:00,16.2
2025/5/31,11:00,17
2025/5/31,12:00,16.9
2025/5/31,13:00,17.1
2025/5/31,14:00,16.7
2025/5/31,15:00,16.9
2025/5/31,16:00,16.6
2025/5/31,17:00,15.5
2025/5/31,18:00,15.3
2025/5/31,19:00,15.8
2025/5/31,20:00,16.1
2025/5/31,21:00,15.6
2025/5/31,22:00,15.4
2025/5/31,23:00,14.9
2025/6/1,0:00,14.9
2025/6/1,1:00,14.9
2025/6/1,2:00,14.8
2025/6/1,3:00,14.5
2025/6/1,4:00,14.5
2025/6/1,5:00,14.8
2025/6/1,6:00,15.8
2025/6/1,7:00,16.2
2025/6/1,8:00,16.4
2025/6/1,9:00,18.9
2025/6/1,10:00,19.7
2025/6/1,11:00,21.4
2025/6/1,12:00,21.3
2025/6/1,13:00,21.9
2025/6/1,14:00,20.5
2025/6/1,15:00,19.9
2025/6/1,16:00,19.3
2025/6/1,17:00,19.3
2025/6/1,18:00,18.7
2025/6/1,19:00,17.3
2025/6/1,20:00,16.3
2025/6/1,21:00,16
2025/6/1,22:00,16
2025/6/1,23:00,16
2025/6/2,0:00,15.9
2025/6/2,1:00,15.3
2025/6/2,2:00,15.3
2025/6/2,3:00,14.8
2025/6/2,4:00,14.6
2025/6/2,5:00,15.2
2025/6/2,6:00,17.2
2025/6/2,7:00,16.6
2025/6/2,8:00,17.5
2025/6/2,9:00,17.4
2025/6/2,10:00,18.5
2025/6/2,11:00,20.4
2025/6/2,12:00,21.9
2025/6/2,13:00,22.6
2025/6/2,14:00,21.5
2025/6/2,15:00,23
2025/6/2,16:00,22.8
2025/6/2,17:00,20.4
2025/6/2,18:00,20.2
2025/6/2,19:00,20
2025/6/2,20:00,19.7
2025/6/2,21:00,19.6
2025/6/2,22:00,19.7
2025/6/2,23:00,20.2
2025/6/3,0:00,20.3
2025/6/3,1:00,20.4
2025/6/3,2:00,19.9
2025/6/3,3:00,20
2025/6/3,4:00,19.8
2025/6/3,5:00,20
2025/6/3,6:00,20.1
2025/6/3,7:00,20.3
2025/6/3,8:00,20.8
2025/6/3,9:00,21
2025/6/3,10:00,19.7
2025/6/3,11:00,19.9
2025/6/3,12:00,19.6
2025/6/3,13:00,19.5
2025/6/3,14:00,19.3
2025/6/3,15:00,19.5
2025/6/3,16:00,19.1
2025/6/3,17:00,19.2
2025/6/3,18:00,18.5
2025/6/3,19:00,18.1
2025/6/3,20:00,18
2025/6/3,21:00,17.9
2025/6/3,22:00,17.8
2025/6/3,23:00,17.9
2025/6/4,0:00,17.5
2025/6/4,1:00,17.4
2025/6/4,2:00,17.2
2025/6/4,3:00,17
2025/6/4,4:00,16.5
2025/6/4,5:00,17.2
2025/6/4,6:00,19.5
2025/6/4,7:00,21.4
2025/6/4,8:00,23.9
2025/6/4,9:00,23.7
2025/6/4,10:00,22.1
2025/6/4,11:00,24.2
2025/6/4,12:00,24.1
2025/6/4,13:00,25
2025/6/4,14:00,24.6
2025/6/4,15:00,23
2025/6/4,16:00,24.8
2025/6/4,17:00,21.6
2025/6/4,18:00,23
2025/6/4,19:00,21.5
2025/6/4,20:00,21.3
2025/6/4,21:00,20.4
2025/6/4,22:00,20.4
2025/6/4,23:00,20.1
2025/6/5,0:00,19.1
2025/6/5,1:00,18.7
2025/6/5,2:00,18.2
2025/6/5,3:00,18.3
2025/6/5,4:00,18
2025/6/5,5:00,18
2025/6/5,6:00,19.8
2025/6/5,7:00,20.9
2025/6/5,8:00,21.5
2025/6/5,9:00,21.4
2025/6/5,10:00,21
2025/6/5,11:00,22
2025/6/5,12:00,22
2025/6/5,13:00,23.7
2025/6/5,14:00,24.4
2025/6/5,15:00,23.5
2025/6/5,16:00,23.5
2025/6/5,17:00,22.1
2025/6/5,18:00,19.9
2025/6/5,19:00,17.9
2025/6/5,20:00,18.3
2025/6/5,21:00,18.6
2025/6/5,22:00,18.9
2025/6/5,23:00,19
2025/6/6,0:00,18.7
2025/6/6,1:00,18.6
2025/6/6,2:00,16.6
2025/6/6,3:00,16.4
2025/6/6,4:00,16.1
2025/6/6,5:00,15.9
2025/6/6,6:00,17.8
2025/6/6,7:00,19.3
2025/6/6,8:00,20.6
2025/6/6,9:00,21.6
2025/6/6,10:00,23
2025/6/6,11:00,23.7
2025/6/6,12:00,23.9
2025/6/6,13:00,24.3
2025/6/6,14:00,24.2
2025/6/6,15:00,23.9
2025/6/6,16:00,20.8
2025/6/6,17:00,20.4
2025/6/6,18:00,19.4
2025/6/6,19:00,19
2025/6/6,20:00,18.5
2025/6/6,21:00,17.9
2025/6/6,22:00,18
2025/6/6,23:00,18.1
2025/6/7,0:00,17.9
2025/6/7,1:00,18
2025/6/7,2:00,17.9
2025/6/7,3:00,18.1
2025/6/7,4:00,18.7
2025/6/7,5:00,18.9
2025/6/7,6:00,19.5
2025/6/7,7:00,22.7
2025/6/7,8:00,23.1
2025/6/7,9:00,23.6
2025/6/7,10:00,24
2025/6/7,11:00,24.9
2025/6/7,12:00,24.6
2025/6/7,13:00,23.4
2025/6/7,14:00,25
2025/6/7,15:00,24.7
2025/6/7,16:00,22
2025/6/7,17:00,21.3
2025/6/7,18:00,21
2025/6/7,19:00,20.5
2025/6/7,20:00,20.2
2025/6/7,21:00,20.2
2025/6/7,22:00,20.3
2025/6/7,23:00,20
2025/6/8,0:00,20
2025/6/8,1:00,19.7
2025/6/8,2:00,19.8
2025/6/8,3:00,20.1
2025/6/8,4:00,20.2
2025/6/8,5:00,20.4
2025/6/8,6:00,21.3
2025/6/8,7:00,21.8
2025/6/8,8:00,21.2
2025/6/8,9:00,21.9
2025/6/8,10:00,22.2
2025/6/8,11:00,23
2025/6/8,12:00,23.6
2025/6/8,13:00,25.5
2025/6/8,14:00,22.6
2025/6/8,15:00,22
2025/6/8,16:00,22
2025/6/8,17:00,21.5
2025/6/8,18:00,20.3
2025/6/8,19:00,20.2
2025/6/8,20:00,20.4
2025/6/8,21:00,20.5
2025/6/8,22:00,20.5
2025/6/8,23:00,20.2
2025/6/9,0:00,19.8
2025/6/9,1:00,20
2025/6/9,2:00,19.8
2025/6/9,3:00,19.3
2025/6/9,4:00,19
2025/6/9,5:00,19.2
2025/6/9,6:00,20.2
2025/6/9,7:00,22.7
2025/6/9,8:00,24.8
2025/6/9,9:00,25
2025/6/9,10:00,25.3
2025/6/9,11:00,25.5
2025/6/9,12:00,23.5
2025/6/9,13:00,24.3
2025/6/9,14:00,22.8
2025/6/9,15:00,22.2
2025/6/9,16:00,21.6
2025/6/9,17:00,21
2025/6/9,18:00,20.5
2025/6/9,19:00,20.2
2025/6/9,20:00,19.7
2025/6/9,21:00,19.3
2025/6/9,22:00,19.5
2025/6/9,23:00,19.4
2025/6/10,0:00,19.2
2025/6/10,1:00,19.2
2025/6/10,2:00,19.1
2025/6/10,3:00,19.1
2025/6/10,4:00,19.2
2025/6/10,5:00,19.6
2025/6/10,6:00,19.9
2025/6/10,7:00,20.3
2025/6/10,8:00,21.2
2025/6/10,9:00,20.9
2025/6/10,10:00,21.5
2025/6/10,11:00,21.8
2025/6/10,12:00,21.8
2025/6/10,13:00,21.7
2025/6/10,14:00,22
2025/6/10,15:00,22
2025/6/10,16:00,21.5
2025/6/10,17:00,21.1
2025/6/10,18:00,21
2025/6/10,19:00,20.4
2025/6/10,20:00,20.3
2025/6/10,21:00,20.4
2025/6/10,22:00,20.4
2025/6/10,23:00,20.4
2025/6/11,0:00,20.6
2025/6/11,1:00,20.5
2025/6/11,2:00,20.5
2025/6/11,3:00,20.6
2025/6/11,4:00,20.3
2025/6/11,5:00,20.5
2025/6/11,6:00,21
2025/6/11,7:00,21.7
2025/6/11,8:00,22.2
2025/6/11,9:00,22.5
2025/6/11,10:00,22.7
2025/6/11,11:00,23
2025/6/11,12:00,23.1
2025/6/11,13:00,22.9
2025/6/11,14:00,22.8
2025/6/11,15:00,22.2
2025/6/11,16:00,21.9
2025/6/11,17:00,21.4
2025/6/11,18:00,21.3
2025/6/11,19:00,20.8
2025/6/11,20:00,20.9
2025/6/11,21:00,20.8
2025/6/11,22:00,20.8
2025/6/11,23:00,20.2
2025/6/12,0:00,20.1
2025/6/12,1:00,20
2025/6/12,2:00,20.2
2025/6/12,3:00,20.2
2025/6/12,4:00,19.6
2025/6/12,5:00,19.6
2025/6/12,6:00,21
2025/6/12,7:00,21.4
2025/6/12,8:00,22.1
2025/6/12,9:00,19.6
2025/6/12,10:00,20.8
2025/6/12,11:00,22.9
2025/6/12,12:00,20.3
2025/6/12,13:00,21.7
2025/6/12,14:00,22.4
2025/6/12,15:00,21.7
2025/6/12,16:00,21.2
2025/6/12,17:00,21
2025/6/12,18:00,20.6
2025/6/12,19:00,20
2025/6/12,20:00,19.1
2025/6/12,21:00,18.9
2025/6/12,22:00,17.9
2025/6/12,23:00,18.1
2025/6/13,0:00,18.8
2025/6/13,1:00,18.9
2025/6/13,2:00,18.7
2025/6/13,3:00,18.2
2025/6/13,4:00,17.9
2025/6/13,5:00,17.9
2025/6/13,6:00,18.3
2025/6/13,7:00,19.8
2025/6/13,8:00,20.9
2025/6/13,9:00,21.5
2025/6/13,10:00,21.7
2025/6/13,11:00,22.2
2025/6/13,12:00,22.2
2025/6/13,13:00,22.6
2025/6/13,14:00,21.9
2025/6/13,15:00,21.7
2025/6/13,16:00,21.3
2025/6/13,17:00,21.1
2025/6/13,18:00,20.5
2025/6/13,19:00,20.3
2025/6/13,20:00,20.2
2025/6/13,21:00,20.1
2025/6/13,22:00,19.8
2025/6/13,23:00,19.8
2025/6/14,0:00,19.8
2025/6/14,1:00,19.6
2025/6/14,2:00,19.4
2025/6/14,3:00,19.6
2025/6/14,4:00,19.9
2025/6/14,5:00,20.3
2025/6/14,6:00,20.9
2025/6/14,7:00,21.6
2025/6/14,8:00,22.1
2025/6/14,9:00,22.4
2025/6/14,10:00,22.3
2025/6/14,11:00,22.7
2025/6/14,12:00,22.3
2025/6/14,13:00,22.2
2025/6/14,14:00,22.3
2025/6/14,15:00,21.9
2025/6/14,16:00,21.5
2025/6/14,17:00,21.2
2025/6/14,18:00,21.2
2025/6/14,19:00,20.9
2025/6/14,20:00,21.1
2025/6/14,21:00,21.2
2025/6/14,22:00,21.8
2025/6/14,23:00,22.3
2025/6/15,0:00,21.4
2025/6/15,1:00,21
2025/6/15,2:00,20.6
2025/6/15,3:00,20.6
2025/6/15,4:00,20.5
2025/6/15,5:00,20.7
2025/6/15,6:00,20.9
2025/6/15,7:00,21.4
2025/6/15,8:00,21.9
2025/6/15,9:00,22.4
2025/6/15,10:00,22.8
2025/6/15,11:00,23.9
2025/6/15,12:00,25.5
2025/6/15,13:00,27.9
2025/6/15,14:00,26.5
2025/6/15,15:00,29.1
2025/6/15,16:00,28.9
2025/6/15,17:00,28.2
2025/6/15,18:00,27.7
2025/6/15,19:00,26.2
2025/6/15,20:00,26.4
2025/6/15,21:00,25.9
2025/6/15,22:00,25.6
2025/6/15,23:00,24.8
2025/6/16,0:00,24.5
2025/6/16,1:00,24.1
2025/6/16,2:00,24.5
2025/6/16,3:00,24.9
2025/6/16,4:00,24.8
2025/6/16,5:00,23.8
2025/6/16,6:00,24.4
2025/6/16,7:00,25.5
2025/6/16,8:00,27.7
2025/6/16,9:00,27.2
2025/6/16,10:00,26.1
2025/6/16,11:00,27
2025/6/16,12:00,27
2025/6/16,13:00,27.3
2025/6/16,14:00,27.2
2025/6/16,15:00,29.3
2025/6/16,16:00,26.4
2025/6/16,17:00,28
2025/6/16,18:00,25.9
2025/6/16,19:00,25.3
2025/6/16,20:00,25.2
2025/6/16,21:00,24.7
2025/6/16,22:00,24.5
2025/6/16,23:00,24.8
2025/6/17,0:00,24.3
2025/6/17,1:00,23.9
2025/6/17,2:00,23.4
2025/6/17,3:00,23.5
2025/6/17,4:00,23.3
2025/6/17,5:00,24
2025/6/17,6:00,26.9
2025/6/17,7:00,28.7
2025/6/17,8:00,29.5
2025/6/17,9:00,29.9
2025/6/17,10:00,30.3
2025/6/17,11:00,29.9
2025/6/17,12:00,30.5
2025/6/17,13:00,30.8
2025/6/17,14:00,31.1
2025/6/17,15:00,31
2025/6/17,16:00,30.5
2025/6/17,17:00,29.2
2025/6/17,18:00,27.6
2025/6/17,19:00,25.5
2025/6/17,20:00,25.1
2025/6/17,21:00,24.5
2025/6/17,22:00,24.6
2025/6/17,23:00,24
2025/6/18,0:00,23.7
2025/6/18,1:00,23.5
2025/6/18,2:00,23.3
2025/6/18,3:00,23.4
2025/6/18,4:00,23.3
2025/6/18,5:00,23.5
2025/6/18,6:00,25.9
2025/6/18,7:00,27.6
2025/6/18,8:00,27.8
2025/6/18,9:00,27.9
2025/6/18,10:00,28.8
2025/6/18,11:00,28.5
2025/6/18,12:00,28.6
2025/6/18,13:00,29.1
2025/6/18,14:00,28.5
2025/6/18,15:00,28.3
2025/6/18,16:00,28.6
2025/6/18,17:00,27.5
2025/6/18,18:00,26.3
2025/6/18,19:00,24.1
2025/6/18,20:00,23.6
2025/6/18,21:00,23
2025/6/18,22:00,23
2025/6/18,23:00,22.9
2025/6/19,0:00,22.8
2025/6/19,1:00,22.8
2025/6/19,2:00,22.7
2025/6/19,3:00,22.7
2025/6/19,4:00,22.5
2025/6/19,5:00,22.9
2025/6/19,6:00,25.1
2025/6/19,7:00,27.5
2025/6/19,8:00,26.8
2025/6/19,9:00,28.4
2025/6/19,10:00,28.5
2025/6/19,11:00,28.5
2025/6/19,12:00,28.7
2025/6/19,13:00,29.7
2025/6/19,14:00,29.7
2025/6/19,15:00,29.5
2025/6/19,16:00,27.7
2025/6/19,17:00,26.5
2025/6/19,18:00,24.7
2025/6/19,19:00,23.8
2025/6/19,20:00,24.4
2025/6/19,21:00,24
2025/6/19,22:00,23.6
2025/6/19,23:00,23.5
2025/6/20,0:00,23.3
2025/6/20,1:00,23.1
2025/6/20,2:00,23.1
2025/6/20,3:00,23
2025/6/20,4:00,22.9
2025/6/20,5:00,23.2
2025/6/20,6:00,25.9
2025/6/20,7:00,26.4
2025/6/20,8:00,27.3
2025/6/20,9:00,26.4
2025/6/20,10:00,25.6
2025/6/20,11:00,26
2025/6/20,12:00,25.9
2025/6/20,13:00,26
2025/6/20,14:00,28.3
2025/6/20,15:00,28
2025/6/20,16:00,27.3
2025/6/20,17:00,26.1
2025/6/20,18:00,24.1
2025/6/20,19:00,23
2025/6/20,20:00,22.5
2025/6/20,21:00,22
2025/6/20,22:00,22.2
2025/6/20,23:00,22.1
2025/6/21,0:00,22.1
2025/6/21,1:00,22
2025/6/21,2:00,22
2025/6/21,3:00,22
2025/6/21,4:00,22
2025/6/21,5:00,22.5
2025/6/21,6:00,23.2
2025/6/21,7:00,23.7
2025/6/21,8:00,27
2025/6/21,9:00,27
2025/6/21,10:00,25.7
2025/6/21,11:00,27
2025/6/21,12:00,27.6
2025/6/21,13:00,27.7
2025/6/21,14:00,27.8
2025/6/21,15:00,28.3
2025/6/21,16:00,26.8
2025/6/21,17:00,26.2
2025/6/21,18:00,23.7
2025/6/21,19:00,23.2
2025/6/21,20:00,23.1
2025/6/21,21:00,23
2025/6/21,22:00,22.8
2025/6/21,23:00,22.7
2025/6/22,0:00,22.3
2025/6/22,1:00,22.3
2025/6/22,2:00,22.1
2025/6/22,3:00,22.2
2025/6/22,4:00,22.1
2025/6/22,5:00,22
2025/6/22,6:00,24.1
2025/6/22,7:00,25.3
2025/6/22,8:00,26.5
2025/6/22,9:00,27
2025/6/22,10:00,28
2025/6/22,11:00,28.8
2025/6/22,12:00,28.8
2025/6/22,13:00,29.3
2025/6/22,14:00,29.9
2025/6/22,15:00,29.8
2025/6/22,16:00,28.9
2025/6/22,17:00,28.2
2025/6/22,18:00,26.6
2025/6/22,19:00,24.8
2025/6/22,20:00,24.3
2025/6/22,21:00,24.2
2025/6/22,22:00,24.1
2025/6/22,23:00,24.1
2025/6/23,0:00,23.9
2025/6/23,1:00,23.9
2025/6/23,2:00,23.8
2025/6/23,3:00,23.9
2025/6/23,4:00,23.9
2025/6/23,5:00,24.1
2025/6/23,6:00,24.7
2025/6/23,7:00,25.4
2025/6/23,8:00,25.8
2025/6/23,9:00,26.6
2025/6/23,10:00,26.9
2025/6/23,11:00,29
2025/6/23,12:00,29.2
2025/6/23,13:00,27.3
2025/6/23,14:00,27.2
2025/6/23,15:00,27.3
2025/6/23,16:00,24.9
2025/6/23,17:00,23.8
2025/6/23,18:00,23.5
2025/6/23,19:00,23.3
2025/6/23,20:00,23.4
2025/6/23,21:00,23.3
2025/6/23,22:00,23.4
2025/6/23,23:00,23.6
2025/6/24,0:00,23.7
2025/6/24,1:00,23.4
2025/6/24,2:00,23.1
2025/6/24,3:00,23.3
2025/6/24,4:00,23
2025/6/24,5:00,23.4
2025/6/24,6:00,23.5
2025/6/24,7:00,24
2025/6/24,8:00,24.3
2025/6/24,9:00,25
2025/6/24,10:00,25.7
2025/6/24,11:00,27.5
2025/6/24,12:00,27.3
2025/6/24,13:00,26.8
2025/6/24,14:00,26.9
2025/6/24,15:00,27.1
2025/6/24,16:00,26.7
2025/6/24,17:00,26.7
2025/6/24,18:00,26.1
2025/6/24,19:00,25.5
2025/6/24,20:00,25.3
2025/6/24,21:00,25.3
2025/6/24,22:00,25.3
2025/6/24,23:00,25.1
2025/6/25,0:00,25.4
2025/6/25,1:00,25.1
2025/6/25,2:00,25.2
2025/6/25,3:00,25.2
2025/6/25,4:00,25.1
2025/6/25,5:00,25.1
2025/6/25,6:00,25.8
2025/6/25,7:00,27.1
2025/6/25,8:00,27.4
2025/6/25,9:00,27.6
2025/6/25,10:00,27.1
2025/6/25,11:00,27.4
2025/6/25,12:00,28.1
2025/6/25,13:00,28
2025/6/25,14:00,27.4
2025/6/25,15:00,28.1
2025/6/25,16:00,27.6
2025/6/25,17:00,28.5
2025/6/25,18:00,26.8
2025/6/25,19:00,25.8
2025/6/25,20:00,26.1
2025/6/25,21:00,25.8
2025/6/25,22:00,25.6
2025/6/25,23:00,25.4
2025/6/26,0:00,25.3
2025/6/26,1:00,25.2
2025/6/26,2:00,25.1
2025/6/26,3:00,24.9
2025/6/26,4:00,24.7
2025/6/26,5:00,25.2
2025/6/26,6:00,26.9
2025/6/26,7:00,28.4
2025/6/26,8:00,27.4
2025/6/26,9:00,28.4
2025/6/26,10:00,27.8
2025/6/26,11:00,27.9
2025/6/26,12:00,30.1
2025/6/26,13:00,30.4
2025/6/26,14:00,30.6
2025/6/26,15:00,28.1
2025/6/26,16:00,27.2
2025/6/26,17:00,27.1
2025/6/26,18:00,25.9
2025/6/26,19:00,25.5
2025/6/26,20:00,25.5
2025/6/26,21:00,25.5
2025/6/26,22:00,25.9
2025/6/26,23:00,25.6
2025/6/27,0:00,25
2025/6/27,1:00,24.5
2025/6/27,2:00,24.4
2025/6/27,3:00,24.4
2025/6/27,4:00,23.9
2025/6/27,5:00,23.4
2025/6/27,6:00,24.6
2025/6/27,7:00,26.2
2025/6/27,8:00,27.3
2025/6/27,9:00,28.1
2025/6/27,10:00,29.2
2025/6/27,11:00,28.4
2025/6/27,12:00,28.5
2025/6/27,13:00,29.1
2025/6/27,14:00,26.9
2025/6/27,15:00,26.5
2025/6/27,16:00,26.9
2025/6/27,17:00,27.2
2025/6/27,18:00,24.6
2025/6/27,19:00,24.9
2025/6/27,20:00,25.2
2025/6/27,21:00,24.9
2025/6/27,22:00,25.1
2025/6/27,23:00,24.8
2025/6/28,0:00,24.7
2025/6/28,1:00,22.8
2025/6/28,2:00,22.6
2025/6/28,3:00,22.2
2025/6/28,4:00,21.8
2025/6/28,5:00,21.8
2025/6/28,6:00,24.1
2025/6/28,7:00,25.5
2025/6/28,8:00,25
2025/6/28,9:00,25.7
2025/6/28,10:00,26.2
2025/6/28,11:00,27.2
2025/6/28,12:00,26.8
2025/6/28,13:00,26.6
2025/6/28,14:00,26.7
2025/6/28,15:00,26.3
2025/6/28,16:00,25.7
2025/6/28,17:00,25.1
2025/6/28,18:00,23.5
2025/6/28,19:00,23
2025/6/28,20:00,22.7
2025/6/28,21:00,21.9
2025/6/28,22:00,21.7
2025/6/28,23:00,21.2
2025/6/29,0:00,21
2025/6/29,1:00,21
2025/6/29,2:00,20.7
2025/6/29,3:00,20.7
2025/6/29,4:00,21.1
2025/6/29,5:00,21.3
2025/6/29,6:00,23.3
2025/6/29,7:00,24.5
2025/6/29,8:00,25.2
2025/6/29,9:00,25.7
2025/6/29,10:00,26.5
2025/6/29,11:00,26.6
2025/6/29,12:00,27.4
2025/6/29,13:00,28.3
2025/6/29,14:00,29.7
2025/6/29,15:00,29.1
2025/6/29,16:00,28.1
2025/6/29,17:00,26.2
2025/6/29,18:00,24.8
2025/6/29,19:00,23.8
2025/6/29,20:00,23.7
2025/6/29,21:00,23.5
2025/6/29,22:00,23.5
2025/6/29,23:00,23.3
2025/6/30,0:00,23.5
2025/6/30,1:00,23.5
2025/6/30,2:00,23.5
2025/6/30,3:00,23
2025/6/30,4:00,23.3
2025/6/30,5:00,23.8
2025/6/30,6:00,24.8
2025/6/30,7:00,25.4
2025/6/30,8:00,27.6
2025/6/30,9:00,28.2
2025/6/30,10:00,29.4
2025/6/30,11:00,29.2
2025/6/30,12:00,28.5
2025/6/30,13:00,29
2025/6/30,14:00,29.1
2025/6/30,15:00,28.9
2025/6/30,16:00,29
2025/6/30,17:00,28
2025/6/30,18:00,27.1
2025/6/30,19:00,25.3
2025/6/30,20:00,25.5
2025/6/30,21:00,25.4
2025/6/30,22:00,25.1
2025/6/30,23:00,25.1
2025/7/1,0:00,25
2025/7/1,1:00,24.8
2025/7/1,2:00,24.8
2025/7/1,3:00,24.8
2025/7/1,4:00,24.7
2025/7/1,5:00,25.1
2025/7/1,6:00,27.3
2025/7/1,7:00,28.4
2025/7/1,8:00,29.4
2025/7/1,9:00,29.9
2025/7/1,10:00,30.3
2025/7/1,11:00,29.9
2025/7/1,12:00,30.5
2025/7/1,13:00,30.8
2025/7/1,14:00,29.4
2025/7/1,15:00,27.9
2025/7/1,16:00,28.9
2025/7/1,17:00,28.5
2025/7/1,18:00,26.7
2025/7/1,19:00,26.4
2025/7/1,20:00,26.1
2025/7/1,21:00,25.4
2025/7/1,22:00,25.1
2025/7/1,23:00,24.7
2025/7/2,0:00,24.1
2025/7/2,1:00,24.1
2025/7/2,2:00,24.2
2025/7/2,3:00,24.4
2025/7/2,4:00,24.4
2025/7/2,5:00,24.8
2025/7/2,6:00,25.4
2025/7/2,7:00,26
2025/7/2,8:00,26
2025/7/2,9:00,26.8
2025/7/2,10:00,27.7
2025/7/2,11:00,29.2
2025/7/2,12:00,28.8
2025/7/2,13:00,29.8
2025/7/2,14:00,27.9
2025/7/2,15:00,28.2
2025/7/2,16:00,30.1
2025/7/2,17:00,27.1
2025/7/2,18:00,26.6
2025/7/2,19:00,26.3
2025/7/2,20:00,26.3
2025/7/2,21:00,26.1
2025/7/2,22:00,26.4
2025/7/2,23:00,26.1
2025/7/3,0:00,26.1
2025/7/3,1:00,25.9
2025/7/3,2:00,25.7
2025/7/3,3:00,25.8
2025/7/3,4:00,25.3
2025/7/3,5:00,25.4
2025/7/3,6:00,27.1
2025/7/3,7:00,29
2025/7/3,8:00,29.7
2025/7/3,9:00,29.5
2025/7/3,10:00,29.9
2025/7/3,11:00,29.7
2025/7/3,12:00,29.9
2025/7/3,13:00,30.3
2025/7/3,14:00,30.5
2025/7/3,15:00,29.7
2025/7/3,16:00,29.3
2025/7/3,17:00,27.6
2025/7/3,18:00,25.1
2025/7/3,19:00,24.9
2025/7/3,20:00,24.5
2025/7/3,21:00,24.1
2025/7/3,22:00,23.9
2025/7/3,23:00,24.3
2025/7/4,0:00,24.6
2025/7/4,1:00,24.4
2025/7/4,2:00,24.4
2025/7/4,3:00,24.6
2025/7/4,4:00,24.5
2025/7/4,5:00,24.7
2025/7/4,6:00,25.4
2025/7/4,7:00,28
2025/7/4,8:00,26.6
2025/7/4,9:00,26.9
2025/7/4,10:00,29.3
2025/7/4,11:00,29.1
2025/7/4,12:00,29.5
2025/7/4,13:00,30
2025/7/4,14:00,30.1
2025/7/4,15:00,30.2
2025/7/4,16:00,29
2025/7/4,17:00,26.8
2025/7/4,18:00,25.8
2025/7/4,19:00,25.1
2025/7/4,20:00,24.8
2025/7/4,21:00,24.8
2025/7/4,22:00,25.3
2025/7/4,23:00,25.3
2025/7/5,0:00,25.3
2025/7/5,1:00,24.9
2025/7/5,2:00,24.8
2025/7/5,3:00,24.7
2025/7/5,4:00,24.5
2025/7/5,5:00,24.7
2025/7/5,6:00,25.4
2025/7/5,7:00,26.4
2025/7/5,8:00,26.8
2025/7/5,9:00,29.8
2025/7/5,10:00,28.2
2025/7/5,11:00,28.7
2025/7/5,12:00,28.4
2025/7/5,13:00,30.4
2025/7/5,14:00,29.5
2025/7/5,15:00,29.9
2025/7/5,16:00,29.7
2025/7/5,17:00,27.5
2025/7/5,18:00,27.5
2025/7/5,19:00,25.5
2025/7/5,20:00,26.1
2025/7/5,21:00,25.3
2025/7/5,22:00,25.4
2025/7/5,23:00,25.6
2025/7/6,0:00,25.4
2025/7/6,1:00,25.9
2025/7/6,2:00,25.6
2025/7/6,3:00,25.4
2025/7/6,4:00,25
2025/7/6,5:00,25
2025/7/6,6:00,27.1
2025/7/6,7:00,28.3
2025/7/6,8:00,29.1
2025/7/6,9:00,29.1
2025/7/6,10:00,29.7
2025/7/6,11:00,30.3
2025/7/6,12:00,31.2
2025/7/6,13:00,30.6
2025/7/6,14:00,30.9
2025/7/6,15:00,31
2025/7/6,16:00,30.6
2025/7/6,17:00,30.2
2025/7/6,18:00,28.8
2025/7/6,19:00,27.4
2025/7/6,20:00,27
2025/7/6,21:00,26.5
2025/7/6,22:00,26.7
2025/7/6,23:00,26.8
2025/7/7,0:00,26.7
2025/7/7,1:00,26.5
2025/7/7,2:00,26.6
2025/7/7,3:00,26.6
2025/7/7,4:00,26.3
2025/7/7,5:00,26.5
2025/7/7,6:00,27.5
2025/7/7,7:00,28
2025/7/7,8:00,28.2
2025/7/7,9:00,31.1
2025/7/7,10:00,31.3
2025/7/7,11:00,29.4
2025/7/7,12:00,29.6
2025/7/7,13:00,30
2025/7/7,14:00,31.4
2025/7/7,15:00,28.7
2025/7/7,16:00,28.1
2025/7/7,17:00,29.2
2025/7/7,18:00,26.9
2025/7/7,19:00,26.7
2025/7/7,20:00,26.3
2025/7/7,21:00,25.6
2025/7/7,22:00,25.5
2025/7/7,23:00,26
2025/7/8,0:00,26.3
2025/7/8,1:00,26.3
2025/7/8,2:00,26.1
2025/7/8,3:00,26.1
2025/7/8,4:00,26
2025/7/8,5:00,26.5
2025/7/8,6:00,27.3
2025/7/8,7:00,29.5
2025/7/8,8:00,30
2025/7/8,9:00,30.9
2025/7/8,10:00,29.8
2025/7/8,11:00,30
2025/7/8,12:00,30.5
2025/7/8,13:00,30.9
2025/7/8,14:00,30.4
2025/7/8,15:00,30.9
2025/7/8,16:00,30.1
2025/7/8,17:00,29
2025/7/8,18:00,27.3
2025/7/8,19:00,25.5
2025/7/8,20:00,25.6
2025/7/8,21:00,26.6
2025/7/8,22:00,26.4
2025/7/8,23:00,26.1
2025/7/9,0:00,26
2025/7/9,1:00,26.4
2025/7/9,2:00,26.2
2025/7/9,3:00,26
2025/7/9,4:00,26.4
2025/7/9,5:00,26.1
2025/7/9,6:00,28.4
2025/7/9,7:00,29.3
2025/7/9,8:00,29.8
2025/7/9,9:00,30.4
2025/7/9,10:00,29.5
2025/7/9,11:00,30.4
2025/7/9,12:00,30.5
2025/7/9,13:00,31.2
2025/7/9,14:00,30.7
2025/7/9,15:00,30.3
2025/7/9,16:00,29.5
2025/7/9,17:00,28.2
2025/7/9,18:00,26.6
2025/7/9,19:00,25.2
2025/7/9,20:00,25.7
2025/7/9,21:00,25.4
2025/7/9,22:00,25.4
2025/7/9,23:00,25.5
2025/7/10,0:00,25.8
2025/7/10,1:00,25.5
2025/7/10,2:00,25.3
2025/7/10,3:00,25.4
2025/7/10,4:00,25.1
2025/7/10,5:00,25.2
2025/7/10,6:00,27.2
2025/7/10,7:00,28.6
2025/7/10,8:00,29.4
2025/7/10,9:00,29.6
2025/7/10,10:00,30.4
2025/7/10,11:00,30
2025/7/10,12:00,30.3
2025/7/10,13:00,30.6
2025/7/10,14:00,28.8
2025/7/10,15:00,28.2
2025/7/10,16:00,27.1
2025/7/10,17:00,25.9
2025/7/10,18:00,23.8
2025/7/10,19:00,23.6
2025/7/10,20:00,23.5
2025/7/10,21:00,23
2025/7/10,22:00,22.6
2025/7/10,23:00,22.6
2025/7/11,0:00,22.2
2025/7/11,1:00,22.1
2025/7/11,2:00,22.2
2025/7/11,3:00,22
2025/7/11,4:00,22
2025/7/11,5:00,22.2
2025/7/11,6:00,22.1
2025/7/11,7:00,22.7
2025/7/11,8:00,22.6
2025/7/11,9:00,23.4
2025/7/11,10:00,23.3
2025/7/11,11:00,23.6
2025/7/11,12:00,24
2025/7/11,13:00,23.7
2025/7/11,14:00,23.6
2025/7/11,15:00,23.5
2025/7/11,16:00,22.9
2025/7/11,17:00,22.6
2025/7/11,18:00,22
2025/7/11,19:00,21.2
2025/7/11,20:00,20.2
2025/7/11,21:00,19.3
2025/7/11,22:00,19.2
2025/7/11,23:00,19.4
2025/7/12,0:00,19.8
2025/7/12,1:00,20.1
2025/7/12,2:00,19.4
2025/7/12,3:00,19.3
2025/7/12,4:00,19.2
2025/7/12,5:00,19.7
2025/7/12,6:00,19.9
2025/7/12,7:00,20.4
2025/7/12,8:00,20.6
2025/7/12,9:00,21.4
2025/7/12,10:00,22
2025/7/12,11:00,22.3
2025/7/12,12:00,22.9
2025/7/12,13:00,23.1
2025/7/12,14:00,23.3
2025/7/12,15:00,23
2025/7/12,16:00,22.8
2025/7/12,17:00,22.5
2025/7/12,18:00,21.8
2025/7/12,19:00,21.2
2025/7/12,20:00,21
2025/7/12,21:00,20.5
2025/7/12,22:00,20.4
2025/7/12,23:00,20.5
2025/7/13,0:00,20.4
2025/7/13,1:00,20.6
2025/7/13,2:00,20.6
2025/7/13,3:00,20.9
2025/7/13,4:00,20.9
2025/7/13,5:00,20.9
2025/7/13,6:00,21.6
2025/7/13,7:00,22.5
2025/7/13,8:00,24.5
2025/7/13,9:00,23.3
2025/7/13,10:00,26.3
2025/7/13,11:00,27.5
2025/7/13,12:00,27.2
2025/7/13,13:00,28.2
2025/7/13,14:00,28.6
2025/7/13,15:00,28.3
2025/7/13,16:00,27.9
2025/7/13,17:00,27.2
2025/7/13,18:00,26.1
2025/7/13,19:00,24.7
2025/7/13,20:00,24.7
2025/7/13,21:00,25
2025/7/13,22:00,25
2025/7/13,23:00,24.7
2025/7/14,0:00,25
2025/7/14,1:00,25
2025/7/14,2:00,24.9
2025/7/14,3:00,24.3
2025/7/14,4:00,24.2
2025/7/14,5:00,23.9
2025/7/14,6:00,24.3
2025/7/14,7:00,25
2025/7/14,8:00,26
2025/7/14,9:00,26.6
2025/7/14,10:00,26.2
2025/7/14,11:00,27.7
2025/7/14,12:00,26.9
2025/7/14,13:00,27.3
2025/7/14,14:00,27.1
2025/7/14,15:00,26.5
2025/7/14,16:00,28.6
2025/7/14,17:00,27.8
2025/7/14,18:00,25.6
2025/7/14,19:00,25.1
2025/7/14,20:00,25.1
2025/7/14,21:00,25.7
2025/7/14,22:00,25.4
2025/7/14,23:00,25.5
2025/7/15,0:00,25.4
2025/7/15,1:00,25.3
2025/7/15,2:00,25.6
2025/7/15,3:00,26.1
2025/7/15,4:00,26.5
2025/7/15,5:00,26.8
2025/7/15,6:00,27.1
2025/7/15,7:00,27.5
2025/7/15,8:00,28.2
2025/7/15,9:00,28.7
2025/7/15,10:00,29.2
2025/7/15,11:00,28.8
2025/7/15,12:00,28.4
2025/7/15,13:00,28.1
2025/7/15,14:00,27.6
2025/7/15,15:00,27.8
2025/7/15,16:00,27.7
2025/7/15,17:00,26.9
2025/7/15,18:00,26.4
2025/7/15,19:00,26.1
2025/7/15,20:00,25.8
2025/7/15,21:00,25.8
2025/7/15,22:00,26.1
2025/7/15,23:00,25.9
2025/7/16,0:00,25.7
2025/7/16,1:00,26
2025/7/16,2:00,25.7
2025/7/16,3:00,25.4
2025/7/16,4:00,25.7
2025/7/16,5:00,25.9
2025/7/16,6:00,26.5
2025/7/16,7:00,27
2025/7/16,8:00,26.6
2025/7/16,9:00,26.3
2025/7/16,10:00,28.4
2025/7/16,11:00,28.8
2025/7/16,12:00,28
2025/7/16,13:00,28.3
2025/7/16,14:00,30.2
2025/7/16,15:00,26.9
2025/7/16,16:00,27
2025/7/16,17:00,25.6
2025/7/16,18:00,24.8
2025/7/16,19:00,25
2025/7/16,20:00,24.9
2025/7/16,21:00,25.2
2025/7/16,22:00,25.3
2025/7/16,23:00,25.5
2025/7/17,0:00,25.7
2025/7/17,1:00,24.5
2025/7/17,2:00,24.4
2025/7/17,3:00,24.2
2025/7/17,4:00,24.2
2025/7/17,5:00,24.9
2025/7/17,6:00,25.4
2025/7/17,7:00,26.6
2025/7/17,8:00,27.2
2025/7/17,9:00,26.9
2025/7/17,10:00,28.5
2025/7/17,11:00,27.9
2025/7/17,12:00,28.6
2025/7/17,13:00,28.2
2025/7/17,14:00,27.8
2025/7/17,15:00,26.3
2025/7/17,16:00,27.6
2025/7/17,17:00,25.7
2025/7/17,18:00,24.6
2025/7/17,19:00,24.4
2025/7/17,20:00,24.5
2025/7/17,21:00,24.3
2025/7/17,22:00,24.6
2025/7/17,23:00,24.6
2025/7/18,0:00,24.6
2025/7/18,1:00,24.5
2025/7/18,2:00,24.6
2025/7/18,3:00,24.4
2025/7/18,4:00,24.3
2025/7/18,5:00,23.7
2025/7/18,6:00,24.6
2025/7/18,7:00,26.3
2025/7/18,8:00,28
2025/7/18,9:00,27.8
2025/7/18,10:00,29
2025/7/18,11:00,29
2025/7/18,12:00,29.1
2025/7/18,13:00,28.7
2025/7/18,14:00,28.6
2025/7/18,15:00,28.6
2025/7/18,16:00,27.8
2025/7/18,17:00,27.1
2025/7/18,18:00,25.2
2025/7/18,19:00,24
2025/7/18,20:00,23.3
2025/7/18,21:00,23.4
2025/7/18,22:00,23.7
2025/7/18,23:00,24.2
2025/7/19,0:00,24
2025/7/19,1:00,23.9
2025/7/19,2:00,23.4
2025/7/19,3:00,23.1
2025/7/19,4:00,23
2025/7/19,5:00,22.5
2025/7/19,6:00,25.1
2025/7/19,7:00,26.7
2025/7/19,8:00,27.7
2025/7/19,9:00,28.3
2025/7/19,10:00,28.4
2025/7/19,11:00,27.9
2025/7/19,12:00,28.3
2025/7/19,13:00,28.9
2025/7/19,14:00,27.1
2025/7/19,15:00,26.5
2025/7/19,16:00,28
2025/7/19,17:00,26
2025/7/19,18:00,26
2025/7/19,19:00,24.7
2025/7/19,20:00,24.5
2025/7/19,21:00,24.8
2025/7/19,22:00,25
2025/7/19,23:00,24.8
2025/7/20,0:00,24.7
2025/7/20,1:00,24.5
2025/7/20,2:00,24.1
2025/7/20,3:00,23.9
2025/7/20,4:00,23.4
2025/7/20,5:00,23.9
2025/7/20,6:00,26.3
2025/7/20,7:00,27.6
2025/7/20,8:00,28.8
2025/7/20,9:00,29.5
2025/7/20,10:00,28.8
2025/7/20,11:00,29.3
2025/7/20,12:00,29.6
2025/7/20,13:00,29.6
2025/7/20,14:00,30.4
2025/7/20,15:00,30.6
2025/7/20,16:00,29.5
2025/7/20,17:00,28.7
2025/7/20,18:00,27.2
2025/7/20,19:00,26
2025/7/20,20:00,25.6
2025/7/20,21:00,25.6
2025/7/20,22:00,25.6
2025/7/20,23:00,25.8
2025/7/21,0:00,25.7
2025/7/21,1:00,25.5
2025/7/21,2:00,25.5
2025/7/21,3:00,25
2025/7/21,4:00,25.1
2025/7/21,5:00,25.2
2025/7/21,6:00,27.6
2025/7/21,7:00,28.9
2025/7/21,8:00,29.5
2025/7/21,9:00,31
2025/7/21,10:00,30
2025/7/21,11:00,31.3
2025/7/21,12:00,30.4
2025/7/21,13:00,31.3
2025/7/21,14:00,31.7
2025/7/21,15:00,31.8
2025/7/21,16:00,30.5
2025/7/21,17:00,29.6
2025/7/21,18:00,27.7
2025/7/21,19:00,26.7
2025/7/21,20:00,26.6
2025/7/21,21:00,26.5
2025/7/21,22:00,26.3
2025/7/21,23:00,26.1
2025/7/22,0:00,26.2
2025/7/22,1:00,26
2025/7/22,2:00,25.8
2025/7/22,3:00,25.7
2025/7/22,4:00,25.6
2025/7/22,5:00,25.7
2025/7/22,6:00,28
2025/7/22,7:00,29.3
2025/7/22,8:00,30.3
2025/7/22,9:00,31.2
2025/7/22,10:00,31.7
2025/7/22,11:00,32.3
2025/7/22,12:00,31.6
2025/7/22,13:00,31.5
2025/7/22,14:00,31.7
2025/7/22,15:00,28.9
2025/7/22,16:00,27.8
2025/7/22,17:00,27.3
2025/7/22,18:00,26.6
2025/7/22,19:00,26
2025/7/22,20:00,26.2
2025/7/22,21:00,26
2025/7/22,22:00,26.4
2025/7/22,23:00,26.3
2025/7/23,0:00,26
2025/7/23,1:00,25.9
2025/7/23,2:00,25.7
2025/7/23,3:00,25.7
2025/7/23,4:00,25.3
2025/7/23,5:00,25.4
2025/7/23,6:00,27.4
2025/7/23,7:00,29
2025/7/23,8:00,30.3
2025/7/23,9:00,31
2025/7/23,10:00,31.1
2025/7/23,11:00,31.5
2025/7/23,12:00,31.8
2025/7/23,13:00,30.7
2025/7/23,14:00,31.7
2025/7/23,15:00,31.3
2025/7/23,16:00,30.5
2025/7/23,17:00,27.3
2025/7/23,18:00,26.7
2025/7/23,19:00,26.1
2025/7/23,20:00,25.9
2025/7/23,21:00,26.1
2025/7/23,22:00,26.1
2025/7/23,23:00,26.3
2025/7/24,0:00,25.9
2025/7/24,1:00,26
2025/7/24,2:00,25.8
2025/7/24,3:00,25.7
2025/7/24,4:00,25.6
2025/7/24,5:00,25.7
2025/7/24,6:00,27.7
2025/7/24,7:00,29.9
2025/7/24,8:00,29.8
2025/7/24,9:00,30.6
2025/7/24,10:00,30.8
2025/7/24,11:00,31
2025/7/24,12:00,31.5
2025/7/24,13:00,31.2
2025/7/24,14:00,31.7
2025/7/24,15:00,31.2
2025/7/24,16:00,28.1
2025/7/24,17:00,27.1
2025/7/24,18:00,26.6
2025/7/24,19:00,26.2
2025/7/24,20:00,26.3
2025/7/24,21:00,26.6
2025/7/24,22:00,26.5
2025/7/24,23:00,26.3
2025/7/25,0:00,26.2
2025/7/25,1:00,26.2
2025/7/25,2:00,25.8
2025/7/25,3:00,25.8
2025/7/25,4:00,25.8
2025/7/25,5:00,25.8
2025/7/25,6:00,28.5
2025/7/25,7:00,29.5
2025/7/25,8:00,30.3
2025/7/25,9:00,31.1
2025/7/25,10:00,29.9
2025/7/25,11:00,30.3
2025/7/25,12:00,30.5
2025/7/25,13:00,31.5
2025/7/25,14:00,31.4
2025/7/25,15:00,30.2
2025/7/25,16:00,27.4
2025/7/25,17:00,27.4
2025/7/25,18:00,26.9
2025/7/25,19:00,26.3
2025/7/25,20:00,26
2025/7/25,21:00,25.9
2025/7/25,22:00,25.7
2025/7/25,23:00,25.9
2025/7/26,0:00,26
2025/7/26,1:00,25.4
2025/7/26,2:00,25.5
2025/7/26,3:00,25.3
2025/7/26,4:00,25.3
2025/7/26,5:00,25.1
2025/7/26,6:00,27.6
2025/7/26,7:00,29
2025/7/26,8:00,29.9
2025/7/26,9:00,30.4
2025/7/26,10:00,30.1
2025/7/26,11:00,30.5
2025/7/26,12:00,30.8
2025/7/26,13:00,31.6
2025/7/26,14:00,31.6
2025/7/26,15:00,30.3
2025/7/26,16:00,30
2025/7/26,17:00,28.9
2025/7/26,18:00,27.3
2025/7/26,19:00,26
2025/7/26,20:00,25.9
2025/7/26,21:00,25.7
2025/7/26,22:00,25.6
2025/7/26,23:00,25.2
2025/7/27,0:00,25.1
2025/7/27,1:00,25.2
2025/7/27,2:00,25.3
2025/7/27,3:00,25.1
2025/7/27,4:00,24.5
2025/7/27,5:00,24.4
2025/7/27,6:00,26.1
2025/7/27,7:00,27.4
2025/7/27,8:00,28.1
2025/7/27,9:00,28.8
2025/7/27,10:00,29.8
2025/7/27,11:00,29.9
2025/7/27,12:00,29.6
2025/7/27,13:00,30
2025/7/27,14:00,30.6
2025/7/27,15:00,30.8
2025/7/27,16:00,27.9
2025/7/27,17:00,28.4
2025/7/27,18:00,27
2025/7/27,19:00,25.9
2025/7/27,20:00,25.8
2025/7/27,21:00,25.6
2025/7/27,22:00,25.4
2025/7/27,23:00,25.2
2025/7/28,0:00,25.1
2025/7/28,1:00,25.1
2025/7/28,2:00,24.7
2025/7/28,3:00,24.5
2025/7/28,4:00,24.7
2025/7/28,5:00,24.7
2025/7/28,6:00,27.1
2025/7/28,7:00,29
2025/7/28,8:00,29.8
2025/7/28,9:00,30.6
2025/7/28,10:00,30.5
2025/7/28,11:00,30.1
2025/7/28,12:00,30.3
2025/7/28,13:00,30.2
2025/7/28,14:00,31.5
2025/7/28,15:00,31
2025/7/28,16:00,30.6
2025/7/28,17:00,29
2025/7/28,18:00,27.1
2025/7/28,19:00,26.2
2025/7/28,20:00,25.5
2025/7/28,21:00,25.7
2025/7/28,22:00,25.4
2025/7/28,23:00,25.3
2025/7/29,0:00,25
2025/7/29,1:00,25.1
2025/7/29,2:00,25.2
2025/7/29,3:00,25.3
2025/7/29,4:00,25.2
2025/7/29,5:00,25.3
2025/7/29,6:00,27.4
2025/7/29,7:00,28.9
2025/7/29,8:00,29.7
2025/7/29,9:00,30.7
2025/7/29,10:00,31.5
2025/7/29,11:00,30.8
2025/7/29,12:00,30.6
2025/7/29,13:00,30.4
2025/7/29,14:00,31.2
2025/7/29,15:00,29.5
2025/7/29,16:00,30.3
2025/7/29,17:00,29
2025/7/29,18:00,26.6
2025/7/29,19:00,24.7
2025/7/29,20:00,24.8
2025/7/29,21:00,24.6
2025/7/29,22:00,24.7
2025/7/29,23:00,24.7
2025/7/30,0:00,24.7
2025/7/30,1:00,24.5
2025/7/30,2:00,24.9
2025/7/30,3:00,24.5
2025/7/30,4:00,24.4
2025/7/30,5:00,24.5
2025/7/30,6:00,26.2
2025/7/30,7:00,27.4
2025/7/30,8:00,28.3
2025/7/30,9:00,28
2025/7/30,10:00,28.7
2025/7/30,11:00,28.2
2025/7/30,12:00,28.3
2025/7/30,13:00,29.4
2025/7/30,14:00,29.5
2025/7/30,15:00,29.4
2025/7/30,16:00,28.2
2025/7/30,17:00,27.2
2025/7/30,18:00,25.9
2025/7/30,19:00,24.9
2025/7/30,20:00,24.8
2025/7/30,21:00,24.5
2025/7/30,22:00,24.2
2025/7/30,23:00,23.6
2025/7/31,0:00,23.9
2025/7/31,1:00,23.1
2025/7/31,2:00,23.2
2025/7/31,3:00,23.3
2025/7/31,4:00,23.1
2025/7/31,5:00,23.3
2025/7/31,6:00,24.9
2025/7/31,7:00,26.5
2025/7/31,8:00,27.8
2025/7/31,9:00,26.1
2025/7/31,10:00,27.3
2025/7/31,11:00,26.8
2025/7/31,12:00,28.3
2025/7/31,13:00,28.3
2025/7/31,14:00,28
2025/7/31,15:00,28
2025/7/31,16:00,27.5
2025/7/31,17:00,26.2
2025/7/31,18:00,24.5
2025/7/31,19:00,23.2
2025/7/31,20:00,22.6
2025/7/31,21:00,22.6
2025/7/31,22:00,22.7
2025/7/31,23:00,22.7
2025/8/1,0:00,22.5
2025/8/1,1:00,22.6
2025/8/1,2:00,22.4
2025/8/1,3:00,22.6
2025/8/1,4:00,22.8
2025/8/1,5:00,22.6
2025/8/1,6:00,22.9
2025/8/1,7:00,23.4
2025/8/1,8:00,24.2
2025/8/1,9:00,24.5
2025/8/1,10:00,24.9
2025/8/1,11:00,27.5
2025/8/1,12:00,26.6
2025/8/1,13:00,27.5
2025/8/1,14:00,27.2
2025/8/1,15:00,27.5
2025/8/1,16:00,27.3
2025/8/1,17:00,26.8
2025/8/1,18:00,26.4
2025/8/1,19:00,25.6
2025/8/1,20:00,25.8
2025/8/1,21:00,25.3
2025/8/1,22:00,25.1
2025/8/1,23:00,25.1
2025/8/2,0:00,25.4
2025/8/2,1:00,25.2
2025/8/2,2:00,25.1
2025/8/2,3:00,25
2025/8/2,4:00,25.4
2025/8/2,5:00,25.2
2025/8/2,6:00,25.7
2025/8/2,7:00,26.6
2025/8/2,8:00,27.5
2025/8/2,9:00,28
2025/8/2,10:00,31.4
2025/8/2,11:00,30.6
2025/8/2,12:00,31.3
2025/8/2,13:00,32
2025/8/2,14:00,31.8
2025/8/2,15:00,31.8
2025/8/2,16:00,31.1
2025/8/2,17:00,27
2025/8/2,18:00,26.3
2025/8/2,19:00,26.2
2025/8/2,20:00,26.7
2025/8/2,21:00,26.9
2025/8/2,22:00,27.1
2025/8/2,23:00,26.9
2025/8/3,0:00,26.8
2025/8/3,1:00,26.6
2025/8/3,2:00,26.5
2025/8/3,3:00,26.4
2025/8/3,4:00,26.4
2025/8/3,5:00,26.5
2025/8/3,6:00,28.1
2025/8/3,7:00,27.7
2025/8/3,8:00,28.2
2025/8/3,9:00,30.6
2025/8/3,10:00,30.4
2025/8/3,11:00,30.9
2025/8/3,12:00,30.5
2025/8/3,13:00,31
2025/8/3,14:00,31.7
2025/8/3,15:00,31.3
2025/8/3,16:00,31.2
2025/8/3,17:00,28.3
2025/8/3,18:00,27.7
2025/8/3,19:00,27.3
2025/8/3,20:00,27.3
2025/8/3,21:00,26.9
2025/8/3,22:00,27.5
2025/8/3,23:00,27.7
2025/8/4,0:00,27.6
2025/8/4,1:00,27.7
2025/8/4,2:00,27.3
2025/8/4,3:00,26.4
2025/8/4,4:00,26.2
2025/8/4,5:00,26.2
2025/8/4,6:00,27.3
2025/8/4,7:00,29.8
2025/8/4,8:00,28.9
2025/8/4,9:00,31.4
2025/8/4,10:00,31.3
2025/8/4,11:00,32
2025/8/4,12:00,32
2025/8/4,13:00,31.2
2025/8/4,14:00,31.6
2025/8/4,15:00,31.3
2025/8/4,16:00,30.3
2025/8/4,17:00,29.4
2025/8/4,18:00,27.4
2025/8/4,19:00,26.2
2025/8/4,20:00,26.1
2025/8/4,21:00,26.2
2025/8/4,22:00,25.8
2025/8/4,23:00,25.6
2025/8/5,0:00,25.5
2025/8/5,1:00,25.3
2025/8/5,2:00,25.8
2025/8/5,3:00,26.1
2025/8/5,4:00,25.8
2025/8/5,5:00,25.1
2025/8/5,6:00,26.5
2025/8/5,7:00,27.6
2025/8/5,8:00,29.7
2025/8/5,9:00,30.3
2025/8/5,10:00,30.4
2025/8/5,11:00,30.8
2025/8/5,12:00,31.4
2025/8/5,13:00,31.8
2025/8/5,14:00,33.5
2025/8/5,15:00,32.6
2025/8/5,16:00,32.4
2025/8/5,17:00,31.5
2025/8/5,18:00,29.9
2025/8/5,19:00,28.7
2025/8/5,20:00,28.3
2025/8/5,21:00,28.2
2025/8/5,22:00,28.3
2025/8/5,23:00,27.9
2025/8/6,0:00,27.9
2025/8/6,1:00,27.8
2025/8/6,2:00,27.2
2025/8/6,3:00,27.3
2025/8/6,4:00,27.2
2025/8/6,5:00,27.3
2025/8/6,6:00,29.4
2025/8/6,7:00,28.7
2025/8/6,8:00,30.9
2025/8/6,9:00,32.4
2025/8/6,10:00,32.4
2025/8/6,11:00,32.3
2025/8/6,12:00,32.2
2025/8/6,13:00,30.7
2025/8/6,14:00,30.8
2025/8/6,15:00,29.4
2025/8/6,16:00,28.8
2025/8/6,17:00,29.6
2025/8/6,18:00,27.2
2025/8/6,19:00,26.9
2025/8/6,20:00,25.9
2025/8/6,21:00,26
2025/8/6,22:00,26.1
2025/8/6,23:00,26.3
2025/8/7,0:00,26
2025/8/7,1:00,26.3
2025/8/7,2:00,26.3
2025/8/7,3:00,26.2
2025/8/7,4:00,26.2
2025/8/7,5:00,25.9
2025/8/7,6:00,26.4
2025/8/7,7:00,28.6
2025/8/7,8:00,29.9
2025/8/7,9:00,27.9
2025/8/7,10:00,24.7
2025/8/7,11:00,25.3
2025/8/7,12:00,25.9
2025/8/7,13:00,27.4
2025/8/7,14:00,28.6
2025/8/7,15:00,29.4
2025/8/7,16:00,30.1
2025/8/7,17:00,27.1
2025/8/7,18:00,27
2025/8/7,19:00,26.1
2025/8/7,20:00,26
2025/8/7,21:00,26.1
2025/8/7,22:00,25.9
2025/8/7,23:00,25.7
2025/8/8,0:00,25.6
2025/8/8,1:00,25.4
2025/8/8,2:00,25.3
2025/8/8,3:00,25.2
2025/8/8,4:00,24.7
2025/8/8,5:00,24.3
2025/8/8,6:00,26.3
2025/8/8,7:00,26.5
2025/8/8,8:00,26.9
2025/8/8,9:00,27.3
2025/8/8,10:00,27.9
2025/8/8,11:00,28.4
2025/8/8,12:00,27.2
2025/8/8,13:00,25.1
2025/8/8,14:00,23.7
2025/8/8,15:00,28.4
2025/8/8,16:00,27.9
2025/8/8,17:00,27.4
2025/8/8,18:00,25.4
2025/8/8,19:00,24.3
2025/8/8,20:00,22.8
2025/8/8,21:00,22.6
2025/8/8,22:00,22.7
2025/8/8,23:00,22.6
2025/8/9,0:00,22.4
2025/8/9,1:00,22.5
2025/8/9,2:00,22.9
2025/8/9,3:00,22.9
2025/8/9,4:00,22.8
2025/8/9,5:00,23
2025/8/9,6:00,23.1
2025/8/9,7:00,23.8
2025/8/9,8:00,24.3
2025/8/9,9:00,26.1
2025/8/9,10:00,26.9
2025/8/9,11:00,27
2025/8/9,12:00,27.7
2025/8/9,13:00,25.6
2025/8/9,14:00,28.3
2025/8/9,15:00,26.4
2025/8/9,16:00,25.8
2025/8/9,17:00,27
2025/8/9,18:00,26
2025/8/9,19:00,25.8
2025/8/9,20:00,24.5
2025/8/9,21:00,24.9
2025/8/9,22:00,24.8
2025/8/9,23:00,25
2025/8/10,0:00,25.2
2025/8/10,1:00,25.4
2025/8/10,2:00,25.6
2025/8/10,3:00,25.5
2025/8/10,4:00,25.4
2025/8/10,5:00,25.4
2025/8/10,6:00,26.2
2025/8/10,7:00,26.4
2025/8/10,8:00,27.2
2025/8/10,9:00,26.9
2025/8/10,10:00,27
2025/8/10,11:00,27.8
2025/8/10,12:00,28
2025/8/10,13:00,27.5
2025/8/10,14:00,27.7
2025/8/10,15:00,26.5
2025/8/10,16:00,26.8
2025/8/10,17:00,26.2
2025/8/10,18:00,25.5
2025/8/10,19:00,25.2
2025/8/10,20:00,24.8
2025/8/10,21:00,24.9
2025/8/10,22:00,25.4
2025/8/10,23:00,25.9
2025/8/11,0:00,25.9
2025/8/11,1:00,26
2025/8/11,2:00,25.9
2025/8/11,3:00,26
2025/8/11,4:00,26.1
2025/8/11,5:00,26
2025/8/11,6:00,26.3
2025/8/11,7:00,26.3
2025/8/11,8:00,27
2025/8/11,9:00,26.7
2025/8/11,10:00,27.5
2025/8/11,11:00,29.8
2025/8/11,12:00,30.6
2025/8/11,13:00,27.7
2025/8/11,14:00,27.9
2025/8/11,15:00,27.4
2025/8/11,16:00,26.9
2025/8/11,17:00,26.1
2025/8/11,18:00,26.3
2025/8/11,19:00,26.3
2025/8/11,20:00,26.2
2025/8/11,21:00,26.2
2025/8/11,22:00,26.2
2025/8/11,23:00,26
2025/8/12,0:00,26
2025/8/12,1:00,25.9
2025/8/12,2:00,26.1
2025/8/12,3:00,25.7
2025/8/12,4:00,25.8
2025/8/12,5:00,25.8
2025/8/12,6:00,26.1
2025/8/12,7:00,26.6
2025/8/12,8:00,27.8
2025/8/12,9:00,28.5
2025/8/12,10:00,28.9
2025/8/12,11:00,28.6
2025/8/12,12:00,28.9
2025/8/12,13:00,29.1
2025/8/12,14:00,29.1
2025/8/12,15:00,28.9
2025/8/12,16:00,28.6
2025/8/12,17:00,28
2025/8/12,18:00,27.3
2025/8/12,19:00,26.9
2025/8/12,20:00,26.1
2025/8/12,21:00,25.9
2025/8/12,22:00,25.7
2025/8/12,23:00,25.5
2025/8/13,0:00,25.4
2025/8/13,1:00,25.3
2025/8/13,2:00,25.3
2025/8/13,3:00,25.2
2025/8/13,4:00,25.2
2025/8/13,5:00,25.2
2025/8/13,6:00,25.5
2025/8/13,7:00,26.3
2025/8/13,8:00,27.5
2025/8/13,9:00,29
2025/8/13,10:00,28.8
2025/8/13,11:00,27
2025/8/13,12:00,26.6
2025/8/13,13:00,29.3
2025/8/13,14:00,28.1
2025/8/13,15:00,28.6
2025/8/13,16:00,26
2025/8/13,17:00,27
2025/8/13,18:00,24.8
2025/8/13,19:00,24
2025/8/13,20:00,23.9
2025/8/13,21:00,23.2
2025/8/13,22:00,23.5
2025/8/13,23:00,23.7
2025/8/14,0:00,23.5
2025/8/14,1:00,23.6
2025/8/14,2:00,23.5
2025/8/14,3:00,23
2025/8/14,4:00,23.7
2025/8/14,5:00,23.6
2025/8/14,6:00,23.9
2025/8/14,7:00,24
2025/8/14,8:00,24.6
2025/8/14,9:00,26.3
2025/8/14,10:00,25.5
2025/8/14,11:00,27.8
2025/8/14,12:00,27.8
2025/8/14,13:00,28.1
2025/8/14,14:00,28.1
2025/8/14,15:00,28.2
2025/8/14,16:00,28.9
2025/8/14,17:00,27
2025/8/14,18:00,25.2
2025/8/14,19:00,24.7
2025/8/14,20:00,24.1
2025/8/14,21:00,23.8
2025/8/14,22:00,23.5
2025/8/14,23:00,23.2
2025/8/15,0:00,23.8
2025/8/15,1:00,23.9
2025/8/15,2:00,24
2025/8/15,3:00,23.8
2025/8/15,4:00,23.9
2025/8/15,5:00,23.7
2025/8/15,6:00,25.4
2025/8/15,7:00,27.1
2025/8/15,8:00,28.3
2025/8/15,9:00,29
2025/8/15,10:00,30.2
2025/8/15,11:00,29.8
2025/8/15,12:00,30.9
2025/8/15,13:00,30.9
2025/8/15,14:00,30.5
2025/8/15,15:00,29
2025/8/15,16:00,27.7
2025/8/15,17:00,27.7
2025/8/15,18:00,25.4
2025/8/15,19:00,25.3
2025/8/15,20:00,25.2
2025/8/15,21:00,25.4
2025/8/15,22:00,25.6
2025/8/15,23:00,25.8
2025/8/16,0:00,25.7
2025/8/16,1:00,25.7
2025/8/16,2:00,25.5
2025/8/16,3:00,25.6
2025/8/16,4:00,25.6
2025/8/16,5:00,25.5
2025/8/16,6:00,26.1
2025/8/16,7:00,27.1
2025/8/16,8:00,27.4
2025/8/16,9:00,30.5
2025/8/16,10:00,31
2025/8/16,11:00,30.1
2025/8/16,12:00,28.3
2025/8/16,13:00,29.1
2025/8/16,14:00,28.4
2025/8/16,15:00,30.2
2025/8/16,16:00,30.1
2025/8/16,17:00,27.3
2025/8/16,18:00,26.3
2025/8/16,19:00,26.1
2025/8/16,20:00,26.2
2025/8/16,21:00,26.3
2025/8/16,22:00,26
2025/8/16,23:00,26
2025/8/17,0:00,25.8
2025/8/17,1:00,25.7
2025/8/17,2:00,25.9
2025/8/17,3:00,25.7
2025/8/17,4:00,25.6
2025/8/17,5:00,25.8
2025/8/17,6:00,26.6
2025/8/17,7:00,29.4
2025/8/17,8:00,28
2025/8/17,9:00,28.1
2025/8/17,10:00,30.7
2025/8/17,11:00,30.7
2025/8/17,12:00,31.9
2025/8/17,13:00,31.6
2025/8/17,14:00,31.3
2025/8/17,15:00,31
2025/8/17,16:00,31.1
2025/8/17,17:00,29.4
2025/8/17,18:00,27.6
2025/8/17,19:00,27
2025/8/17,20:00,26.9
2025/8/17,21:00,26.8
2025/8/17,22:00,27
2025/8/17,23:00,26.8
2025/8/18,0:00,26.7
2025/8/18,1:00,26.2
2025/8/18,2:00,25.5
2025/8/18,3:00,25.8
2025/8/18,4:00,24.2
2025/8/18,5:00,23.8
2025/8/18,6:00,25.6
2025/8/18,7:00,27.6
2025/8/18,8:00,28.9
2025/8/18,9:00,29.2
2025/8/18,10:00,29.4
2025/8/18,11:00,30
2025/8/18,12:00,30.8
2025/8/18,13:00,31.1
2025/8/18,14:00,31.1
2025/8/18,15:00,31.9
2025/8/18,16:00,27.7
2025/8/18,17:00,25.1
2025/8/18,18:00,25.2
2025/8/18,19:00,25.7
2025/8/18,20:00,25.9
2025/8/18,21:00,25.8
2025/8/18,22:00,26.1
2025/8/18,23:00,25.6
2025/8/19,0:00,25.5
2025/8/19,1:00,25.3
2025/8/19,2:00,25.1
2025/8/19,3:00,25
2025/8/19,4:00,24.8
2025/8/19,5:00,24.4
2025/8/19,6:00,26.6
2025/8/19,7:00,28.2
2025/8/19,8:00,29.1
2025/8/19,9:00,29.7
2025/8/19,10:00,30.9
2025/8/19,11:00,30.5
2025/8/19,12:00,30.4
2025/8/19,13:00,30.2
2025/8/19,14:00,30.3
2025/8/19,15:00,31.5
2025/8/19,16:00,30.7
2025/8/19,17:00,28.7
2025/8/19,18:00,26.9
2025/8/19,19:00,26.1
2025/8/19,20:00,25.8
2025/8/19,21:00,25.7
2025/8/19,22:00,25.8
2025/8/19,23:00,26.7
2025/8/20,0:00,26.9
2025/8/20,1:00,26
2025/8/20,2:00,25.4
2025/8/20,3:00,25.2
2025/8/20,4:00,25.3
2025/8/20,5:00,25.3
2025/8/20,6:00,26.9
2025/8/20,7:00,27
2025/8/20,8:00,29
2025/8/20,9:00,30.5
2025/8/20,10:00,30.6
2025/8/20,11:00,31
2025/8/20,12:00,32.2
2025/8/20,13:00,31.1
2025/8/20,14:00,29.2
2025/8/20,15:00,28.2
2025/8/20,16:00,27.6
2025/8/20,17:00,28.6
2025/8/20,18:00,25.5
2025/8/20,19:00,25.5
2025/8/20,20:00,24.9
2025/8/20,21:00,25.1
2025/8/20,22:00,25
2025/8/20,23:00,25.2
2025/8/21,0:00,25.7
2025/8/21,1:00,24.8
2025/8/21,2:00,24.9
2025/8/21,3:00,25.1
2025/8/21,4:00,24.9
2025/8/21,5:00,24.4
2025/8/21,6:00,26.5
2025/8/21,7:00,28.1
2025/8/21,8:00,29.4
2025/8/21,9:00,29.3
2025/8/21,10:00,29.4
2025/8/21,11:00,29.5
2025/8/21,12:00,30.6
2025/8/21,13:00,30.6
2025/8/21,14:00,30.3
2025/8/21,15:00,29.3
2025/8/21,16:00,29.4
2025/8/21,17:00,27.7
2025/8/21,18:00,25.4
2025/8/21,19:00,25.1
2025/8/21,20:00,25.1
2025/8/21,21:00,25.6
2025/8/21,22:00,25.2
2025/8/21,23:00,25.9
2025/8/22,0:00,25.8
2025/8/22,1:00,25.5
2025/8/22,2:00,25.1
2025/8/22,3:00,24.7
2025/8/22,4:00,24.4
2025/8/22,5:00,24.4
2025/8/22,6:00,25.3
2025/8/22,7:00,27.7
2025/8/22,8:00,28.8
2025/8/22,9:00,27
2025/8/22,10:00,29.4
2025/8/22,11:00,27.8
2025/8/22,12:00,29.8
2025/8/22,13:00,30.4
2025/8/22,14:00,30.6
2025/8/22,15:00,30.5
2025/8/22,16:00,30.1
2025/8/22,17:00,27.8
2025/8/22,18:00,27
2025/8/22,19:00,26.7
2025/8/22,20:00,26.3
2025/8/22,21:00,26.2
2025/8/22,22:00,26.3
2025/8/22,23:00,26.6
2025/8/23,0:00,26.7
2025/8/23,1:00,26.7
2025/8/23,2:00,26.4
2025/8/23,3:00,26.2
2025/8/23,4:00,26.2
2025/8/23,5:00,26.2
2025/8/23,6:00,26.9
2025/8/23,7:00,29.7
2025/8/23,8:00,30.9
2025/8/23,9:00,31.9
2025/8/23,10:00,31.4
2025/8/23,11:00,30.9
2025/8/23,12:00,31.6
2025/8/23,13:00,31.7
2025/8/23,14:00,32.2
2025/8/23,15:00,31.3
2025/8/23,16:00,30.2
2025/8/23,17:00,28.9
2025/8/23,18:00,27.4
2025/8/23,19:00,26.7
2025/8/23,20:00,26.7
2025/8/23,21:00,27.2
2025/8/23,22:00,28.1
2025/8/23,23:00,27
2025/8/24,0:00,26.5
2025/8/24,1:00,26.6
2025/8/24,2:00,26.6
2025/8/24,3:00,26.6
2025/8/24,4:00,26.2
2025/8/24,5:00,26.2
2025/8/24,6:00,27
2025/8/24,7:00,29.8
2025/8/24,8:00,31
2025/8/24,9:00,31.5
2025/8/24,10:00,32.5
2025/8/24,11:00,31.8
2025/8/24,12:00,33.2
2025/8/24,13:00,32
2025/8/24,14:00,31.6
2025/8/24,15:00,31.2
2025/8/24,16:00,31.3
2025/8/24,17:00,29.8
2025/8/24,18:00,27.2
2025/8/24,19:00,26.8
2025/8/24,20:00,26.6
2025/8/24,21:00,27
2025/8/24,22:00,26.7
2025/8/24,23:00,25.4
2025/8/25,0:00,25.7
2025/8/25,1:00,26.1
2025/8/25,2:00,25.6
2025/8/25,3:00,25.7
2025/8/25,4:00,25.5
2025/8/25,5:00,25.7
2025/8/25,6:00,26.2
2025/8/25,7:00,27
2025/8/25,8:00,27.3
2025/8/25,9:00,30.1
2025/8/25,10:00,27.7
2025/8/25,11:00,30.9
2025/8/25,12:00,30.2
2025/8/25,13:00,30.4
2025/8/25,14:00,30.2
2025/8/25,15:00,30.5
2025/8/25,16:00,30
2025/8/25,17:00,28.7
2025/8/25,18:00,26.9
2025/8/25,19:00,26.5
2025/8/25,20:00,26.3
2025/8/25,21:00,26.9
2025/8/25,22:00,26.8
2025/8/25,23:00,26.8
2025/8/26,0:00,26.8
2025/8/26,1:00,26.9
2025/8/26,2:00,26.7
2025/8/26,3:00,26.7
2025/8/26,4:00,26.6
2025/8/26,5:00,26.5
2025/8/26,6:00,28
2025/8/26,7:00,27.8
2025/8/26,8:00,30.2
2025/8/26,9:00,31.1
2025/8/26,10:00,30.7
2025/8/26,11:00,31.1
2025/8/26,12:00,31.4
2025/8/26,13:00,31.1
2025/8/26,14:00,31.3
2025/8/26,15:00,31.1
2025/8/26,16:00,29.7
2025/8/26,17:00,28.2
2025/8/26,18:00,26.7
2025/8/26,19:00,26
2025/8/26,20:00,25.6
2025/8/26,21:00,25.3
2025/8/26,22:00,25.5
2025/8/26,23:00,25.6
2025/8/27,0:00,25.3
2025/8/27,1:00,25
2025/8/27,2:00,25.4
2025/8/27,3:00,25.6
2025/8/27,4:00,25.8
2025/8/27,5:00,25.7
2025/8/27,6:00,27.4
2025/8/27,7:00,29.1
2025/8/27,8:00,29.2
2025/8/27,9:00,29.5
2025/8/27,10:00,30
2025/8/27,11:00,30.1
2025/8/27,12:00,31.4
2025/8/27,13:00,31
2025/8/27,14:00,31.3
2025/8/27,15:00,30.6
2025/8/27,16:00,29.9
2025/8/27,17:00,27.4
2025/8/27,18:00,26.9
2025/8/27,19:00,25.1
2025/8/27,20:00,26
2025/8/27,21:00,25.6
2025/8/27,22:00,25.7
2025/8/27,23:00,25.4
2025/8/28,0:00,25.4
2025/8/28,1:00,25.3
2025/8/28,2:00,25.3
2025/8/28,3:00,25.5
2025/8/28,4:00,25.2
2025/8/28,5:00,24.9
2025/8/28,6:00,26.5
2025/8/28,7:00,25.8
2025/8/28,8:00,25.6
2025/8/28,9:00,26.6
2025/8/28,10:00,26
2025/8/28,11:00,26
2025/8/28,12:00,26.9
2025/8/28,13:00,26.2
2025/8/28,14:00,28.4
2025/8/28,15:00,25.8
2025/8/28,16:00,24.5
2025/8/28,17:00,23.8
2025/8/28,18:00,23
2025/8/28,19:00,22.8
2025/8/28,20:00,22.5
2025/8/28,21:00,22.1
2025/8/28,22:00,22.6
2025/8/28,23:00,22.3
2025/8/29,0:00,23.1
2025/8/29,1:00,23.8
2025/8/29,2:00,23.9
2025/8/29,3:00,23.7
2025/8/29,4:00,23.7
2025/8/29,5:00,23.2
2025/8/29,6:00,23.3
2025/8/29,7:00,26.2
2025/8/29,8:00,27.6
2025/8/29,9:00,28.2
2025/8/29,10:00,28.7
2025/8/29,11:00,28.9
2025/8/29,12:00,30
2025/8/29,13:00,30.1
2025/8/29,14:00,30
2025/8/29,15:00,29.7
2025/8/29,16:00,29.3
2025/8/29,17:00,27.7
2025/8/29,18:00,25.9
2025/8/29,19:00,26
2025/8/29,20:00,26.3
2025/8/29,21:00,26.3
2025/8/29,22:00,26
2025/8/29,23:00,26
2025/8/30,0:00,26
2025/8/30,1:00,25.8
2025/8/30,2:00,25.3
2025/8/30,3:00,25.4
2025/8/30,4:00,25.1
2025/8/30,5:00,25.1
2025/8/30,6:00,26.4
2025/8/30,7:00,28.8
2025/8/30,8:00,29.6
2025/8/30,9:00,29.8
2025/8/30,10:00,30
2025/8/30,11:00,31
2025/8/30,12:00,29.4
2025/8/30,13:00,30
2025/8/30,14:00,29.3
2025/8/30,15:00,29
2025/8/30,16:00,28.6
2025/8/30,17:00,28.5
2025/8/30,18:00,26.5
2025/8/30,19:00,25.6
2025/8/30,20:00,25.4
2025/8/30,21:00,25.5
2025/8/30,22:00,25.1
2025/8/30,23:00,24.7
2025/8/31,0:00,24.8
2025/8/31,1:00,25.3
2025/8/31,2:00,25.8
2025/8/31,3:00,25.6
2025/8/31,4:00,25.5
2025/8/31,5:00,25.6
2025/8/31,6:00,26.4
2025/8/31,7:00,27.8
2025/8/31,8:00,30.6
2025/8/31,9:00,31.2
2025/8/31,10:00,30.5
2025/8/31,11:00,31.3
2025/8/31,12:00,30.3
2025/8/31,13:00,29.5
2025/8/31,14:00,29.9
2025/8/31,15:00,29.8
2025/8/31,16:00,29.7
2025/8/31,17:00,27.7
2025/8/31,18:00,25.9
2025/8/31,19:00,26
2025/8/31,20:00,26.2
2025/8/31,21:00,26.8
2025/8/31,22:00,26.4
2025/8/31,23:00,26.7
2025/9/1,0:00,26.3
2025/9/1,1:00,26.5
2025/9/1,2:00,26.7
2025/9/1,3:00,26.3
2025/9/1,4:00,26.4
2025/9/1,5:00,26.3
2025/9/1,6:00,26.9
2025/9/1,7:00,27.2
2025/9/1,8:00,29.7
2025/9/1,9:00,28.2
2025/9/1,10:00,30.9
2025/9/1,11:00,30.4
2025/9/1,12:00,31.4
2025/9/1,13:00,30.6
2025/9/1,14:00,31.4
2025/9/1,15:00,30.9
2025/9/1,16:00,29.2
2025/9/1,17:00,28.1
2025/9/1,18:00,26.4
2025/9/1,19:00,26.4
2025/9/1,20:00,26.3
2025/9/1,21:00,26.1
2025/9/1,22:00,25.9
2025/9/1,23:00,25.8
2025/9/2,0:00,25.7
2025/9/2,1:00,25.9
2025/9/2,2:00,26.1
2025/9/2,3:00,26.2
2025/9/2,4:00,25.8
2025/9/2,5:00,25.9
2025/9/2,6:00,27.6
2025/9/2,7:00,29.6
2025/9/2,8:00,30.4
2025/9/2,9:00,29.9
2025/9/2,10:00,30.9
2025/9/2,11:00,31
2025/9/2,12:00,30.8
2025/9/2,13:00,30.5
2025/9/2,14:00,29.9
2025/9/2,15:00,30.5
2025/9/2,16:00,29.9
2025/9/2,17:00,28.2
2025/9/2,18:00,26.5
2025/9/2,19:00,26.1
2025/9/2,20:00,25.4
2025/9/2,21:00,25.7
2025/9/2,22:00,25.7
2025/9/2,23:00,23.7
2025/9/3,0:00,23.4
2025/9/3,1:00,23.8
2025/9/3,2:00,23.9
2025/9/3,3:00,23.9
2025/9/3,4:00,24.1
2025/9/3,5:00,24
2025/9/3,6:00,25.5
2025/9/3,7:00,27.3
2025/9/3,8:00,28.4
2025/9/3,9:00,29.1
2025/9/3,10:00,29.3
2025/9/3,11:00,30.4
2025/9/3,12:00,30.6
2025/9/3,13:00,29
2025/9/3,14:00,27.9
2025/9/3,15:00,28.5
2025/9/3,16:00,27.5
2025/9/3,17:00,26.9
2025/9/3,18:00,26.7
2025/9/3,19:00,24.2
2025/9/3,20:00,24.8
2025/9/3,21:00,24.1
2025/9/3,22:00,24.8
2025/9/3,23:00,25.2
2025/9/4,0:00,25.1
2025/9/4,1:00,25.1
2025/9/4,2:00,25.1
2025/9/4,3:00,25
2025/9/4,4:00,25
2025/9/4,5:00,24.7
2025/9/4,6:00,24.8
2025/9/4,7:00,25.5
2025/9/4,8:00,26.1
2025/9/4,9:00,26.4
2025/9/4,10:00,25.7
2025/9/4,11:00,25.9
2025/9/4,12:00,26.8
2025/9/4,13:00,26.5
2025/9/4,14:00,26.9
2025/9/4,15:00,26.6
2025/9/4,16:00,26.2
2025/9/4,17:00,25.9
2025/9/4,18:00,25.6
2025/9/4,19:00,24.8
2025/9/4,20:00,24.8
2025/9/4,21:00,24.8
2025/9/4,22:00,24.8
2025/9/4,23:00,24.9
2025/9/5,0:00,25
2025/9/5,1:00,25
2025/9/5,2:00,25.2
2025/9/5,3:00,24.9
2025/9/5,4:00,24.7
2025/9/5,5:00,24.7
2025/9/5,6:00,25.1
2025/9/5,7:00,25.6
2025/9/5,8:00,25.7
2025/9/5,9:00,26.5
2025/9/5,10:00,26.3
2025/9/5,11:00,26.7
2025/9/5,12:00,26.7
2025/9/5,13:00,25.6
2025/9/5,14:00,25.6
2025/9/5,15:00,25.1
2025/9/5,16:00,24.5
2025/9/5,17:00,23.8
2025/9/5,18:00,24.3
2025/9/5,19:00,24.4
2025/9/5,20:00,24.2
2025/9/5,21:00,24
2025/9/5,22:00,24.1
2025/9/5,23:00,23.8
2025/9/6,0:00,23.3
2025/9/6,1:00,23.5
2025/9/6,2:00,23.1
2025/9/6,3:00,22.3
2025/9/6,4:00,22
2025/9/6,5:00,22
2025/9/6,6:00,23
2025/9/6,7:00,26
2025/9/6,8:00,26.4
2025/9/6,9:00,26.8
2025/9/6,10:00,26.8
2025/9/6,11:00,26.2
2025/9/6,12:00,25.7
2025/9/6,13:00,26
2025/9/6,14:00,26.7
2025/9/6,15:00,28.1
2025/9/6,16:00,27.1
2025/9/6,17:00,26
2025/9/6,18:00,23.9
2025/9/6,19:00,23.6
2025/9/6,20:00,22.6
2025/9/6,21:00,22.6
2025/9/6,22:00,23.2
2025/9/6,23:00,23.2
2025/9/7,0:00,23.1
2025/9/7,1:00,23.4
2025/9/7,2:00,23.7
2025/9/7,3:00,22.9
2025/9/7,4:00,22.4
2025/9/7,5:00,22.3
2025/9/7,6:00,24
2025/9/7,7:00,25.4
2025/9/7,8:00,26.5
2025/9/7,9:00,27.1
2025/9/7,10:00,27.5
2025/9/7,11:00,27.7
2025/9/7,12:00,28.9
2025/9/7,13:00,28.7
2025/9/7,14:00,29.1
2025/9/7,15:00,29.1
2025/9/7,16:00,28.1
2025/9/7,17:00,27.1
2025/9/7,18:00,25.3
2025/9/7,19:00,25.1
2025/9/7,20:00,25.1
2025/9/7,21:00,25
2025/9/7,22:00,25
2025/9/7,23:00,25.3
2025/9/8,0:00,25.4
2025/9/8,1:00,25
2025/9/8,2:00,24.9
2025/9/8,3:00,24.8
2025/9/8,4:00,24.4
2025/9/8,5:00,23.8
2025/9/8,6:00,25.4
2025/9/8,7:00,27.5
2025/9/8,8:00,28.8
2025/9/8,9:00,28.2
2025/9/8,10:00,29.5
2025/9/8,11:00,30.2
2025/9/8,12:00,30.2
2025/9/8,13:00,30.7
2025/9/8,14:00,30.2
2025/9/8,15:00,28.5
2025/9/8,16:00,29.8
2025/9/8,17:00,28.8
2025/9/8,18:00,27.4
2025/9/8,19:00,25.7
2025/9/8,20:00,26.4
2025/9/8,21:00,26.8
2025/9/8,22:00,26.9
2025/9/8,23:00,26.5
2025/9/9,0:00,26.5
2025/9/9,1:00,26.7
2025/9/9,2:00,26.3
2025/9/9,3:00,25.9
2025/9/9,4:00,25.8
2025/9/9,5:00,25.5
2025/9/9,6:00,25.9
2025/9/9,7:00,28.1
2025/9/9,8:00,27.5
2025/9/9,9:00,30.2
2025/9/9,10:00,30.3
2025/9/9,11:00,29.9
2025/9/9,12:00,31
2025/9/9,13:00,30.2
2025/9/9,14:00,29.2
2025/9/9,15:00,28.6
2025/9/9,16:00,29.9
2025/9/9,17:00,28.4
2025/9/9,18:00,26.4
2025/9/9,19:00,26
2025/9/9,20:00,25.9
2025/9/9,21:00,25.9
2025/9/9,22:00,25.8
2025/9/9,23:00,27.4
2025/9/10,0:00,27.3
2025/9/10,1:00,26.6
2025/9/10,2:00,26.5
2025/9/10,3:00,26.3
2025/9/10,4:00,26.2
2025/9/10,5:00,25.9
2025/9/10,6:00,26.6
2025/9/10,7:00,28.4
2025/9/10,8:00,27.7
2025/9/10,9:00,30.1
2025/9/10,10:00,28.5
2025/9/10,11:00,29.3
2025/9/10,12:00,29.5
2025/9/10,13:00,28.4
2025/9/10,14:00,30.3
2025/9/10,15:00,27.8
2025/9/10,16:00,27.5
2025/9/10,17:00,26.9
2025/9/10,18:00,26.5
2025/9/10,19:00,26.4
2025/9/10,20:00,26.9
2025/9/10,21:00,27.1
2025/9/10,22:00,26.7
2025/9/10,23:00,26.4
2025/9/11,0:00,25.9
2025/9/11,1:00,25.7
2025/9/11,2:00,25.9
2025/9/11,3:00,25.5
2025/9/11,4:00,25.5
2025/9/11,5:00,25.6
2025/9/11,6:00,25.8
2025/9/11,7:00,26
2025/9/11,8:00,28.7
2025/9/11,9:00,28.1
2025/9/11,10:00,29.7
2025/9/11,11:00,29.6
2025/9/11,12:00,29.6
2025/9/11,13:00,28.1
2025/9/11,14:00,27.5
2025/9/11,15:00,24.8
2025/9/11,16:00,25.8
2025/9/11,17:00,25.6
2025/9/11,18:00,25
2025/9/11,19:00,24.9
2025/9/11,20:00,24.5
2025/9/11,21:00,24.3
2025/9/11,22:00,23.6
2025/9/11,23:00,23.3
2025/9/12,0:00,23.5
2025/9/12,1:00,23.6
2025/9/12,2:00,23.1
2025/9/12,3:00,22.8
2025/9/12,4:00,23.1
2025/9/12,5:00,23.1
2025/9/12,6:00,23.6
2025/9/12,7:00,25.1
2025/9/12,8:00,24.5
2025/9/12,9:00,24.5
2025/9/12,10:00,24.9
2025/9/12,11:00,25.1
2025/9/12,12:00,25.5
2025/9/12,13:00,26.1
2025/9/12,14:00,25.8
2025/9/12,15:00,25.5
2025/9/12,16:00,25
2025/9/12,17:00,24.7
2025/9/12,18:00,24
2025/9/12,19:00,24
2025/9/12,20:00,23.8
2025/9/12,21:00,23.9
2025/9/12,22:00,23.7
2025/9/12,23:00,23.8
2025/9/13,0:00,23.8
2025/9/13,1:00,23.4
2025/9/13,2:00,23.4
2025/9/13,3:00,23.1
2025/9/13,4:00,23.1
2025/9/13,5:00,23.2
2025/9/13,6:00,23.6
2025/9/13,7:00,24.4
2025/9/13,8:00,25.1
2025/9/13,9:00,26
2025/9/13,10:00,26.6
2025/9/13,11:00,26.4
2025/9/13,12:00,27.8
2025/9/13,13:00,27.4
2025/9/13,14:00,27
2025/9/13,15:00,26.7
2025/9/13,16:00,26.5
2025/9/13,17:00,25.4
2025/9/13,18:00,25
2025/9/13,19:00,24.9
2025/9/13,20:00,24.5
2025/9/13,21:00,24.2
2025/9/13,22:00,24
2025/9/13,23:00,23.9
2025/9/14,0:00,24.5
2025/9/14,1:00,23.9
2025/9/14,2:00,23.7
2025/9/14,3:00,23.7
2025/9/14,4:00,23.7
2025/9/14,5:00,23.6
2025/9/14,6:00,24
2025/9/14,7:00,24.7
2025/9/14,8:00,25.7
2025/9/14,9:00,26.1
2025/9/14,10:00,28.7
2025/9/14,11:00,27.4
2025/9/14,12:00,29.1
2025/9/14,13:00,27.6
2025/9/14,14:00,27.7
2025/9/14,15:00,27.3
2025/9/14,16:00,27
2025/9/14,17:00,27.2
2025/9/14,18:00,26.2
2025/9/14,19:00,25.8
2025/9/14,20:00,26.1
2025/9/14,21:00,26.3
2025/9/14,22:00,26
2025/9/14,23:00,24.8
2025/9/15,0:00,25
2025/9/15,1:00,24.9
2025/9/15,2:00,23.9
2025/9/15,3:00,23.4
2025/9/15,4:00,23.7
2025/9/15,5:00,23.5
2025/9/15,6:00,23.9
2025/9/15,7:00,25.7
2025/9/15,8:00,24.7
2025/9/15,9:00,25
2025/9/15,10:00,25.2
2025/9/15,11:00,25.2
2025/9/15,12:00,26.2
2025/9/15,13:00,28.4
2025/9/15,14:00,26.2
2025/9/15,15:00,26.1
2025/9/15,16:00,25.9
2025/9/15,17:00,25.9
2025/9/15,18:00,25.6
2025/9/15,19:00,25.7
2025/9/15,20:00,25.8
2025/9/15,21:00,26.3
2025/9/15,22:00,26.1
2025/9/15,23:00,25.8
2025/9/16,0:00,26.3
2025/9/16,1:00,25.7
2025/9/16,2:00,25.1
2025/9/16,3:00,24.9
2025/9/16,4:00,24.8
2025/9/16,5:00,24.7
2025/9/16,6:00,25
2025/9/16,7:00,26.2
2025/9/16,8:00,26.6
2025/9/16,9:00,27.2
2025/9/16,10:00,30.8
2025/9/16,11:00,30.4
2025/9/16,12:00,31
2025/9/16,13:00,29.9
2025/9/16,14:00,30.2
2025/9/16,15:00,30
2025/9/16,16:00,28.8
2025/9/16,17:00,27.5
2025/9/16,18:00,25.7
2025/9/16,19:00,25.9
2025/9/16,20:00,26.1
2025/9/16,21:00,26.2
2025/9/16,22:00,26.2
2025/9/16,23:00,26.2
2025/9/17,0:00,26.2
2025/9/17,1:00,25.8
2025/9/17,2:00,25.7
2025/9/17,3:00,25.4
2025/9/17,4:00,25.1
2025/9/17,5:00,25
2025/9/17,6:00,25.8
2025/9/17,7:00,28
2025/9/17,8:00,29
2025/9/17,9:00,29.6
2025/9/17,10:00,30
2025/9/17,11:00,29.8
2025/9/17,12:00,30.5
2025/9/17,13:00,30.8
2025/9/17,14:00,31.8
2025/9/17,15:00,30.6
2025/9/17,16:00,30.1
2025/9/17,17:00,28.7
2025/9/17,18:00,27.1
2025/9/17,19:00,27
2025/9/17,20:00,27.7
2025/9/17,21:00,27.9
2025/9/17,22:00,27.4
2025/9/17,23:00,26.9
2025/9/18,0:00,24.4
2025/9/18,1:00,24.1
2025/9/18,2:00,24.4
2025/9/18,3:00,24.3
2025/9/18,4:00,24
2025/9/18,5:00,24.2
2025/9/18,6:00,24.3
2025/9/18,7:00,26.9
2025/9/18,8:00,28.9
2025/9/18,9:00,27.4
2025/9/18,10:00,30.5
2025/9/18,11:00,30.1
2025/9/18,12:00,32.6
2025/9/18,13:00,29.1
2025/9/18,14:00,30.2
2025/9/18,15:00,23.8
2025/9/18,16:00,26.4
2025/9/18,17:00,24.1
2025/9/18,18:00,23.8
2025/9/18,19:00,23.9
2025/9/18,20:00,23.7
2025/9/18,21:00,23.3
2025/9/18,22:00,22.7
2025/9/18,23:00,22.5
2025/9/19,0:00,22.1
2025/9/19,1:00,21.8
2025/9/19,2:00,21.4
2025/9/19,3:00,20
2025/9/19,4:00,19.5
2025/9/19,5:00,18.8
2025/9/19,6:00,18.7
2025/9/19,7:00,19.3
2025/9/19,8:00,19.3
2025/9/19,9:00,19.9
2025/9/19,10:00,20.5
2025/9/19,11:00,21.2
2025/9/19,12:00,21.7
2025/9/19,13:00,23.4
2025/9/19,14:00,21.4
2025/9/19,15:00,21.8
2025/9/19,16:00,20.9
2025/9/19,17:00,20.5
2025/9/19,18:00,20
2025/9/19,19:00,20
2025/9/19,20:00,20
2025/9/19,21:00,20.6
2025/9/19,22:00,20.7
2025/9/19,23:00,20.5
2025/9/20,0:00,20.5
2025/9/20,1:00,20.3
2025/9/20,2:00,20.5
2025/9/20,3:00,20.3
2025/9/20,4:00,20.3
2025/9/20,5:00,19.8
2025/9/20,6:00,20.1
2025/9/20,7:00,20.6
2025/9/20,8:00,21.4
2025/9/20,9:00,21.9
2025/9/20,10:00,22.1
2025/9/20,11:00,22.5
2025/9/20,12:00,23
2025/9/20,13:00,23.7
2025/9/20,14:00,23.2
2025/9/20,15:00,22.7
2025/9/20,16:00,22.3
2025/9/20,17:00,21.7
2025/9/20,18:00,21.7
2025/9/20,19:00,21.8
2025/9/20,20:00,21.7
2025/9/20,21:00,21.1
2025/9/20,22:00,21.1
2025/9/20,23:00,20.9
2025/9/21,0:00,20.8
2025/9/21,1:00,20.8
2025/9/21,2:00,20.9
2025/9/21,3:00,21.1
2025/9/21,4:00,21.1
2025/9/21,5:00,21.2
2025/9/21,6:00,21.6
2025/9/21,7:00,22.5
2025/9/21,8:00,25.5
2025/9/21,9:00,25.9
2025/9/21,10:00,25.7
2025/9/21,11:00,23.3
2025/9/21,12:00,26.3
2025/9/21,13:00,23
2025/9/21,14:00,23.9
2025/9/21,15:00,21.1
2025/9/21,16:00,20.3
2025/9/21,17:00,19.8
2025/9/21,18:00,19.1
2025/9/21,19:00,19
2025/9/21,20:00,18.1
2025/9/21,21:00,17.5
2025/9/21,22:00,17.8
2025/9/21,23:00,17.4
2025/9/22,0:00,17.7
2025/9/22,1:00,18.1
2025/9/22,2:00,18.3
2025/9/22,3:00,18.3
2025/9/22,4:00,18.1
2025/9/22,5:00,17.5
2025/9/22,6:00,16.4
2025/9/22,7:00,18.6
2025/9/22,8:00,20.7
2025/9/22,9:00,21.7
2025/9/22,10:00,22.7
2025/9/22,11:00,21.9
2025/9/22,12:00,22.4
2025/9/22,13:00,21.7
2025/9/22,14:00,21.4
2025/9/22,15:00,19.6
2025/9/22,16:00,18.7
2025/9/22,17:00,17.8
2025/9/22,18:00,17.2
2025/9/22,19:00,17.1
2025/9/22,20:00,17.2
2025/9/22,21:00,17.2
2025/9/22,22:00,17
2025/9/22,23:00,17
2025/9/23,0:00,17.1
2025/9/23,1:00,17.5
2025/9/23,2:00,17.2
2025/9/23,3:00,16.9
2025/9/23,4:00,17.2
2025/9/23,5:00,17.1
2025/9/23,6:00,17.3
2025/9/23,7:00,19.9
2025/9/23,8:00,20.6
2025/9/23,9:00,20.6
2025/9/23,10:00,21.4
2025/9/23,11:00,20.9
2025/9/23,12:00,18.8
2025/9/23,13:00,18.9
2025/9/23,14:00,19.4
2025/9/23,15:00,21.3
2025/9/23,16:00,20.6
2025/9/23,17:00,19.3
2025/9/23,18:00,17.7
2025/9/23,19:00,17.8
2025/9/23,20:00,17.8
2025/9/23,21:00,17.8
2025/9/23,22:00,17.7
2025/9/23,23:00,17.6
2025/9/24,0:00,17.4
2025/9/24,1:00,16.9
2025/9/24,2:00,16.8
2025/9/24,3:00,16.6
2025/9/24,4:00,16.3
2025/9/24,5:00,15.7
2025/9/24,6:00,16
2025/9/24,7:00,18.8
2025/9/24,8:00,20.5
2025/9/24,9:00,20.7
2025/9/24,10:00,21.9
2025/9/24,11:00,22.4
2025/9/24,12:00,21.6
2025/9/24,13:00,21.4
2025/9/24,14:00,21.3
2025/9/24,15:00,22
2025/9/24,16:00,21
2025/9/24,17:00,18.7
2025/9/24,18:00,17.7
2025/9/24,19:00,17.1
2025/9/24,20:00,17.9
2025/9/24,21:00,18.2
2025/9/24,22:00,18.3
2025/9/24,23:00,18.5
2025/9/25,0:00,18.5
2025/9/25,1:00,18.4
2025/9/25,2:00,18.1
2025/9/25,3:00,18.1
2025/9/25,4:00,18
2025/9/25,5:00,17.7
2025/9/25,6:00,18
2025/9/25,7:00,20.3
2025/9/25,8:00,21.7
2025/9/25,9:00,22.8
2025/9/25,10:00,23.4
2025/9/25,11:00,23.9
2025/9/25,12:00,24.3
2025/9/25,13:00,24.7
2025/9/25,14:00,22.6
2025/9/25,15:00,25.2
2025/9/25,16:00,22.1
2025/9/25,17:00,21.4
2025/9/25,18:00,21
2025/9/25,19:00,21.1
2025/9/25,20:00,21.3
2025/9/25,21:00,21
2025/9/25,22:00,20.9
2025/9/25,23:00,20.9
2025/9/26,0:00,20.8
2025/9/26,1:00,20.6
2025/9/26,2:00,20.4
2025/9/26,3:00,20.6
2025/9/26,4:00,20.1
2025/9/26,5:00,20
2025/9/26,6:00,20.5
2025/9/26,7:00,23.3
2025/9/26,8:00,24.8
2025/9/26,9:00,25.5
2025/9/26,10:00,26.3
2025/9/26,11:00,26.3
2025/9/26,12:00,26.6
2025/9/26,13:00,27
2025/9/26,14:00,26.7
2025/9/26,15:00,26.7
2025/9/26,16:00,24.3
2025/9/26,17:00,24.2
2025/9/26,18:00,23.1
2025/9/26,19:00,22.2
2025/9/26,20:00,21.4
2025/9/26,21:00,21.2
2025/9/26,22:00,21.8
2025/9/26,23:00,22.8
2025/9/27,0:00,23
2025/9/27,1:00,22.6
2025/9/27,2:00,22.3
2025/9/27,3:00,22.3
2025/9/27,4:00,22.3
2025/9/27,5:00,22.4
2025/9/27,6:00,22.2
2025/9/27,7:00,22.2
2025/9/27,8:00,21.2
2025/9/27,9:00,23
2025/9/27,10:00,23.6
2025/9/27,11:00,23.9
2025/9/27,12:00,23.4
2025/9/27,13:00,23.5
2025/9/27,14:00,23.4
2025/9/27,15:00,21.3
2025/9/27,16:00,22.6
2025/9/27,17:00,20.7
2025/9/27,18:00,19.1
2025/9/27,19:00,19.1
2025/9/27,20:00,19.1
2025/9/27,21:00,19.3
2025/9/27,22:00,19.2
2025/9/27,23:00,18.9
2025/9/28,0:00,19.3
2025/9/28,1:00,18.7
2025/9/28,2:00,18.9
2025/9/28,3:00,18.9
2025/9/28,4:00,19.2
2025/9/28,5:00,19.1
2025/9/28,6:00,19.4
2025/9/28,7:00,20.2
2025/9/28,8:00,21.2
2025/9/28,9:00,21.9
2025/9/28,10:00,25.1
2025/9/28,11:00,23
2025/9/28,12:00,23.3
2025/9/28,13:00,25.8
2025/9/28,14:00,22.8
2025/9/28,15:00,22.9
2025/9/28,16:00,22
2025/9/28,17:00,22.1
2025/9/28,18:00,22
2025/9/28,19:00,22
2025/9/28,20:00,22.3
2025/9/28,21:00,22.9
2025/9/28,22:00,23.4
2025/9/28,23:00,23.5
2025/9/29,0:00,23.6
2025/9/29,1:00,23.6
2025/9/29,2:00,23.8
2025/9/29,3:00,23.5
2025/9/29,4:00,22.5
2025/9/29,5:00,22.4
2025/9/29,6:00,21.2
2025/9/29,7:00,21.9
2025/9/29,8:00,25.1
2025/9/29,9:00,25.4
2025/9/29,10:00,26.7
2025/9/29,11:00,24.3
2025/9/29,12:00,24.9
2025/9/29,13:00,25.2
2025/9/29,14:00,24.8
2025/9/29,15:00,24.3
2025/9/29,16:00,23.9
2025/9/29,17:00,21.4
2025/9/29,18:00,20.2
2025/9/29,19:00,20.1
2025/9/29,20:00,19.6
2025/9/29,21:00,19.2
2025/9/29,22:00,18.9
2025/9/29,23:00,18.8
2025/9/30,0:00,18.5
2025/9/30,1:00,19.6
2025/9/30,2:00,20.7
2025/9/30,3:00,21.1
2025/9/30,4:00,20.7
2025/9/30,5:00,19.4
2025/9/30,6:00,18
2025/9/30,7:00,18.7
2025/9/30,8:00,18.8
2025/9/30,9:00,21.7
2025/9/30,10:00,22.2
2025/9/30,11:00,22.2
2025/9/30,12:00,22.5
2025/9/30,13:00,22.7
2025/9/30,14:00,22.4
2025/9/30,15:00,22.3
2025/9/30,16:00,22.3
2025/9/30,17:00,20.1
2025/9/30,18:00,20
2025/9/30,19:00,20.2
2025/9/30,20:00,20.4
2025/9/30,21:00,20.4
2025/9/30,22:00,20.3
2025/9/30,23:00,20.4
2025/10/1,0:00,20.4
2025/10/1,1:00,20.6
2025/10/1,2:00,20.8
2025/10/1,3:00,20.8
2025/10/1,4:00,20.1
2025/10/1,5:00,20.1
2025/10/1,6:00,20.2
2025/10/1,7:00,20.8
2025/10/1,8:00,21
2025/10/1,9:00,20.9
2025/10/1,10:00,20.8
2025/10/1,11:00,21.6
2025/10/1,12:00,21.2
2025/10/1,13:00,20.8
2025/10/1,14:00,21.6
2025/10/1,15:00,21
2025/10/1,16:00,20.7
2025/10/1,17:00,20.4
2025/10/1,18:00,19.7
2025/10/1,19:00,19.5
2025/10/1,20:00,19.1
2025/10/1,21:00,19.2
2025/10/1,22:00,18.5
2025/10/1,23:00,18.5
2025/10/2,0:00,18.3
2025/10/2,1:00,17.4
2025/10/2,2:00,17.1
2025/10/2,3:00,17.3
2025/10/2,4:00,16.7
2025/10/2,5:00,16.4
2025/10/2,6:00,16.3
2025/10/2,7:00,19.2
2025/10/2,8:00,20.8
2025/10/2,9:00,21.4
2025/10/2,10:00,21.7
2025/10/2,11:00,23.2
2025/10/2,12:00,22.2
2025/10/2,13:00,22.6
2025/10/2,14:00,21.9
2025/10/2,15:00,20.2
2025/10/2,16:00,21.6
2025/10/2,17:00,18.1
2025/10/2,18:00,18.1
2025/10/2,19:00,18.1
2025/10/2,20:00,18
2025/10/2,21:00,18.2
2025/10/2,22:00,18.6
2025/10/2,23:00,18.6
2025/10/3,0:00,18.2
2025/10/3,1:00,18.4
2025/10/3,2:00,18.3
2025/10/3,3:00,17.6
2025/10/3,4:00,17.1
2025/10/3,5:00,16.8
2025/10/3,6:00,16.6
2025/10/3,7:00,19
2025/10/3,8:00,20.7
2025/10/3,9:00,19.4
2025/10/3,10:00,22
2025/10/3,11:00,20.1
2025/10/3,12:00,20.5
2025/10/3,13:00,21.1
2025/10/3,14:00,20.1
2025/10/3,15:00,19.8
2025/10/3,16:00,19.8
2025/10/3,17:00,19.1
2025/10/3,18:00,18.5
2025/10/3,19:00,19.2
2025/10/3,20:00,18.9
2025/10/3,21:00,18.9
2025/10/3,22:00,19.3
2025/10/3,23:00,18.7
2025/10/4,0:00,18.9
2025/10/4,1:00,18.8
2025/10/4,2:00,18.9
2025/10/4,3:00,18.7
2025/10/4,4:00,18.9
2025/10/4,5:00,18.7
2025/10/4,6:00,18.5
2025/10/4,7:00,19.5
2025/10/4,8:00,20.2
2025/10/4,9:00,20.7
2025/10/4,10:00,21.8
2025/10/4,11:00,21.8
2025/10/4,12:00,21.5
2025/10/4,13:00,21.6
2025/10/4,14:00,21.8
2025/10/4,15:00,22
2025/10/4,16:00,21
2025/10/4,17:00,20.8
2025/10/4,18:00,20.5
2025/10/4,19:00,20.3
2025/10/4,20:00,20.5
2025/10/4,21:00,20.3
2025/10/4,22:00,20.5
2025/10/4,23:00,20
2025/10/5,0:00,19.9
2025/10/5,1:00,20.1
2025/10/5,2:00,20.1
2025/10/5,3:00,20.1
2025/10/5,4:00,20.1
2025/10/5,5:00,19.7
2025/10/5,6:00,19.4
2025/10/5,7:00,20.1
2025/10/5,8:00,21.5
2025/10/5,9:00,23.6
2025/10/5,10:00,24.6
2025/10/5,11:00,23.9
2025/10/5,12:00,26.1
2025/10/5,13:00,25.7
2025/10/5,14:00,24
2025/10/5,15:00,23.9
2025/10/5,16:00,23.7
2025/10/5,17:00,22.6
2025/10/5,18:00,22.9
2025/10/5,19:00,22.7
2025/10/5,20:00,22.6
2025/10/5,21:00,22.2
2025/10/5,22:00,22.2
2025/10/5,23:00,22.2
2025/10/6,0:00,22.1
2025/10/6,1:00,22.1
2025/10/6,2:00,22.1
2025/10/6,3:00,22
2025/10/6,4:00,22
2025/10/6,5:00,21.9
2025/10/6,6:00,21.7
2025/10/6,7:00,23.8
2025/10/6,8:00,23.7
2025/10/6,9:00,23.8
2025/10/6,10:00,26.6
2025/10/6,11:00,26.2
2025/10/6,12:00,24.4
2025/10/6,13:00,23.4
2025/10/6,14:00,23.4
2025/10/6,15:00,22.5
2025/10/6,16:00,21.7
2025/10/6,17:00,20.3
2025/10/6,18:00,20
2025/10/6,19:00,19.6
2025/10/6,20:00,19.4
2025/10/6,21:00,19.5
2025/10/6,22:00,19.3
2025/10/6,23:00,19.1
2025/10/7,0:00,18.7
2025/10/7,1:00,18.3
2025/10/7,2:00,18
2025/10/7,3:00,18
2025/10/7,4:00,17.6
2025/10/7,5:00,17.5
2025/10/7,6:00,17.4
2025/10/7,7:00,17.8
2025/10/7,8:00,18.6
2025/10/7,9:00,19.1
2025/10/7,10:00,19.2
2025/10/7,11:00,19.8
2025/10/7,12:00,20.1
2025/10/7,13:00,20.1
2025/10/7,14:00,20.2
2025/10/7,15:00,19.3
2025/10/7,16:00,18.8
2025/10/7,17:00,18.5
2025/10/7,18:00,18.5
2025/10/7,19:00,18.4
2025/10/7,20:00,17.9
2025/10/7,21:00,18.1
2025/10/7,22:00,17.6
2025/10/7,23:00,17.7
2025/10/8,0:00,17.7
2025/10/8,1:00,17.5
2025/10/8,2:00,17.5
2025/10/8,3:00,17.7
2025/10/8,4:00,17.8
2025/10/8,5:00,17.6
2025/10/8,6:00,17.5
2025/10/8,7:00,19.6
2025/10/8,8:00,21.3
2025/10/8,9:00,22.9
2025/10/8,10:00,23.2
2025/10/8,11:00,24.1
2025/10/8,12:00,24
2025/10/8,13:00,24.6
2025/10/8,14:00,24.6
2025/10/8,15:00,22.1
2025/10/8,16:00,21.8
2025/10/8,17:00,21.3
2025/10/8,18:00,21.1
2025/10/8,19:00,20.8
2025/10/8,20:00,21
2025/10/8,21:00,21.4
2025/10/8,22:00,21.3
2025/10/8,23:00,21.2
2025/10/9,0:00,21.5
2025/10/9,1:00,21
2025/10/9,2:00,21.2
2025/10/9,3:00,20.9
2025/10/9,4:00,19.3
2025/10/9,5:00,19.4
2025/10/9,6:00,19.5
2025/10/9,7:00,19.7
2025/10/9,8:00,18.3
2025/10/9,9:00,18.7
2025/10/9,10:00,18.3
2025/10/9,11:00,18.2
2025/10/9,12:00,18.4
2025/10/9,13:00,18.2
2025/10/9,14:00,17.7
2025/10/9,15:00,17.5
2025/10/9,16:00,17
2025/10/9,17:00,16.3
2025/10/9,18:00,15.5
2025/10/9,19:00,14.6
2025/10/9,20:00,14.4
2025/10/9,21:00,14
2025/10/9,22:00,14.2
2025/10/9,23:00,14
2025/10/10,0:00,13.9
2025/10/10,1:00,14.2
2025/10/10,2:00,14.2
2025/10/10,3:00,13.8
2025/10/10,4:00,14.3
2025/10/10,5:00,14.4
2025/10/10,6:00,14.4
2025/10/10,7:00,14.8
2025/10/10,8:00,15.8
2025/10/10,9:00,16.1
2025/10/10,10:00,18.5
2025/10/10,11:00,19.1
2025/10/10,12:00,19.8
2025/10/10,13:00,20.2
2025/10/10,14:00,19.2
2025/10/10,15:00,19.2
2025/10/10,16:00,17
2025/10/10,17:00,16.6
2025/10/10,18:00,16.3
2025/10/10,19:00,16.3
2025/10/10,20:00,16.7
2025/10/10,21:00,16.6
2025/10/10,22:00,16.7
2025/10/10,23:00,16.8
2025/10/11,0:00,16.7
2025/10/11,1:00,16.3
2025/10/11,2:00,16
2025/10/11,3:00,15.9
2025/10/11,4:00,15.7
2025/10/11,5:00,15.7
2025/10/11,6:00,15.8
2025/10/11,7:00,16.4
2025/10/11,8:00,17
2025/10/11,9:00,17.7
2025/10/11,10:00,18.1
2025/10/11,11:00,17.8
2025/10/11,12:00,18.2
2025/10/11,13:00,18.1
2025/10/11,14:00,17.7
2025/10/11,15:00,17.4
2025/10/11,16:00,16.9
2025/10/11,17:00,16.2
2025/10/11,18:00,15.9
2025/10/11,19:00,15.9
2025/10/11,20:00,16
2025/10/11,21:00,15.9
2025/10/11,22:00,16
2025/10/11,23:00,15.9
2025/10/12,0:00,15.9
2025/10/12,1:00,16
2025/10/12,2:00,15.9
2025/10/12,3:00,16.1
2025/10/12,4:00,16.2
2025/10/12,5:00,16.2
2025/10/12,6:00,15.9
2025/10/12,7:00,17.9
2025/10/12,8:00,18.6
2025/10/12,9:00,20.5
2025/10/12,10:00,21.6
2025/10/12,11:00,21.7
2025/10/12,12:00,21.9
2025/10/12,13:00,22.3
2025/10/12,14:00,22.4
2025/10/12,15:00,22.6
2025/10/12,16:00,21.8
2025/10/12,17:00,20.7
2025/10/12,18:00,19.6
2025/10/12,19:00,19
2025/10/12,20:00,19.4
2025/10/12,21:00,19.9
2025/10/12,22:00,19
2025/10/12,23:00,18.6
2025/10/13,0:00,18.4
2025/10/13,1:00,18.5
2025/10/13,2:00,18.5
2025/10/13,3:00,18.1
2025/10/13,4:00,18
2025/10/13,5:00,18
2025/10/13,6:00,17.9
2025/10/13,7:00,18.7
2025/10/13,8:00,19.4
2025/10/13,9:00,20.5
2025/10/13,10:00,21
2025/10/13,11:00,23.6
2025/10/13,12:00,24.5
2025/10/13,13:00,23
2025/10/13,14:00,24.5
2025/10/13,15:00,24.3
2025/10/13,16:00,20.8
2025/10/13,17:00,20.2
2025/10/13,18:00,19.6
2025/10/13,19:00,19.1
2025/10/13,20:00,18.8
2025/10/13,21:00,18.7
2025/10/13,22:00,18.5
2025/10/13,23:00,18.4
2025/10/14,0:00,18.2
2025/10/14,1:00,17.4
2025/10/14,2:00,16.7
2025/10/14,3:00,16.3
2025/10/14,4:00,16.2
2025/10/14,5:00,15.6
2025/10/14,6:00,15.8
2025/10/14,7:00,16.6
2025/10/14,8:00,17.4
2025/10/14,9:00,17.4
2025/10/14,10:00,17.4
2025/10/14,11:00,17.9
2025/10/14,12:00,17.4
2025/10/14,13:00,17.2
2025/10/14,14:00,17.5
2025/10/14,15:00,16.8
2025/10/14,16:00,16.9
2025/10/14,17:00,16.3
2025/10/14,18:00,16.4
2025/10/14,19:00,15.5
2025/10/14,20:00,15.6
2025/10/14,21:00,15.9
2025/10/14,22:00,15.4
2025/10/14,23:00,15.6
2025/10/15,0:00,15.7
2025/10/15,1:00,15.5
2025/10/15,2:00,15.4
2025/10/15,3:00,15
2025/10/15,4:00,15.1
2025/10/15,5:00,15
2025/10/15,6:00,15.4
2025/10/15,7:00,16.2
2025/10/15,8:00,16.7
2025/10/15,9:00,17.5
2025/10/15,10:00,17.8
2025/10/15,11:00,18.2
2025/10/15,12:00,22.1
2025/10/15,13:00,19.1
2025/10/15,14:00,19.1
2025/10/15,15:00,18.8
2025/10/15,16:00,18.7
2025/10/15,17:00,17.9
2025/10/15,18:00,17.6
2025/10/15,19:00,17.3
2025/10/15,20:00,17.3
2025/10/15,21:00,16.8
2025/10/15,22:00,17.1
2025/10/15,23:00,17
2025/10/16,0:00,16.9
2025/10/16,1:00,16.8
2025/10/16,2:00,17.1
2025/10/16,3:00,16.9
2025/10/16,4:00,16.3
2025/10/16,5:00,16.1
2025/10/16,6:00,16.2
2025/10/16,7:00,17
2025/10/16,8:00,17.7
2025/10/16,9:00,18.2
2025/10/16,10:00,18.8
2025/10/16,11:00,19.1
2025/10/16,12:00,19.5
2025/10/16,13:00,19.6
2025/10/16,14:00,19.9
2025/10/16,15:00,19.8
2025/10/16,16:00,19.5
2025/10/16,17:00,18
2025/10/16,18:00,17.7
2025/10/16,19:00,18
2025/10/16,20:00,18.1
2025/10/16,21:00,18
2025/10/16,22:00,18.1
2025/10/16,23:00,18
2025/10/17,0:00,18.1
2025/10/17,1:00,17.5
2025/10/17,2:00,17.7
2025/10/17,3:00,17.2
2025/10/17,4:00,17.3
2025/10/17,5:00,17.4
2025/10/17,6:00,17.1
2025/10/17,7:00,18.8
2025/10/17,8:00,19.7
2025/10/17,9:00,19.7
2025/10/17,10:00,19.8
2025/10/17,11:00,20.4
2025/10/17,12:00,21.3
2025/10/17,13:00,21.9
2025/10/17,14:00,21.3
2025/10/17,15:00,20.6
2025/10/17,16:00,19.3
2025/10/17,17:00,17.2
2025/10/17,18:00,16.7
2025/10/17,19:00,16.4
2025/10/17,20:00,16.8
2025/10/17,21:00,16.7
2025/10/17,22:00,16.3
2025/10/17,23:00,15.5
2025/10/18,0:00,15.3
2025/10/18,1:00,15.8
2025/10/18,2:00,14.6
2025/10/18,3:00,14.4
2025/10/18,4:00,14.3
2025/10/18,5:00,13.7
2025/10/18,6:00,13.7
2025/10/18,7:00,15.2
2025/10/18,8:00,16.2
2025/10/18,9:00,19.7
2025/10/18,10:00,20.9
2025/10/18,11:00,20.6
2025/10/18,12:00,22.5
2025/10/18,13:00,23.5
2025/10/18,14:00,23.1
2025/10/18,15:00,21
2025/10/18,16:00,20.8
2025/10/18,17:00,20.3
2025/10/18,18:00,19.6
2025/10/18,19:00,20
2025/10/18,20:00,18.7
2025/10/18,21:00,18.3
2025/10/18,22:00,17.7
2025/10/18,23:00,17.7
2025/10/19,0:00,17.6
2025/10/19,1:00,17.3
2025/10/19,2:00,16.9
2025/10/19,3:00,17
2025/10/19,4:00,17.3
2025/10/19,5:00,17.3
2025/10/19,6:00,17.5
2025/10/19,7:00,18
2025/10/19,8:00,18.3
2025/10/19,9:00,19
2025/10/19,10:00,19
2025/10/19,11:00,18.9
2025/10/19,12:00,20
2025/10/19,13:00,19.5
2025/10/19,14:00,18.4
2025/10/19,15:00,17.5
2025/10/19,16:00,16.6
2025/10/19,17:00,16
2025/10/19,18:00,15.1
2025/10/19,19:00,15
2025/10/19,20:00,14.9
2025/10/19,21:00,15.2
2025/10/19,22:00,14.9
2025/10/19,23:00,14.7
2025/10/20,0:00,14.9
2025/10/20,1:00,14.9
2025/10/20,2:00,15.2
2025/10/20,3:00,15.1
2025/10/20,4:00,15.2
2025/10/20,5:00,15.3
2025/10/20,6:00,15.3
2025/10/20,7:00,15.9
2025/10/20,8:00,16.2
2025/10/20,9:00,16.4
2025/10/20,10:00,17.6
2025/10/20,11:00,18.2
2025/10/20,12:00,18.2
2025/10/20,13:00,18.6
2025/10/20,14:00,19.5
2025/10/20,15:00,19
2025/10/20,16:00,18.6
2025/10/20,17:00,18.3
2025/10/20,18:00,18.3
2025/10/20,19:00,18
2025/10/20,20:00,16.7
2025/10/20,21:00,16
2025/10/20,22:00,16.1
2025/10/20,23:00,15.2
2025/10/21,0:00,14.9
2025/10/21,1:00,14.3
2025/10/21,2:00,13.3
2025/10/21,3:00,13.8
2025/10/21,4:00,13.6
2025/10/21,5:00,12.7
2025/10/21,6:00,12.9
2025/10/21,7:00,13.1
2025/10/21,8:00,12.7
2025/10/21,9:00,13.4
2025/10/21,10:00,12.4
2025/10/21,11:00,12.8
2025/10/21,12:00,12.8
2025/10/21,13:00,13
2025/10/21,14:00,13
2025/10/21,15:00,12.4
2025/10/21,16:00,12.1
2025/10/21,17:00,11.4
2025/10/21,18:00,11.4
2025/10/21,19:00,11.5
2025/10/21,20:00,11.4
2025/10/21,21:00,11.5
2025/10/21,22:00,11.9
2025/10/21,23:00,12.1
2025/10/22,0:00,12.1
2025/10/22,1:00,11.9
2025/10/22,2:00,12.3
2025/10/22,3:00,12.1
2025/10/22,4:00,11.3
2025/10/22,5:00,11.3
2025/10/22,6:00,11.6
2025/10/22,7:00,12.1
2025/10/22,8:00,12
2025/10/22,9:00,12.4
2025/10/22,10:00,12.2
2025/10/22,11:00,11.7
2025/10/22,12:00,12.3
2025/10/22,13:00,13
2025/10/22,14:00,12
2025/10/22,15:00,11.6
2025/10/22,16:00,11.6
2025/10/22,17:00,11.2
2025/10/22,18:00,11.3
2025/10/22,19:00,11.5
2025/10/22,20:00,11.5
2025/10/22,21:00,11.7
2025/10/22,22:00,11.6
2025/10/22,23:00,11.5
2025/10/23,0:00,11.2
2025/10/23,1:00,11.1
2025/10/23,2:00,10.9
2025/10/23,3:00,10.9
2025/10/23,4:00,10.7
2025/10/23,5:00,10.6
2025/10/23,6:00,10.3
2025/10/23,7:00,10.8
2025/10/23,8:00,11.5
2025/10/23,9:00,11.4
2025/10/23,10:00,11.9
2025/10/23,11:00,12.2
2025/10/23,12:00,14.3
2025/10/23,13:00,14.5
2025/10/23,14:00,15.4
2025/10/23,15:00,14.7
2025/10/23,16:00,14.1
2025/10/23,17:00,12.3
2025/10/23,18:00,12
2025/10/23,19:00,11.8
2025/10/23,20:00,11.7
2025/10/23,21:00,11.1
2025/10/23,22:00,10.5
2025/10/23,23:00,9.9
2025/10/24,0:00,9.5
2025/10/24,1:00,9.5
2025/10/24,2:00,9.7
2025/10/24,3:00,9.8
2025/10/24,4:00,10.1
2025/10/24,5:00,9.5
2025/10/24,6:00,9.6
2025/10/24,7:00,10.4
2025/10/24,8:00,12
2025/10/24,9:00,13.3
2025/10/24,10:00,14.5
2025/10/24,11:00,12.9
2025/10/24,12:00,12.6
2025/10/24,13:00,12.2
2025/10/24,14:00,13.4
2025/10/24,15:00,13.2
2025/10/24,16:00,12.8
2025/10/24,17:00,12.2
2025/10/24,18:00,12.3
2025/10/24,19:00,12.8
2025/10/24,20:00,12.3
2025/10/24,21:00,12
2025/10/24,22:00,12.2
2025/10/24,23:00,12.2
2025/10/25,0:00,12
2025/10/25,1:00,12.1
2025/10/25,2:00,12.1
2025/10/25,3:00,12.1
2025/10/25,4:00,11.9
2025/10/25,5:00,12.2
2025/10/25,6:00,12
2025/10/25,7:00,12.5
2025/10/25,8:00,12.7
2025/10/25,9:00,13.4
2025/10/25,10:00,13.7
2025/10/25,11:00,13.9
2025/10/25,12:00,13.8
2025/10/25,13:00,13.7
2025/10/25,14:00,13.9
2025/10/25,15:00,13.9
2025/10/25,16:00,13.6
2025/10/25,17:00,12.9
2025/10/25,18:00,13
2025/10/25,19:00,12.9
2025/10/25,20:00,13
2025/10/25,21:00,13.1
2025/10/25,22:00,13.3
2025/10/25,23:00,13.4
2025/10/26,0:00,13.3
2025/10/26,1:00,13.5
2025/10/26,2:00,13.6
2025/10/26,3:00,13.6
2025/10/26,4:00,13.7
2025/10/26,5:00,13.6
2025/10/26,6:00,13.7
2025/10/26,7:00,13.9
2025/10/26,8:00,14.6
2025/10/26,9:00,15.1
2025/10/26,10:00,15.7
2025/10/26,11:00,16.3
2025/10/26,12:00,16.5
2025/10/26,13:00,16.8
2025/10/26,14:00,16.9
2025/10/26,15:00,16.8
2025/10/26,16:00,16.3
2025/10/26,17:00,16
2025/10/26,18:00,15.9
2025/10/26,19:00,16
2025/10/26,20:00,16.1
2025/10/26,21:00,16.2
2025/10/26,22:00,16.3
2025/10/26,23:00,16.1
2025/10/27,0:00,15.6
2025/10/27,1:00,15.3
2025/10/27,2:00,14.7
2025/10/27,3:00,14.6
2025/10/27,4:00,14.2
2025/10/27,5:00,14.9
2025/10/27,6:00,14.2
2025/10/27,7:00,15.5
2025/10/27,8:00,17.8
2025/10/27,9:00,17.7
2025/10/27,10:00,18.2
2025/10/27,11:00,18.9
2025/10/27,12:00,19.3
2025/10/27,13:00,19
2025/10/27,14:00,19.4
2025/10/27,15:00,16.1
2025/10/27,16:00,16.5
2025/10/27,17:00,15.7
2025/10/27,18:00,14.6
2025/10/27,19:00,14.2
2025/10/27,20:00,12.9
2025/10/27,21:00,12.6
2025/10/27,22:00,12.2
2025/10/27,23:00,12
2025/10/28,0:00,11.3
2025/10/28,1:00,11
2025/10/28,2:00,10.4
2025/10/28,3:00,10
2025/10/28,4:00,9.8
2025/10/28,5:00,9.2
2025/10/28,6:00,8.7
2025/10/28,7:00,10.7
2025/10/28,8:00,12.2
2025/10/28,9:00,13.2
2025/10/28,10:00,14.2
2025/10/28,11:00,13.1
2025/10/28,12:00,13.3
2025/10/28,13:00,12.5
2025/10/28,14:00,13.2
2025/10/28,15:00,14.5
2025/10/28,16:00,12.9
2025/10/28,17:00,11.1
2025/10/28,18:00,9.7
2025/10/28,19:00,9.1
2025/10/28,20:00,8.3
2025/10/28,21:00,8.1
2025/10/28,22:00,8.2
2025/10/28,23:00,7.9
2025/10/29,0:00,7.4
2025/10/29,1:00,7.4
2025/10/29,2:00,7.4
2025/10/29,3:00,6.9
2025/10/29,4:00,6.6
2025/10/29,5:00,6.8
2025/10/29,6:00,6.7
2025/10/29,7:00,7
2025/10/29,8:00,9.8
2025/10/29,9:00,11.8
2025/10/29,10:00,12.8
2025/10/29,11:00,12.9
2025/10/29,12:00,14.3
2025/10/29,13:00,13.8
2025/10/29,14:00,10.9
2025/10/29,15:00,11
2025/10/29,16:00,11.8
2025/10/29,17:00,10.4
2025/10/29,18:00,10.2
2025/10/29,19:00,10
2025/10/29,20:00,9.4
2025/10/29,21:00,9.3
2025/10/29,22:00,9.4
2025/10/29,23:00,8.9
2025/10/30,0:00,8.4
2025/10/30,1:00,7.6
2025/10/30,2:00,8.3
2025/10/30,3:00,8.1
2025/10/30,4:00,8.4
2025/10/30,5:00,8.3
2025/10/30,6:00,8.6
2025/10/30,7:00,9.1
2025/10/30,8:00,10.8
2025/10/30,9:00,12.3
2025/10/30,10:00,13
2025/10/30,11:00,14
2025/10/30,12:00,15.3
2025/10/30,13:00,15.2
2025/10/30,14:00,15.2
2025/10/30,15:00,15.3
2025/10/30,16:00,14.1
2025/10/30,17:00,11.9
2025/10/30,18:00,11.1
2025/10/30,19:00,10.8
2025/10/30,20:00,11.3
2025/10/30,21:00,10.5
2025/10/30,22:00,10.1
2025/10/30,23:00,9.9
2025/10/31,0:00,9.8
2025/10/31,1:00,9.9
2025/10/31,2:00,10
2025/10/31,3:00,10.2
2025/10/31,4:00,10.3
2025/10/31,5:00,10.3
2025/10/31,6:00,10
2025/10/31,7:00,10.5
2025/10/31,8:00,11.7
2025/10/31,9:00,12.2
2025/10/31,10:00,13.5
2025/10/31,11:00,14
2025/10/31,12:00,13.8
2025/10/31,13:00,13.7
2025/10/31,14:00,13.7
2025/10/31,15:00,13.2
2025/10/31,16:00,13.2
2025/10/31,17:00,13.5
2025/10/31,18:00,13.1
2025/10/31,19:00,13.6
2025/10/31,20:00,13.6
2025/10/31,21:00,13.2
2025/10/31,22:00,13
2025/10/31,23:00,12.7
2025/11/1,0:00,12.7
